city,year,make,model,price,condition,odometer,fuel,transmission,url,title,source_file
ottawa,2012,kia,sedona,5000.0,good,176000,gas,automatic,https://ottawa.craigslist.org/cto/d/ottawa-seater-kia-sedona-for-sale/7889460399.html,7 seater Kia Sedona for sale,craigslist_ottawa.csv
ottawa,1959,chevrolet,corvette,6500.0,good,142887,gas,automatic,https://ottawa.craigslist.org/cto/d/renfrew-1959-chevrolet-corvette/7889169769.html,1959 chevrolet corvette,craigslist_ottawa.csv
ottawa,1985,Toyota,?,45000.0,good,350000,diesel,manual,https://ottawa.craigslist.org/cto/d/fabreville-toyota/7889054531.html,Toyota,craigslist_ottawa.csv
ottawa,2015,gmc,yukon,8000.0,like new,92,gas,automatic,https://ottawa.craigslist.org/cto/d/ottawa-gmc-denali/7888667196.html,Gmc Denali,craigslist_ottawa.csv
ottawa,1974,lotus,europa,5500.0,excellent,145000,gas,manual,https://ottawa.craigslist.org/cto/d/renfrew-1974-lotus-europia-special/7887807070.html,1974 lotus europia special,craigslist_ottawa.csv
ottawa,1999,land,rover defender,51900.0,good,154000,diesel,manual,https://ottawa.craigslist.org/cto/d/kanata-rare-1999-land-rover-defender-90/7863028737.html,Rare 1999 Land Rover Defender 90 Turbo 2.5L Heritage Special Edition,craigslist_ottawa.csv
ottawa,2011,Audi,Q5 Premium Plus,3000.0,salvage,148000,gas,automatic,https://ottawa.craigslist.org/cto/d/hull-southwest-2011-audi-q5-premium/7887126885.html,2011 Audi Q5 Premium Plus For Sale,craigslist_ottawa.csv
ottawa,1980,1980ford,Shay,18500.0,excellent,13200,gas,manual,https://ottawa.craigslist.org/cto/d/stittsville-1980-ford-shay/7886182518.html,1980 Ford shay,craigslist_ottawa.csv
ottawa,2019,Hyundai,Tucson,16007.0,excellent,160165,gas,automatic,https://ottawa.craigslist.org/ctd/d/pembroke-2019-hyundai-tucson-preferred/7885827116.html,"2019 Hyundai Tucson Preferred – Clean, Reliable SUV",craigslist_ottawa.csv
ottawa,2022,KZ-RV,Sportsmen,17998.0,like new,1,other,other,https://ottawa.craigslist.org/ctd/d/pembroke-2022-sportsmen-191bhk-family/7885752643.html,"2022 Sportsmen 191BHK – Family Bunkhouse, 22ft, Easy Tow",craigslist_ottawa.csv
ottawa,2013,mercedes,benz g63 amg,55000.0,excellent,98000,gas,automatic,https://ottawa.craigslist.org/cto/d/ottawa-2013-mercedes-benz-63-amg/7885330064.html,2013 Mercedes-Benz G 63 AMG,craigslist_ottawa.csv
ottawa,2020,BMW,M5 Competition,109999.0,like new,53000,gas,automatic,https://ottawa.craigslist.org/cto/d/rideau-lakes-area-2020-bmw-m5/7885108714.html,"2020 BMW M5 Competition | Immaculate | 53,000 km | New Tires",craigslist_ottawa.csv
ottawa,2018,hyundai,kona,20000.0,good,160000,gas,automatic,https://ottawa.craigslist.org/cto/d/val-des-monts-hyundai-kona/7882878961.html,Hyundai Kona,craigslist_ottawa.csv
vancouver,1989,Race,Car Model,350.0,good,350.0,other,other,https://vancouver.craigslist.org/van/cto/d/vancouver-race-car-poster-print/7867294276.html,Race Car Poster Print,craigslist_vancouver.csv
vancouver,2024,toyota,prius prime xle,36888.0,,41684.0,hybrid,automatic,https://vancouver.craigslist.org/van/cto/d/vancouver-2024-toyota-prius-xle/7889817125.html,2024 Toyota Prius XLE,craigslist_vancouver.csv
vancouver,2018,mercedes-benz,e-class,66888.0,,132818.0,gas,automatic,https://vancouver.craigslist.org/van/cto/d/coquitlam-2018-mercedes-benz-class-amg/7889816989.html,2018 Mercedes-Benz E-Class AMG E 63 S,craigslist_vancouver.csv
vancouver,1972,Consoldated,?,5000.0,good,1234.0,diesel,manual,https://vancouver.craigslist.org/rds/cto/d/kelowna-1972-us-military-gamma-goat/7879396343.html,1972 US military gamma goat,craigslist_vancouver.csv
vancouver,2020,mercedes-benz,glc glc 300,38888.0,,75960.0,gas,automatic,https://vancouver.craigslist.org/van/cto/d/coquitlam-2020-mercedes-benz-glc-glc-300/7889816450.html,2020 Mercedes-Benz GLC GLC 300,craigslist_vancouver.csv
vancouver,2015,lamborghini,huracan,280000.0,excellent,32000.0,gas,automatic,https://vancouver.craigslist.org/rch/cto/d/richmond-2015-lamborghini-huracn-lp610/7889816411.html,2015 Lamborghini Huracán LP610-4 Coupe – Canada’s Only LBWK Widebody,craigslist_vancouver.csv
vancouver,2017,maserati,levante,38688.0,,92000.0,gas,automatic,https://vancouver.craigslist.org/bnc/cto/d/vancouver-2017-maserati-levante/7889815726.html,2017 Maserati Levante S,craigslist_vancouver.csv
vancouver,2012,mini,cooper s,9900.0,good,193000.0,gas,automatic,https://vancouver.craigslist.org/rds/cto/d/surrey-2012-mini-cooper-automatic/7889815503.html,"2012 Mini Cooper S, automatic",craigslist_vancouver.csv
vancouver,2002,nissan,versa sl,4450.0,excellent,223000.0,gas,manual,https://vancouver.craigslist.org/van/cto/d/vancouver-2008-nissan-vera-sl-runs/7881131145.html,2008 nissan vera sl runs great ! Good on gas,craigslist_vancouver.csv
vancouver,2008,nissan,versa sl,4250.0,excellent,230000.0,gas,automatic,https://vancouver.craigslist.org/van/cto/d/vancouver-2008-nissan-versa-sl/7880872607.html,2008 nissan versa SL,craigslist_vancouver.csv
vancouver,2020,Mercedes-Benz,GLA 250,118.0,,60648.0,gas,automatic,https://vancouver.craigslist.org/van/cto/d/vancouver-2020-mercedes-benz-gla-250/7889815108.html,2020 Mercedes-Benz GLA 250,craigslist_vancouver.csv
vancouver,2014,Ford,F-150,13500.0,excellent,233000.0,gas,automatic,https://vancouver.craigslist.org/nvn/cto/d/north-vancouver-northwest-central-2014/7889814962.html,2014 Ford F-150 Supercab HDPP with 8' box Xtra Clean,craigslist_vancouver.csv
vancouver,2020,jaguar,f-pace,27888.0,,103388.0,gas,automatic,https://vancouver.craigslist.org/van/cto/d/vancouver-2020-jaguar-pace-300-sport/7889814865.html,2020 Jaguar F-Pace 300 SPORT,craigslist_vancouver.csv
vancouver,2019,land,rover range rover sport,43888.0,,70877.0,diesel,automatic,https://vancouver.craigslist.org/van/cto/d/vancouver-2019-land-rover-range-rover/7889814261.html,2019 Land Rover Range Rover Sport HSE,craigslist_vancouver.csv
vancouver,2023,mercedes-benz,c-class,55888.0,,58371.0,gas,automatic,https://vancouver.craigslist.org/van/cto/d/vancouver-2023-mercedes-benz-class-amg/7889813581.html,2023 Mercedes-Benz C-Class AMG C 43,craigslist_vancouver.csv
vancouver,2012,subaru,outback,14000.0,excellent,149000.0,gas,automatic,https://vancouver.craigslist.org/nvn/cto/d/west-vancouver-2012-subaru-outback/7889813577.html,2012 Subaru Outback,craigslist_vancouver.csv
vancouver,2019,bmw,x3 xdrive30i,24888.0,,57942.0,gas,automatic,https://vancouver.craigslist.org/van/cto/d/vancouver-2019-bmw-x3-xdrive30i/7889812789.html,2019 BMW X3 xDrive30i,craigslist_vancouver.csv
vancouver,2015,Volkswagen,Jetta 1.8 TSI Highline,11600.0,excellent,146598.0,gas,automatic,https://vancouver.craigslist.org/rch/cto/d/richmond-2015-volkswagen-jetta-highline/7889811932.html,2015 Volkswagen Jetta - Highline 1.8 TSI,craigslist_vancouver.csv
vancouver,2007,ford,explorer,5000.0,good,185000.0,gas,automatic,https://vancouver.craigslist.org/van/cto/d/vancouver-2007-ford-explorer/7889811628.html,2007 ford explorer,craigslist_vancouver.csv
vancouver,2011,mercedes,benz c350,18000.0,like new,32000.0,gas,automatic,https://vancouver.craigslist.org/van/cto/d/vancouver-2011-mercedes-amg-c350-4matic/7886131868.html,"2011 Mercedes AMG C350 4MATIC, 32,428 KM",craigslist_vancouver.csv
vancouver,2010,hyundai,accent,4000.0,,192000.0,gas,automatic,https://vancouver.craigslist.org/van/cto/d/vancouver-2010-hyundai-accent/7889811154.html,2010 Hyundai Accent - Maintenance FREE for Miles,craigslist_vancouver.csv
vancouver,2008,ford,ranger,16000.0,like new,14428.0,gas,automatic,https://vancouver.craigslist.org/van/cto/d/vancouver-2008-ford-ranger-auto/7888163476.html,"2008 Ford Ranger Auto 14,428 Original KM",craigslist_vancouver.csv
vancouver,2013,Mitsubishi,I-miev,6999.0,excellent,26000.0,electric,automatic,https://vancouver.craigslist.org/bnc/cto/d/burnaby-2013-mitsubishi-miev-electric/7886210715.html,2013 Mitsubishi I-Miev Electric Car,craigslist_vancouver.csv
vancouver,2014,Toyota,Prius V,16999.0,good,195500.0,hybrid,automatic,https://vancouver.craigslist.org/bnc/cto/d/burnaby-2014-toyota-prius/7889364917.html,2014 Toyota Prius V,craigslist_vancouver.csv
vancouver,2010,honda,fit sport,12000.0,good,101000.0,gas,automatic,https://vancouver.craigslist.org/bnc/cto/d/new-westminster-2010-honda-fit-sport/7889808685.html,2010 Honda Fit Sport,craigslist_vancouver.csv
vancouver,2010,volkswagen,golf gti,12500.0,good,158000.0,gas,manual,https://vancouver.craigslist.org/van/cto/d/vancouver-2010-volkswagen-golf-gti/7889808668.html,2010 Volkswagen Golf GTI,craigslist_vancouver.csv
vancouver,2011,land,rover range rover supercharged,21900.0,excellent,203000.0,gas,automatic,https://vancouver.craigslist.org/rds/cto/d/surrey-outer-northwest-2011-range-rover/7877918001.html,2011 Range Rover Supercharged (Full Size),craigslist_vancouver.csv
vancouver,2013,Lexus,RX 450h,19950.0,good,207000.0,hybrid,automatic,https://vancouver.craigslist.org/van/cto/d/vancouver-lexus-2013-rx450h/7889807753.html,Lexus 2013 RX450h,craigslist_vancouver.csv
vancouver,2022,F-150,Tremor SuperCrew 5.5' Box,59900.0,excellent,34000.0,gas,automatic,https://vancouver.craigslist.org/rch/cto/d/richmond-2022-ford-150-tremor-4wd/7889806602.html,2022 Ford F-150 Tremor 4WD SuperCrew 5.5' Box 34k only!,craigslist_vancouver.csv
vancouver,2016,toyota,rav4,22800.0,good,140583.0,gas,automatic,https://vancouver.craigslist.org/rch/cto/d/port-coquitlam-north-2016-toyota-rav4/7889806321.html,2016 Toyota Rav4 Ltd For Sale,craigslist_vancouver.csv
vancouver,2000,Honda,?,4500.0,good,340000.0,gas,manual,https://vancouver.craigslist.org/van/cto/d/vancouver-2000-honda-crv-manual/7889804999.html,2000 Honda CRV  Manual  Transmission  New clutch,craigslist_vancouver.csv
vancouver,2016,Toyota,Sienna,27900.0,excellent,155000.0,gas,automatic,https://vancouver.craigslist.org/rch/cto/d/richmond-2016-toyota-sienna-limited-awd/7878340055.html,"2016 Toyota sienna Limited AWD, top of the line!",craigslist_vancouver.csv
vancouver,2016,toyota,rav4,13850.0,excellent,84000.0,gas,automatic,https://vancouver.craigslist.org/bnc/cto/d/burnaby-toyota-rav-all-wheel-drive/7889802983.html,TOYOTA RAV 4 2016 ALL WHEEL DRIVE,craigslist_vancouver.csv
vancouver,2019,Nissan,Rogue,14900.0,excellent,133000.0,gas,automatic,https://vancouver.craigslist.org/rch/cto/d/richmond-2019-nissan-rogue-awd-apple/7887955817.html,"2019 NISSAN ROGUE S AWD, Apple car play",craigslist_vancouver.csv
vancouver,1999,toyota,4runner,14400.0,good,271000.0,gas,automatic,https://vancouver.craigslist.org/van/cto/d/vancouver-runner-sr5/7889802603.html,1999 4runner sr5,craigslist_vancouver.csv
vancouver,2018,hyundai,elantra,11850.0,like new,139000.0,gas,automatic,https://vancouver.craigslist.org/bnc/cto/d/burnaby-hyundai-elantra-2018/7889802171.html,Hyundai Elantra 2018,craigslist_vancouver.csv
vancouver,2010,Chevrolet,Aveo,5500.0,like new,60000.0,gas,automatic,https://vancouver.craigslist.org/nvn/cto/d/north-vancouver-super-low-km/7889801875.html,Super low km,craigslist_vancouver.csv
vancouver,2007,Mitsubishi,Galant,4100.0,excellent,160000.0,gas,automatic,https://vancouver.craigslist.org/bnc/cto/d/vancouver-mitsubishi-galant/7885884194.html,Mitsubishi galant,craigslist_vancouver.csv
vancouver,1991,chevrolet,camaro convertible,21900.0,excellent,10000.0,gas,automatic,https://vancouver.craigslist.org/rds/cto/d/langley-township-southwest-1991/7885046687.html,1991 Chevrolet Convertible Camaro,craigslist_vancouver.csv
vancouver,1979,Cadillac,Sedan,14750.0,excellent,79000.0,gas,automatic,https://vancouver.craigslist.org/van/cto/d/langley-township-southwest-1979/7875010645.html,1979 Cadillac Seville,craigslist_vancouver.csv
vancouver,1937,Chrysler,Air Flow,38000.0,like new,1000.0,gas,manual,https://vancouver.craigslist.org/pml/cto/d/langley-township-southwest-1937/7876301279.html,1937 Chrysler AirFlow Serdan,craigslist_vancouver.csv
vancouver,1951,Mercury,Monterey,29500.0,like new,15000.0,gas,automatic,https://vancouver.craigslist.org/rds/cto/d/langley-township-southwest-1951-mercury/7874314540.html,1951 Mercury Sports Sedan,craigslist_vancouver.csv
vancouver,1977,chevrolet,corvette coupe,18500.0,good,70000.0,gas,automatic,https://vancouver.craigslist.org/rds/cto/d/langley-township-southwest-1977/7864232161.html,1977 Corvette Coupe C3/L82,craigslist_vancouver.csv
vancouver,1961,ford,galaxie 500 convertible,26900.0,excellent,25000.0,gas,automatic,https://vancouver.craigslist.org/pml/cto/d/langley-township-southwest-1961-ford/7886079103.html,1961 Ford Galaxie Convertible,craigslist_vancouver.csv
vancouver,1957,Ford,Club Victoria,35000.0,like new,5000.0,gas,automatic,https://vancouver.craigslist.org/van/cto/d/langley-township-southwest-1957-ford/7886080131.html,1957 Ford Club Victoria HT,craigslist_vancouver.csv
vancouver,1955,Chevrolet,210,59999.0,excellent,1000.0,gas,manual,https://vancouver.craigslist.org/rds/cto/d/langley-township-southwest-1955/7868649081.html,1955 Chevrolet 2100 Series Model 2124 2 Door Delray Club Coupe V8,craigslist_vancouver.csv
vancouver,1940,Ford,Deluxe Convertible,72000.0,excellent,5000.0,gas,automatic,https://vancouver.craigslist.org/rds/cto/d/langley-township-southwest-1940-ford/7885291938.html,1940 Ford Deluxe Convertible Streetrod,craigslist_vancouver.csv
vancouver,1997,bmw,528i,6000.0,excellent,168000.0,gas,automatic,https://vancouver.craigslist.org/bnc/cto/d/vancouver-bmw-e39-528i/7875083145.html,Bmw E39 528i,craigslist_vancouver.csv
vancouver,2013,hyundai,santa fe,7950.0,excellent,137000.0,gas,automatic,https://vancouver.craigslist.org/bnc/cto/d/burnaby-hyundai-senta-fe-2013/7889799097.html,HYUNDAI SENTA FE 2013,craigslist_vancouver.csv
vancouver,2015,honda,cr-v,12850.0,excellent,194000.0,gas,automatic,https://vancouver.craigslist.org/bnc/cto/d/burnaby-honda-crv-touring-edition-2015/7889798598.html,HONDA CRV TOURING EDITION 2015,craigslist_vancouver.csv
vancouver,2011,GMC,SIERRA K1500 SL,10800.0,excellent,245254.0,gas,automatic,https://vancouver.craigslist.org/van/ctd/d/vancouver-gmc-sierra-k1500-sl/7889799221.html,GMC SIERRA K1500 SL,craigslist_vancouver.csv
vancouver,2009,gmc,sierra 1500,15900.0,like new,197300.0,gas,automatic,https://vancouver.craigslist.org/rds/cto/d/delta-2009-gmc-sierra-1500-slt-crew-cab/7889798544.html,2009 GMC Sierra 1500 Slt Crew Cab 4x4,craigslist_vancouver.csv
vancouver,2018,dodge,ram 3500,59500.0,like new,111700.0,diesel,automatic,https://vancouver.craigslist.org/nvn/cto/d/north-vancouver-northwest-2018-dodge/7886274100.html,2018 Dodge Ram 3500 Laramie,craigslist_vancouver.csv
vancouver,2005,mazda,3,4995.0,,220856.0,gas,automatic,https://vancouver.craigslist.org/pml/cto/d/surrey-upper-west-2005-mazda-mazda3-gs/7889794208.html,2005 Mazda MAZDA3 GS Automatic,craigslist_vancouver.csv
vancouver,2002,dodge,ram 3500,11500.0,excellent,203000.0,gas,automatic,https://vancouver.craigslist.org/rds/cto/d/delta-east-2002-dodge-ram-3500-extended/7888919031.html,2002 Dodge Ram 3500 Extended Cargo Van,craigslist_vancouver.csv
vancouver,2011,chevrolet,cruze lt,6888.0,good,171128.0,gas,automatic,https://vancouver.craigslist.org/rds/cto/d/surrey-2011-chevrolet-cruze-lt-turbo/7889794314.html,2011 Chevrolet Cruze LT Turbo,craigslist_vancouver.csv
vancouver,2013,hyundai,veloster,4900.0,,225000.0,gas,manual,https://vancouver.craigslist.org/van/cto/d/vancouver-2012-hyundai-veloster-hot/7871399106.html,"2012 Hyundai Veloster HOT HATCH cheap gas, cheap maintain and run",craigslist_vancouver.csv
vancouver,2006,mini,cooper convertible,5900.0,,210999.0,gas,automatic,https://vancouver.craigslist.org/van/cto/d/vancouver-2007-mini-cooper-convertible/7884706500.html,2007 Mini Cooper convertible ($900 OFF to sell),craigslist_vancouver.csv
vancouver,2018,hyundai,sonata,13850.0,like new,84000.0,gas,automatic,https://vancouver.craigslist.org/bnc/cto/d/burnaby-hyundai-sonata-sports-limited/7889796734.html,HYUNDAI SONATA SPORTS LIMITED EDITION,craigslist_vancouver.csv
vancouver,2004,toyota,4runner limited,8900.0,good,416753.0,gas,automatic,https://vancouver.craigslist.org/rds/cto/d/surrey-limited-v8-toyota-runner/7887927453.html,Limited V8 Toyota 4 Runner,craigslist_vancouver.csv
vancouver,2003,bmw,x5,12500.0,excellent,155000.0,gas,automatic,https://vancouver.craigslist.org/rds/cto/d/delta-southwest-2003-bmw-x5-suv/7889796272.html,"2003 BMW X5, SUV",craigslist_vancouver.csv
vancouver,2012,nissan,quest sl,7900.0,excellent,223000.0,gas,automatic,https://vancouver.craigslist.org/rch/cto/d/richmond-south-2012-nissan-quest-sl/7889795578.html,2012 Nissan Quest SL,craigslist_vancouver.csv
vancouver,2010,mini,cooper,6900.0,excellent,129000.0,gas,automatic,https://vancouver.craigslist.org/rch/cto/d/richmond-south-2010-mini-cooper/7889795532.html,2010 Mini Cooper,craigslist_vancouver.csv
vancouver,2009,mazda,cx-7,6900.0,excellent,203000.0,gas,automatic,https://vancouver.craigslist.org/rch/cto/d/richmond-south-2009-mazda-cx-gt-awd/7889795478.html,2009 Mazda CX-7 GT AWD,craigslist_vancouver.csv
vancouver,2010,lincoln,mkz,5500.0,excellent,186000.0,gas,automatic,https://vancouver.craigslist.org/rch/cto/d/richmond-2010-lincoln-mkz/7889795426.html,2010 Lincoln MKZ,craigslist_vancouver.csv
vancouver,1998,Mercedes,420 SEL,7700.0,excellent,122000.0,gas,automatic,https://vancouver.craigslist.org/rch/cto/d/richmond-south-1989-mercedes-benz-420sel/7889795382.html,1989 Mercedes Benz 420SEL,craigslist_vancouver.csv
vancouver,1982,chevrolet,corvette,25000.0,excellent,160000.0,diesel,automatic,https://vancouver.craigslist.org/rds/cto/d/delta-northeast-chevy-corvette-mint/7877970446.html,Chevy Corvette  **Mint condition**,craigslist_vancouver.csv
vancouver,2013,chevrolet,camaro,15895.0,good,116569.0,gas,automatic,https://vancouver.craigslist.org/rds/cto/d/surrey-2013-chevrolet-camaro/7889794717.html,2013 Chevrolet Camaro,craigslist_vancouver.csv
vancouver,2014,jeep,wrangler,18780.0,good,124142.0,gas,automatic,https://vancouver.craigslist.org/rds/cto/d/surrey-jeep-wrangler/7889794476.html,Jeep Wrangler,craigslist_vancouver.csv
vancouver,2002,honda,civic,4995.0,,238000.0,gas,automatic,https://vancouver.craigslist.org/rds/cto/d/surrey-upper-west-2002-honda-civic/7889794133.html,2002 honda civic,craigslist_vancouver.csv
vancouver,2015,mercedes,benz c63 amg,44999.0,excellent,111053.0,gas,automatic,https://vancouver.craigslist.org/rch/cto/d/richmond-2015-c63-amg/7877960975.html,2015 C63 AMG,craigslist_vancouver.csv
vancouver,2006,honda,civic hybrid,6995.0,,241000.0,hybrid,automatic,https://vancouver.craigslist.org/rch/cto/d/richmond-2006-honda-civic-hybrid/7889793168.html,2006 HONDA CIVIC HYBRID,craigslist_vancouver.csv
vancouver,2018,ford,f150,28888.0,excellent,205685.0,gas,automatic,https://vancouver.craigslist.org/rds/cto/d/richmond-2018-ford-f150-platinum-50l/7889793121.html,2018 FORD F150 PLATINUM 5.0L,craigslist_vancouver.csv
vancouver,2007,cadillac,cts,9500.0,excellent,84619.0,gas,automatic,https://vancouver.craigslist.org/van/cto/d/richmond-2007-cadillac-cts/7889792774.html,2007 CADILLAC CTS,craigslist_vancouver.csv
vancouver,2015,dodge,ram 1500,15888.0,,181698.0,gas,automatic,https://vancouver.craigslist.org/van/cto/d/richmond-2015-ram-1500-slt/7889792728.html,2015 RAM 1500 SLT,craigslist_vancouver.csv
vancouver,2011,toyota,scion xd,8998.0,,154000.0,gas,automatic,https://vancouver.craigslist.org/van/cto/d/richmond-2011-scion-xd/7889792687.html,2011 SCION XD,craigslist_vancouver.csv
vancouver,2007,hyundai,santa fe sport,5995.0,,188095.0,gas,automatic,https://vancouver.craigslist.org/rds/cto/d/richmond-2007-hyundai-santa-fe/7889792604.html,2007 Hyundai Santa Fe,craigslist_vancouver.csv
vancouver,2019,ford,escape,16859.0,excellent,95000.0,gas,automatic,https://vancouver.craigslist.org/rds/cto/d/richmond-2019-ford-escape-clean-title/7889792565.html,2019 FORD ESCAPE CLEAN TITLE,craigslist_vancouver.csv
vancouver,2016,hyundai,tucson limited,13998.0,,150000.0,gas,automatic,https://vancouver.craigslist.org/rds/cto/d/richmond-2016-hyundai-tucson-limited-awd/7889792521.html,2016 HYUNDAI TUCSON LIMITED AWD,craigslist_vancouver.csv
vancouver,2019,ford,mustang,270.0,,44000.0,gas,automatic,https://vancouver.craigslist.org/van/cto/d/richmond-2019-ford-mustang-ecoboost/7889792479.html,2019 Ford Mustang EcoBoost PREMIUM FASTBACK (WITH EXHAUST),craigslist_vancouver.csv
vancouver,2012,honda,civic,15888.0,excellent,71000.0,gas,automatic,https://vancouver.craigslist.org/van/cto/d/richmond-2012-honda-civic/7889792440.html,2012 HONDA CIVIC,craigslist_vancouver.csv
vancouver,2025,ISUZU,NPR-HD,,new,300.0,diesel,automatic,https://vancouver.craigslist.org/van/ctd/d/new-westminster-southwest-2025-isuzu/7889792697.html,2025 ISUZU NPR-HD DIESEL W/ 16 FT BOX+STEP BUMPER (COURIERS SPECIAL),craigslist_vancouver.csv
vancouver,1999,toyota,camry LE,3300.0,good,217000.0,gas,automatic,https://vancouver.craigslist.org/rds/cto/d/surrey-inner-northwest-1999-toyota/7889791332.html,1999 Toyota Camry LE .. Automatic.. Clean Title,craigslist_vancouver.csv
vancouver,2025,ISUZU,NPR-HD,,new,10.0,gas,automatic,https://vancouver.craigslist.org/van/ctd/d/new-westminster-southwest-2025-isuzu/7889791075.html,2025 ISUZU NRR GAS W/ 16 FT BOX/STEP BUMPER,craigslist_vancouver.csv
vancouver,2003,nissan,sentra,1750.0,,170000.0,gas,automatic,https://vancouver.craigslist.org/bnc/cto/d/vancouver-nissan-sentra-km/7889789573.html,Nissan Sentra 2003 (170km ),craigslist_vancouver.csv
vancouver,2013,hyundai,santa fe,7950.0,new,137000.0,gas,automatic,https://vancouver.craigslist.org/van/cto/d/burnaby-2013-hyundai-santa-fe-front/7889789287.html,2013 Hyundai Santa Fe FRONT WHEEL DRIVE PERFECT CONDITION,craigslist_vancouver.csv
vancouver,2025,ISUZU,NRR GAS,104995.0,new,10.0,gas,automatic,https://vancouver.craigslist.org/van/ctd/d/new-westminster-southwest-2025-nrr-gas/7889789387.html,2025 NRR GAS W/ 20 FT BOX/ICC BUMPER,craigslist_vancouver.csv
vancouver,2025,ISUZU,NRR DIESEL,,new,300.0,diesel,automatic,https://vancouver.craigslist.org/van/ctd/d/new-westminster-southwest-2025-isuzu/7889787269.html,2025 ISUZU NRR DIESEL W/ 24 FT BOX + RAMP *MOVERS SPECIAL*,craigslist_vancouver.csv
vancouver,2016,Fiat,500X Sport AWD,15000.0,excellent,66000.0,gas,automatic,https://vancouver.craigslist.org/van/cto/d/vancouver-2016-fiat-500x-awd-sport66000/7871450791.html,"2016 Fiat 500X AWD Sport...66,000 Kms",craigslist_vancouver.csv
vancouver,2007,hummer,h3,9000.0,excellent,267000.0,gas,manual,https://vancouver.craigslist.org/van/cto/d/vancouver-2007-hummer-h3-5spd/7887013164.html,2007 Hummer H3 5spd,craigslist_vancouver.csv
vancouver,2008,hummer,h3,18500.0,excellent,186600.0,gas,automatic,https://vancouver.craigslist.org/van/cto/d/vancouver-2008-hummer-h3/7886883097.html,2008 Hummer H3,craigslist_vancouver.csv
vancouver,1967,Ford,Thunderbird,27000.0,excellent,85000.0,gas,automatic,https://vancouver.craigslist.org/rds/cto/d/white-rock-classic-car-1967-ford/7875721572.html,CLASSIC CAR.  1967 FORD THUNDERBIRD COUPE.  PRICE REDUCED,craigslist_vancouver.csv
vancouver,2017,dodge,journey gt,6500.0,excellent,137000.0,gas,automatic,https://vancouver.craigslist.org/van/cto/d/burnaby-2017-dodge-journey-gt-all-wheel/7889783515.html,2017 Dodge Journey GT ALL WHEEL DRIVE,craigslist_vancouver.csv
vancouver,2023,Ford,Transit 350,59200.0,like new,16600.0,electric,automatic,https://vancouver.craigslist.org/pml/cto/d/port-moody-2023-ford-transit-350-high/7868098806.html,"2023 Ford E-Transit 350 HIGH ROOF+FULLY ELECTRIC- 148"" Wheelbase",craigslist_vancouver.csv
vancouver,2008,jeep,grand cherokee limited 4x4,7500.0,excellent,180000.0,gas,automatic,https://vancouver.craigslist.org/bnc/cto/d/burnaby-2008-jeep-grand-cherokee-diesel/7889781890.html,2008 Jeep Grand Cherokee Diesel 4x4,craigslist_vancouver.csv
vancouver,2012,chevrolet,cruze ltz,7000.0,excellent,123000.0,gas,automatic,https://vancouver.craigslist.org/van/cto/d/burnaby-chevrolet-cruze-ltz-rs/7888701691.html,Chevrolet Cruze LTZ RS –,craigslist_vancouver.csv
vancouver,2016,volkswagen,gti,24500.0,excellent,54000.0,gas,automatic,https://vancouver.craigslist.org/nvn/cto/d/north-vancouver-inner-east-2016/7889780424.html,2016 Volkswagen GTI,craigslist_vancouver.csv
vancouver,2017,Ford,Explorer XLT,19000.0,excellent,167000.0,gas,automatic,https://vancouver.craigslist.org/rds/cto/d/delta-southeast-2017-ford-explorer/7888866999.html,2017 ford explorer,craigslist_vancouver.csv
vancouver,2011,kia,soul +,2999.0,,201500.0,gas,automatic,https://vancouver.craigslist.org/rds/cto/d/surrey-north-2011-kia-soul-plus-speed/7887960886.html,2011 Kia Soul plus (5 speed),craigslist_vancouver.csv
vancouver,2004,Ford,E-150,5300.0,excellent,245000.0,gas,automatic,https://vancouver.craigslist.org/rch/cto/d/richmond-ford-150/7888424644.html,Ford E-150,craigslist_vancouver.csv
vancouver,2007,lexus,ls460,10200.0,good,297000.0,gas,automatic,https://vancouver.craigslist.org/rds/cto/d/surrey-2007-lexus-ls460/7889776822.html,2007 Lexus ls460,craigslist_vancouver.csv
vancouver,2005,toyota,hiace camper van motorhom,26500.0,excellent,60000.0,gas,automatic,https://vancouver.craigslist.org/van/cto/d/vancouver-toyota-hiace-custom-camper/7889776682.html,Toyota Hiace Custom Camper,craigslist_vancouver.csv
vancouver,2016,nissan,versa note,8800.0,like new,93000.0,gas,automatic,https://vancouver.craigslist.org/rch/cto/d/richmond-south-2016-nissan-versa-note-sv/7889776503.html,2016 Nissan Versa Note SV,craigslist_vancouver.csv
vancouver,2023,porsche,718 cayman gt4 rs,219888.0,excellent,11800.0,gas,automatic,https://vancouver.craigslist.org/van/ctd/d/richmond-northeast-2023-porsche-cayman/7889776992.html,2023 Porsche 982 718 Cayman GT4RS PDK Weissach Package - CPO,craigslist_vancouver.csv
vancouver,2024,audi,q4 e-tron,51500.0,,5833.0,electric,automatic,https://vancouver.craigslist.org/van/ctd/d/richmond-2024-audi-q4-tron-50-quattro/7889776462.html,﻿2024﻿ ﻿Audi﻿ ﻿Q4 E-tron﻿ ﻿50 Quattro *5833km / No accident*,craigslist_vancouver.csv
vancouver,2015,subaru,Forester 2.5L boxer gas engine AWD,8550.0,excellent,188000.0,gas,automatic,https://vancouver.craigslist.org/rds/cto/d/surrey-outer-northwest-2015-subaru/7889775280.html,2015 Subaru Forester 2.5L  AWD SUV camera 188k no issue Outback Rogue,craigslist_vancouver.csv
vancouver,2013,Kia,Rio 5P 1.6L sedan 168K,3999.0,excellent,165000.0,gas,automatic,https://vancouver.craigslist.org/rds/cto/d/surrey-outer-northwest-2013-kia-rio-5p/7889775109.html,2013 Kia Rio 5P 4 door sedan bluetooth 165K no issue yaris fit,craigslist_vancouver.csv
vancouver,2019,bmw,m850i,45000.0,salvage,55000.0,gas,automatic,https://vancouver.craigslist.org/van/cto/d/vancouver-bmw-m850i-autobody-mechanic/7886796561.html,🔥 2019 BMW M850i -AUTOBODY/ MECHANIC  SPECIAL,craigslist_vancouver.csv
vancouver,2024,porsche,718 boxster gts 4.0,122888.0,like new,9666.0,gas,automatic,https://vancouver.craigslist.org/van/ctd/d/richmond-northeast-2024-porsche-boxster/7889774608.html,2024 Porsche 982 718 Boxster GTS 4.0 PDK - Certified Pre Owned,craigslist_vancouver.csv
vancouver,2017,lexus,is,23888.0,like new,75000.0,gas,automatic,https://vancouver.craigslist.org/rds/cto/d/delta-2017-lexus-is300/7889773464.html,2017 lexus is300,craigslist_vancouver.csv
vancouver,2026,cadillac,escalade,221438.0,new,50.0,gas,automatic,https://vancouver.craigslist.org/van/ctd/d/vancouver-2026-cadillac-escalade-sport/7889773971.html,2026 Cadillac Escalade V  SPORT supercharged  682 HP BLACK,craigslist_vancouver.csv
vancouver,2008,GMC,savana,14500.0,good,201000.0,diesel,automatic,https://vancouver.craigslist.org/rds/cto/d/delta-northeast-2008-gmc-savana-duramax/7889305748.html,2008 GMC savana duramax diesel,craigslist_vancouver.csv
vancouver,2014,DODGE,RAM2500 DIESEL,6000.0,,340343.0,diesel,automatic,https://vancouver.craigslist.org/van/cto/d/west-vancouver-south-2014-dodge-ram/7889771151.html,2014 DODGE RAM 2500  DIESEL,craigslist_vancouver.csv
vancouver,1967,pontiac,?,27500.0,excellent,7550.0,gas,automatic,https://vancouver.craigslist.org/van/cto/d/north-island-classic-parisienne-22/7865385410.html,Classic Parisienne 2+2,craigslist_vancouver.csv
vancouver,2017,mercedes-benz,cla250,20800.0,excellent,105300.0,gas,automatic,https://vancouver.craigslist.org/van/cto/d/vancouver-beautiful-2017-mercedes-lady/7887056384.html,"** BEAUTIFUL 2017 MERCEDES LADY OWNED , ALL WHEEL DRIVE LOW MILES **",craigslist_vancouver.csv
vancouver,2013,Volkswagen,Passat 2.0L turbo diesel sedan,7990.0,like new,153000.0,diesel,automatic,https://vancouver.craigslist.org/rds/cto/d/surrey-outer-northwest-2013-volkswagen/7889766430.html,2013 Volkswagen Passat 2.0L turbo diesel bluetooth GPS 158K Jetta Golf,craigslist_vancouver.csv
vancouver,2009,nissan,370z w/ sport package,15500.0,excellent,143000.0,gas,automatic,https://vancouver.craigslist.org/van/cto/d/highlands-2009-nissan-370z/7885274369.html,2009 Nissan 370z,craigslist_vancouver.csv
vancouver,2026,gmc,yukon at4,116498.0,new,50.0,diesel,automatic,https://vancouver.craigslist.org/van/ctd/d/vancouver-2026-gmc-yukon-at4-diesel/7889767322.html,2026 GMC YUKON AT4 DIESEL PREMIUM PLUS NEW,craigslist_vancouver.csv
vancouver,2016,mercedes-benz,sprinter 2500,24980.0,excellent,185000.0,diesel,automatic,https://vancouver.craigslist.org/bnc/cto/d/new-westminster-southwest-2016-mercedes/7889130930.html,"2016 Mercedes-Benz Sprinter 2500 Cargo Van, 4 Cylinder Diesel!",craigslist_vancouver.csv
vancouver,2006,ford,e350 cargo van,6980.0,excellent,260000.0,gas,automatic,https://vancouver.craigslist.org/bnc/cto/d/new-westminster-southwest-2006-ford/7887429343.html,"2006 Ford E350 Cargo Van, One Tonne, Shelving!",craigslist_vancouver.csv
vancouver,2006,ford,e250 econoline cargo van,13980.0,excellent,89000.0,gas,automatic,https://vancouver.craigslist.org/bnc/cto/d/new-westminster-southwest-2006-ford/7887201611.html,"2006 Ford E250 Cargo Van, LOW KM!!",craigslist_vancouver.csv
vancouver,2013,isuzu,nrr,19980.0,excellent,180000.0,diesel,automatic,https://vancouver.craigslist.org/bnc/cto/d/new-westminster-southwest-2013-isuzu/7889131586.html,"2013 Isuzu NRR Cube Van, w/ Power Lift Gate!",craigslist_vancouver.csv
vancouver,2024,Chevrolet,Colorado 4WD Crew Cab Trail Boss,58999.0,like new,19250.0,gas,automatic,https://vancouver.craigslist.org/pml/cto/d/port-coquitlam-2024-chevrolet-colorado/7889765900.html,2024 Chevrolet Colorado 4WD Crew Cab Trail Boss,craigslist_vancouver.csv
vancouver,2013,mercedes-benz,g63,109000.0,like new,77000.0,gas,automatic,https://vancouver.craigslist.org/van/cto/d/vancouver-mercedes-benz-g63-amg-matte/7880145629.html,Mercedes Benz G63 AMG matte black,craigslist_vancouver.csv
vancouver,2018,ford,transit t250,25980.0,excellent,80000.0,gas,automatic,https://vancouver.craigslist.org/van/cto/d/new-westminster-southwest-2018-ford/7887691910.html,"2018 Ford Transit T250 Cargo Van, LOW KMS!!",craigslist_vancouver.csv
vancouver,2013,chevrolet,express 2500 cargo,6980.0,excellent,320000.0,gas,automatic,https://vancouver.craigslist.org/van/cto/d/new-westminster-southwest-2013/7887716627.html,"2013 Chevrolet Express 2500 Cargo Van, Clean Title",craigslist_vancouver.csv
vancouver,2016,ram,1500 crew cab,14980.0,excellent,165000.0,diesel,automatic,https://vancouver.craigslist.org/van/cto/d/new-westminster-southwest-2016-ram-1500/7887715694.html,"2016 Ram 1500 Crew Cab, 3.0L EcoDiesel, LOW KM!",craigslist_vancouver.csv
vancouver,2017,ford,transit250,29980.0,excellent,110000.0,gas,automatic,https://vancouver.craigslist.org/van/cto/d/new-westminster-southwest-2017-ford/7887691221.html,"2017 Ford Transit T250 Cargo Van, Ladder Rack, LOW KM!",craigslist_vancouver.csv
vancouver,2019,ford,f150 4x4,18450.0,excellent,199000.0,gas,automatic,https://vancouver.craigslist.org/van/cto/d/new-westminster-southwest-2019-ford/7887673134.html,"2019 Ford F150 4x4, 3.3L V6 Engine!!",craigslist_vancouver.csv
vancouver,2016,ford,transit t350,17980.0,excellent,240000.0,gas,automatic,https://vancouver.craigslist.org/van/cto/d/new-westminster-southwest-2016-ford/7886703525.html,"2016 Ford Transit T350 Cargo Van, Medium Roof, Shelving!!",craigslist_vancouver.csv
vancouver,2019,nissan,nv200 cargo van,24980.0,excellent,95000.0,gas,automatic,https://vancouver.craigslist.org/van/cto/d/new-westminster-southwest-2019-nissan/7887917546.html,"2019 Nissan NV200 Cargo Van, LOW KMS!!",craigslist_vancouver.csv
vancouver,2014,ram,cargo van,14980.0,excellent,95000.0,gas,automatic,https://vancouver.craigslist.org/van/cto/d/new-westminster-southwest-2014-ram/7882994015.html,"2014 Ram Tradesman Cargo Van, Only 95,000 KM!!",craigslist_vancouver.csv
vancouver,2026,chevrolet,silverado 1500,61189.0,new,25.0,gas,automatic,https://vancouver.craigslist.org/van/ctd/d/vancouver-2026-gmc-sierra-1500-regular/7889765565.html,2026 GMC SIERRA 1500 REGULAR CAB short box 4x4 NEW,craigslist_vancouver.csv
vancouver,1998,Jeep,Cherokee,2200.0,fair,200000.0,gas,automatic,https://vancouver.craigslist.org/nvn/cto/d/north-vancouver-1998-jeep-cherokee-xj/7889764113.html,1998 Jeep Cherokee XJ,craigslist_vancouver.csv
vancouver,2008,mercedes-benz,s550,14000.0,excellent,116000.0,gas,automatic,https://vancouver.craigslist.org/pml/cto/d/anmore-2008-mercedes-s550-amg-package/7881249523.html,2008 Mercedes S550 AMG Package,craigslist_vancouver.csv
vancouver,2005,chevrolet,equinox,3500.0,good,235000.0,gas,automatic,https://vancouver.craigslist.org/rds/cto/d/surrey-equinox-fwd-v6-no-accidents-235k/7889763469.html,"Equinox FWD - V6, No Accidents, 235K",craigslist_vancouver.csv
vancouver,2000,Infinity,G20,3500.0,good,89000.0,gas,automatic,https://vancouver.craigslist.org/van/cto/d/vancouver-2000-infinity-g20/7889761703.html,2000 Infinity G20,craigslist_vancouver.csv
vancouver,2009,hyundai,santa fe,4200.0,good,250000.0,gas,automatic,https://vancouver.craigslist.org/van/cto/d/vancouver-2009-hyundai-santa-fe-33l-4wd/7865032650.html,2009 Hyundai Santa Fe 3.3L 4WD 7 seaters,craigslist_vancouver.csv
vancouver,2018,Mazda,CX-5 Touring,20995.0,excellent,100000.0,gas,automatic,https://vancouver.craigslist.org/bnc/ctd/d/port-coquitlam-south-2018-mazda-cx-gs/7889760508.html,"2018 Mazda cx-5 gs - one owner, sunroof, power liftgate",craigslist_vancouver.csv
vancouver,2017,Ford,Expedition Max Platinum,45000.0,like new,49500.0,gas,automatic,https://vancouver.craigslist.org/van/cto/d/vancouver-2017-ford-expedition-max/7874543828.html,2017 Ford Expedition Max Platinum 49km Original Owner,craigslist_vancouver.csv
vancouver,2005,jeep,liberty limited,3990.0,good,215000.0,gas,automatic,https://vancouver.craigslist.org/van/cto/d/vancouver-2005-jeep-liberty-limited/7848113897.html,2005 Jeep Liberty Limited Trail Rated Edition 4x4 only 210km,craigslist_vancouver.csv
vancouver,2019,Hyundai,Tucson,23300.0,good,84000.0,gas,automatic,https://vancouver.craigslist.org/pml/ctd/d/port-coquitlam-south-2019-hyundai/7889759540.html,"2019 Hyundai Tucson Ultimate - Ventilated Leather Seats, Navigation",craigslist_vancouver.csv
vancouver,2003,toyota,matrix xrs,4950.0,new,173000.0,gas,automatic,https://vancouver.craigslist.org/rds/cto/d/delta-2003-toyota-matrix/7889755084.html,2003 toyota matrix,craigslist_vancouver.csv
vancouver,2008,ford,f350 super duty lariat 4x4,28000.0,,158000.0,diesel,automatic,https://vancouver.craigslist.org/pml/cto/d/mission-east-2008-f350-dually/7878228611.html,2008 F350 Dually,craigslist_vancouver.csv
vancouver,2009,📢FORD,FOCUS MODEL 2009 💎Engine working fine 💎W,1800.0,good,275000.0,gas,automatic,https://vancouver.craigslist.org/rds/cto/d/surrey-ford-focus-2009/7889753507.html,ford focus 2009,craigslist_vancouver.csv
vancouver,2008,infiniti,ex35,4900.0,excellent,134000.0,gas,automatic,https://vancouver.craigslist.org/van/cto/d/burnaby-2008-infinti-ex35-awd-premium/7889753399.html,2008 Infinti EX35 AWD PREMIUM EDITION,craigslist_vancouver.csv
vancouver,2008,Honda,Accord,7900.0,excellent,162000.0,gas,automatic,https://vancouver.craigslist.org/rds/cto/d/surrey-2008-honda-accord-sedan-mint/7879296178.html,2008 Honda Accord Sedan - Mint,craigslist_vancouver.csv
vancouver,2016,bmw,x3 xdrive35i,25900.0,excellent,89000.0,gas,automatic,https://vancouver.craigslist.org/bnc/cto/d/burnaby-bmw-x3-sport-package-no/7885524572.html,BMW X3 M Sport package no accidents 89000 kms fully loaded,craigslist_vancouver.csv
vancouver,2012,mercedes,benz e350,29950.0,like new,41000.0,gas,automatic,https://vancouver.craigslist.org/bnc/cto/d/burnaby-mercedes-benz-e350-cabriolet-no/7876667899.html,Mercedes Benz E350 Cabriolet no accidents 41000kms spotless condition.,craigslist_vancouver.csv
vancouver,2006,hyundai,sonata,4500.0,good,19000.0,gas,automatic,https://vancouver.craigslist.org/rds/cto/d/surrey-2006-hyundai-sonata-for-sale/7889752610.html,2006 Hyundai Sonata for sale.,craigslist_vancouver.csv
vancouver,2007,toyota,rav4,5900.0,good,275000.0,gas,automatic,https://vancouver.craigslist.org/rds/cto/d/surrey-inner-northwest-2007-toyota-rav4/7889752281.html,2007 Toyota RAV4 AWD ...automatic transmission.. 4 cylinders,craigslist_vancouver.csv
vancouver,2012,audi,q5,6900.0,excellent,136000.0,gas,automatic,https://vancouver.craigslist.org/van/cto/d/burnaby-2011-audi-q5-quattro-premium/7889752171.html,2011 Audi Q5 QUATTRO PREMIUM EDITION,craigslist_vancouver.csv
vancouver,2021,toyota,sienna,35000.0,excellent,178000.0,hybrid,automatic,https://vancouver.craigslist.org/pml/cto/d/coquitlam-toyota-sienna-le-awd-hybrid/7889751932.html,Toyota Sienna LE AWD Hybrid – Excellent Condition,craigslist_vancouver.csv
vancouver,2018,Mitsubishi,RVR,19995.0,like new,41000.0,gas,automatic,https://vancouver.craigslist.org/pml/ctd/d/port-coquitlam-south-2018-mitsubishi/7889752107.html,"2018 Mitsubishi RVR Special Edition-41km-no accident,one owner",craigslist_vancouver.csv
vancouver,2003,lexus,ls430,9000.0,good,325900.0,gas,automatic,https://vancouver.craigslist.org/bnc/cto/d/surrey-2003-lexus-430/7881232276.html,2003 Lexus 430,craigslist_vancouver.csv
vancouver,1998,oldsmobile,88,2000.0,excellent,241000.0,gas,automatic,https://vancouver.craigslist.org/rds/cto/d/chilliwack-central-1998-oldsmobile-88/7888532460.html,"1998 OLDSMOBILE 88 LS, DRIVE IT ANYWHERE",craigslist_vancouver.csv
vancouver,2011,volkswagen,tiguan 2.0t s 4motion,8500.0,good,150870.0,gas,automatic,https://vancouver.craigslist.org/van/cto/d/vancouver-2011-volkswagen-tiguan/7889750045.html,2011 Volkswagen Tiguan Highline 4MOTION,craigslist_vancouver.csv
vancouver,2025,chevrolet,colorado zr2,71848.0,new,30.0,gas,automatic,https://vancouver.craigslist.org/van/ctd/d/vancouver-2025-chevrolet-colorado-zr2/7889750814.html,2025 Chevrolet Colorado ZR2 BLACK NEW Sunroof TECH package NEW 0 %,craigslist_vancouver.csv
vancouver,2007,mercedes-benz,s-class,9000.0,excellent,195000.0,gas,automatic,https://vancouver.craigslist.org/bnc/cto/d/burnaby-2007-mercedes-benz-s550/7889749683.html,2007 Mercedes-Benz S550,craigslist_vancouver.csv
vancouver,2022,Mitsubishi,Eclipse Cross,23995.0,excellent,51000.0,gas,automatic,https://vancouver.craigslist.org/pml/ctd/d/port-coquitlam-south-2022-mitsubishi/7889750474.html,"2022 Mitsubishi Eclipse Cross ES - No Accidents, One Owner, Heated Sea",craigslist_vancouver.csv
vancouver,1999,toyota,camry LE,3300.0,good,217000.0,gas,automatic,https://vancouver.craigslist.org/rds/cto/d/surrey-inner-northwest-1999-toyota/7889748412.html,1999 Toyota Camry LE .. Automatic.. Clean Title,craigslist_vancouver.csv
vancouver,2015,audi,q7,19500.0,like new,119350.0,gas,automatic,https://vancouver.craigslist.org/pml/cto/d/port-moody-2015-audi-q7-vorsrung-edition/7884583495.html,2015 Audi Q7 Vorsrung Edition,craigslist_vancouver.csv
vancouver,2006,Toyota,Rav4 Limited 4WD,9800.0,excellent,208000.0,gas,automatic,https://vancouver.craigslist.org/rch/cto/d/richmond-2006-toyota-rav4-limited-4wd/7889747831.html,2006 Toyota Rav4 Limited 4WD Low Km,craigslist_vancouver.csv
vancouver,2025,chevrolet,colorado z71,59748.0,new,25.0,gas,automatic,https://vancouver.craigslist.org/van/ctd/d/vancouver-2025-chevrolet-colorado-z71/7889748643.html,2025 Chevrolet Colorado Z71 WHITE NEW sunroof,craigslist_vancouver.csv
vancouver,2008,ram,3500 mega cab drw,25000.0,good,319000.0,diesel,automatic,https://vancouver.craigslist.org/pml/cto/d/pitt-meadows-2008-mega-cab-hd-laramine/7889746918.html,2008 mega cab hd laramine dually sale or trade 4x4 6.7c,craigslist_vancouver.csv
vancouver,2025,chevrolet,colorado zr2 BISON,79980.0,new,30.0,gas,automatic,https://vancouver.craigslist.org/van/ctd/d/vancouver-2025-chevrolet-colorado-zr2/7889747353.html,2025 Chevrolet Colorado ZR2 BISON AEV BLACK 0 %,craigslist_vancouver.csv
vancouver,2000,ford,f-150,7500.0,excellent,191000.0,gas,automatic,https://vancouver.craigslist.org/van/cto/d/port-coquitlam-f150-2wd-with-5th-wheel/7888051544.html,"F150 2WD with 5th Wheel Hitch, MINT!",craigslist_vancouver.csv
vancouver,2011,bmw,x5,8900.0,excellent,230000.0,gas,automatic,https://vancouver.craigslist.org/bnc/cto/d/burnaby-2011-bmw-x5-awd/7889745305.html,2011 BMW X5 AWD,craigslist_vancouver.csv
vancouver,2014,bmw,x3,7900.0,excellent,160000.0,gas,automatic,https://vancouver.craigslist.org/rds/cto/d/surrey-2014-bmw-x3-160k-kms/7883635022.html,2014 BMW X3 160K kms,craigslist_vancouver.csv
vancouver,2008,mazda,3,3900.0,excellent,168000.0,gas,automatic,https://vancouver.craigslist.org/van/cto/d/burnaby-2008-mazda-gt-sports-edition/7889744258.html,2008 Mazda 3 GT SPORTS EDITION,craigslist_vancouver.csv
vancouver,2012,Huyndai,Genesis Coupe,13500.0,like new,98000.0,gas,manual,https://vancouver.craigslist.org/van/cto/d/vancouver-hyundai-genesis-coupe-20t/7877894595.html,Hyundai Genesis Coupe 2.0t MТ,craigslist_vancouver.csv
vancouver,2010,Infiniti,G37,18500.0,like new,79000.0,gas,automatic,https://vancouver.craigslist.org/van/cto/d/vancouver-infiniti-g37x-coupe/7879565427.html,Infiniti G37x coupe,craigslist_vancouver.csv
vancouver,2025,gmc,yukon elevation,112633.0,new,25.0,diesel,automatic,https://vancouver.craigslist.org/van/ctd/d/vancouver-new-2025-gmc-yukon-elevation/7889744625.html,"NEW 2025 GMC YUKON ELEVATION PREMIUM BLACK  DIESEL NEW 22"" wheels",craigslist_vancouver.csv
vancouver,2017,ford,fusion,13800.0,new,44000.0,gas,automatic,https://vancouver.craigslist.org/bnc/cto/d/surrey-ford-fusion-2017/7889743424.html,Ford Fusion 2017,craigslist_vancouver.csv
vancouver,1966,buick,skylark,36000.0,like new,67000.0,gas,automatic,https://vancouver.craigslist.org/rds/cto/d/surrey-1966-buick-skylark-collector/7888448236.html,1966 Buick Skylark (collector plates),craigslist_vancouver.csv
vancouver,1928,ford,phaeton,42000.0,excellent,500.0,gas,manual,https://vancouver.craigslist.org/rds/cto/d/surrey-upper-west-1928-model-ford/7868394327.html,1928 Model A Ford Phaeton,craigslist_vancouver.csv
vancouver,2012,mazda,3,4900.0,excellent,163000.0,gas,automatic,https://vancouver.craigslist.org/van/cto/d/burnaby-2012-mazda-gt-sports-edition/7889742627.html,2012 Mazda 3 GT SPORTS EDITION,craigslist_vancouver.csv
vancouver,2018,nissan,rogue,15900.0,new,90000.0,gas,automatic,https://vancouver.craigslist.org/bnc/cto/d/surrey-2018-nissan-rogue-svawd/7889742512.html,2018 Nissan Rogue SVAWD,craigslist_vancouver.csv
vancouver,2016,toyota,prius c,13800.0,new,126000.0,gas,automatic,https://vancouver.craigslist.org/bnc/cto/d/surrey-2016-toyota-priusc/7889741876.html,2016 Toyota PriusC,craigslist_vancouver.csv
vancouver,1983,pontiac,firebird trans am,13200.0,good,227000.0,gas,automatic,https://vancouver.craigslist.org/rds/cto/d/surrey-1983-pontiac-daytona-500-pace/7886787624.html,1983 Pontiac Daytona 500 Pace car TRANS AM,craigslist_vancouver.csv
vancouver,2010,dodge,grand caravan sxt,1995.0,excellent,219000.0,gas,automatic,https://vancouver.craigslist.org/bnc/cto/d/surrey-2010-dodge-journey-40-stow-and-go/7888165546.html,2010 Dodge Journey 4.0 - STOW AND GO,craigslist_vancouver.csv
vancouver,2016,nissan,altima,10900.0,new,115000.0,gas,automatic,https://vancouver.craigslist.org/bnc/cto/d/surrey-2016-nissan-altima/7889740733.html,2016 Nissan Altima,craigslist_vancouver.csv
vancouver,2017,chevrolet,malibu,10900.0,new,140000.0,gas,automatic,https://vancouver.craigslist.org/bnc/cto/d/surrey-2017-chevrolet-malibu/7889739952.html,2017 Chevrolet Malibu,craigslist_vancouver.csv
vancouver,2008,audi,tt,10500.0,excellent,140000.0,gas,automatic,https://vancouver.craigslist.org/pml/cto/d/coquitlam-audi-tt-coupe-2008-rare-cool/7889739402.html,"Audi TT   Coupe   2008  Rare Cool  Cutie""Car! Fun To Drive!",craigslist_vancouver.csv
vancouver,1995,chevrolet,camaro,12000.0,excellent,242000.0,gas,manual,https://vancouver.craigslist.org/nvn/cto/d/west-vancouver-south-black-batmobile/7865419879.html,BLACK BATMOBILE CAMARO,craigslist_vancouver.csv
vancouver,2016,Nissan,Pathfinder,16300.0,good,130000.0,gas,automatic,https://vancouver.craigslist.org/pml/ctd/d/port-coquitlam-south-2016-nissan/7889738647.html,"2016 Nissan Pathfinder SL - Leather, Sunroof, 7 pass",craigslist_vancouver.csv
vancouver,2007,dodge,sprinter 3500,7250.0,good,175000.0,diesel,automatic,https://vancouver.craigslist.org/van/cto/d/vancouver-2007-dodge-sprinter-3500-cube/7889736800.html,2007 Dodge Sprinter 3500 Cube Van,craigslist_vancouver.csv
vancouver,2003,Nissan,Frontier SE CrewCab 4X4,3800.0,excellent,311000.0,gas,automatic,https://vancouver.craigslist.org/rds/cto/d/surrey-2003-nissan-frontier-se-crewcab/7885629477.html,2003 Nissan Frontier SE CrewCab 4X4 Automatic Rockford Fosgate Edition,craigslist_vancouver.csv
vancouver,2015,cadillac,ats sedan,29500.0,like new,22500.0,gas,automatic,https://vancouver.craigslist.org/nvn/cto/d/north-vancouver-northwest-central/7858192687.html,Cadillac ATS,craigslist_vancouver.csv
vancouver,2007,subaru,legacy,8999.0,excellent,221000.0,gas,manual,https://vancouver.craigslist.org/bnc/cto/d/new-westminster-2007-subaru-legacy-gt/7889734595.html,2007 Subaru legacy GT Spec.b,craigslist_vancouver.csv
vancouver,2006,toyota,corolla,4700.0,fair,248685.0,gas,automatic,https://vancouver.craigslist.org/bnc/cto/d/burnaby-2006-toyota-corolla/7889734002.html,2006 Toyota Corolla,craigslist_vancouver.csv
vancouver,1999,Sonoma,SLS,3900.0,excellent,296000.0,gas,automatic,https://vancouver.craigslist.org/rds/cto/d/delta-central-1999-gmc-sonoma/7889733727.html,1999 GMC Sonoma,craigslist_vancouver.csv
vancouver,1990,gmc,sonoma S15,1000.0,good,137292.0,gas,automatic,https://vancouver.craigslist.org/van/cto/d/surrey-outer-northwest-1990-gmc-sonoma/7889266752.html,1990 GMC Sonoma S-15 Reg Cab Long Box Not Running Complete 4.3L V-6,craigslist_vancouver.csv
vancouver,2012,Audi,?,8500.0,,129000.0,gas,automatic,https://vancouver.craigslist.org/nvn/cto/d/north-vancouver-northwest-central-2012/7889732642.html,2012 AUDI A4,craigslist_vancouver.csv
vancouver,2007,honda,odyssey,4800.0,,220000.0,gas,automatic,https://vancouver.craigslist.org/bnc/cto/d/burnaby-2007-honda-odyssey/7889730566.html,2007 Honda Odyssey,craigslist_vancouver.csv
vancouver,2013,kia,rio,5150.0,excellent,206000.0,gas,automatic,https://vancouver.craigslist.org/bnc/cto/d/coquitlam-kia-rio-super-clean-no/7889730031.html,🚗 2013 Kia Rio – Super Clean – No Accidents – Excellent Condition 🔥,craigslist_vancouver.csv
vancouver,2003,Grand,caravan sport,4500.0,,113000.0,gas,automatic,https://vancouver.craigslist.org/van/cto/d/burnaby-2003-grand-caravan-only-kms/7889217404.html,"2003 Grand Caravan - only 115,000 kms",craigslist_vancouver.csv
vancouver,1999,mercedes,ml 320,2500.0,good,248500.0,gas,automatic,https://vancouver.craigslist.org/van/cto/d/vancouver-1999-mercedes-ml-km/7875496234.html,1999 mercedes ml 320  248000 km,craigslist_vancouver.csv
vancouver,2022,isuzu,nrr,49990.0,excellent,37150.0,diesel,automatic,https://vancouver.craigslist.org/van/cto/d/vancouver-2022-isuzu-nrr-11-feet-dump/7889727779.html,"2022 Isuzu NRR 11 feet dump truck (37,000 kms)",craigslist_vancouver.csv
vancouver,2002,Nissan,Pathfinder LE,5000.0,excellent,170000.0,gas,automatic,https://vancouver.craigslist.org/bnc/cto/d/burnaby-2002-nissan-pathfinder-le/7889726580.html,2002 Nissan Pathfinder LE,craigslist_vancouver.csv
vancouver,1967,Chevrolet,Camaro RS/SS,109500.0,excellent,9999.0,gas,manual,https://vancouver.craigslist.org/pml/cto/d/port-coquitlam-south-1967-camaro-rs-ss/7889726276.html,1967 Camaro RS/SS convertible Resto Mod,craigslist_vancouver.csv
vancouver,1961,BUICK,INVICTA,14900.0,good,12345.0,gas,automatic,https://vancouver.craigslist.org/pml/cto/d/coquitlam-north-1961-buick-bubble-top/7883026005.html,1961 BUICK BUBBLE TOP  REDUCED,craigslist_vancouver.csv
vancouver,1995,honda,civic coupe,4321.0,,325000.0,gas,manual,https://vancouver.craigslist.org/van/cto/d/burnaby-1995-honda-civic-limited-edition/7866326391.html,1995 Honda Civic limited edition,craigslist_vancouver.csv
vancouver,2004,S55,?,1.0,,90000.0,gas,automatic,https://vancouver.craigslist.org/rds/cto/d/surrey-trade/7882900409.html,TRADE,craigslist_vancouver.csv
vancouver,2008,bmw,328i hardtop convertible,10900.0,excellent,77000.0,gas,automatic,https://vancouver.craigslist.org/rch/cto/d/richmond-2008-bmw-328i-hardtop/7889719682.html,2008 BMW 328i Hardtop Cabriolet low kms,craigslist_vancouver.csv
vancouver,2006,ford,taurus se,1950.0,,165000.0,gas,other,https://vancouver.craigslist.org/bnc/cto/d/burnaby-2006-ford-taurus-se-165k-km/7887658783.html,2006 ford Taurus se 165k km auto v6 fully loaded leather,craigslist_vancouver.csv
vancouver,2015,Chevrolet,Traverse 2015,18299.0,excellent,97000.0,gas,automatic,https://vancouver.craigslist.org/van/cto/d/burnaby-chevrolet-traverse-2015/7889718523.html,Chevrolet Traverse 2015,craigslist_vancouver.csv
vancouver,2014,dodge,grand caravan SXT,6500.0,excellent,188000.0,gas,automatic,https://vancouver.craigslist.org/van/cto/d/vancouver-2014-dodge-grand-caravan-sxt/7889718144.html,"2014 Dodge Grand Caravan SXT, 188k",craigslist_vancouver.csv
vancouver,2014,acura,rlx,11990.0,like new,205000.0,gas,automatic,https://vancouver.craigslist.org/pml/cto/d/coquitlam-2014-acura-rlx-like-new/7886351571.html,2014 ACURA RLX LIKE NEW CONDITION,craigslist_vancouver.csv
vancouver,2012,jeep,wrangler unlimited,15000.0,good,199000.0,gas,manual,https://vancouver.craigslist.org/van/cto/d/squamish-jeep-wrangler-unlimited-sport/7889716984.html,Jeep Wrangler Unlimited Sport For Sale,craigslist_vancouver.csv
vancouver,2006,bmw,m5,22888.0,excellent,159222.0,gas,other,https://vancouver.craigslist.org/van/cto/d/north-vancouver-southwest-bmw-m5-v10/7888723949.html,BMW M5 V10 BLK ON BLK LOADED,craigslist_vancouver.csv
vancouver,2019,mercedes,benz,666600.0,like new,66000.0,gas,automatic,https://vancouver.craigslist.org/van/cto/d/surrey-mercedes-benz-6x6-custom-builds/7871519506.html,MERCEDES BENZ 6X6 CUSTOM BUILDS,craigslist_vancouver.csv
vancouver,2012,Jeep,?,15000.0,good,199000.0,gas,manual,https://vancouver.craigslist.org/rds/cto/d/squamish-jeep-wrangler-unlimited-sport/7889714557.html,Jeep Wrangler Unlimited Sport For Sale,craigslist_vancouver.csv
vancouver,2012,Jeep,?,15000.0,good,199000.0,gas,manual,https://vancouver.craigslist.org/rch/cto/d/squamish-jeep-wrangler-unlimited-sport/7889713742.html,Jeep Wrangler Unlimited Sport For Sale,craigslist_vancouver.csv
vancouver,2014,Ford,focus,7900.0,excellent,159000.0,gas,automatic,https://vancouver.craigslist.org/van/cto/d/vancouver-ford-focus-titanium/7881137403.html,Ford Focus Titanium,craigslist_vancouver.csv
vancouver,2021,Ford,Mustang I4 Convertible,34900.0,excellent,71000.0,gas,automatic,https://vancouver.craigslist.org/rch/cto/d/richmond-2021-ford-mustang-convertible/7888633477.html,2021 Ford Mustang Convertible Ecoboost Premium,craigslist_vancouver.csv
vancouver,2022,Tesla,Model X,79900.0,excellent,67000.0,electric,automatic,https://vancouver.craigslist.org/rch/cto/d/richmond-2022-tesla-model-awd-white/7874259919.html,"2022 Tesla Model X AWD White interior, No accidents!",craigslist_vancouver.csv
vancouver,2012,Toyota,Camry,15900.0,excellent,109500.0,gas,automatic,https://vancouver.craigslist.org/rch/cto/d/richmond-2012-toyota-camry-109k-only/7888415949.html,"2012 Toyota camry 109k only , not rebuilt",craigslist_vancouver.csv
vancouver,2002,HONDA,CRV AWD,2500.0,excellent,340000.0,gas,automatic,https://vancouver.craigslist.org/van/cto/d/vancouver-2005-hohda-crv-awd-auto/7889711874.html,"2005 HOHDA CRV AWD AUTO EXCELLENT CONDITION DRIVES PERFECT 340,000 KM",craigslist_vancouver.csv
vancouver,2000,gmc,sierra 2500hd,3500.0,good,300000.0,gas,automatic,https://vancouver.craigslist.org/pml/cto/d/port-coquitlam-central-2000-gmc-x4-ext/7886033957.html,2000 GMC 2500 4X4 EXT CAB,craigslist_vancouver.csv
vancouver,2013,Volkswagen,Passat 2.0L turbo diesel sedan,7990.0,excellent,158000.0,diesel,automatic,https://vancouver.craigslist.org/rds/cto/d/surrey-outer-northwest-2013-volkswagen/7889708633.html,2013 Volkswagen Passat 2.0L turbo diesel bluetooth GPS 158K Jetta Golf,craigslist_vancouver.csv
vancouver,2013,Kia,Rio 5P 1.6L sedan 168K,4550.0,excellent,165000.0,gas,automatic,https://vancouver.craigslist.org/rds/cto/d/surrey-outer-northwest-2013-kia-rio-5p/7889708316.html,2013 Kia Rio 5P 4 door sedan bluetooth 165K no issue yaris fit,craigslist_vancouver.csv
vancouver,2015,subaru,Forester 2.5L boxer gas engine AWD,7990.0,excellent,188000.0,gas,automatic,https://vancouver.craigslist.org/rds/cto/d/surrey-outer-northwest-2015-subaru/7889708251.html,2015 Subaru Forester 2.5L  AWD SUV camera 188k no issue Outback Rogue,craigslist_vancouver.csv
vancouver,1997,BMW,?,5000.0,fair,150000.0,gas,manual,https://vancouver.craigslist.org/pml/cto/d/port-coquitlam-north-bmnw-318-ti-1997/7889708202.html,BMNW 318 ti 1997,craigslist_vancouver.csv
vancouver,2019,BMW,X3,29900.0,excellent,66000.0,gas,automatic,https://vancouver.craigslist.org/rch/cto/d/richmond-2019-bmw-x3-55k-km-only/7889708114.html,2019 BMW X3 55K KM ONLY!,craigslist_vancouver.csv
vancouver,2015,Ram,1500 V8 5.7L hemi 4WD pickup,9550.0,excellent,242000.0,gas,automatic,https://vancouver.craigslist.org/rds/cto/d/surrey-north-2015-ram-hemi-supercrew/7889707912.html,"2015 RAM 1500 5.7L HEMI supercrew 4WD 6.6"" box  2500 3500",craigslist_vancouver.csv
vancouver,2015,Subaru,2.5L AWD reliable SUV 188K no issue,7990.0,like new,188000.0,gas,automatic,https://vancouver.craigslist.org/rds/cto/d/surrey-north-2015-subaru-forester-25l/7889707718.html,2015 Subaru Forester 2.5L  AWD SUV camera 188k no issue Outback Rogue,craigslist_vancouver.csv
vancouver,2012,hyundai,veloster,4500.0,,219000.0,gas,manual,https://vancouver.craigslist.org/van/cto/d/vancouver-2012-hyundai-veloster-sport/7870929250.html,"2012 Hyundai Veloster sport cheap on gas, insure, maintenance,",craigslist_vancouver.csv
vancouver,1999,volkswagen,passat,4900.0,excellent,174500.0,gas,manual,https://vancouver.craigslist.org/nvn/cto/d/west-vancouver-1999-vw-passat-18t-5spd/7887535214.html,1999 VW Passat 1.8T 5spd Manual,craigslist_vancouver.csv
vancouver,2014,kia,sportage lx,4900.0,excellent,199000.0,gas,automatic,https://vancouver.craigslist.org/bnc/cto/d/burnaby-2014-kia-sportage-lx/7889705031.html,2014 Kia Sportage LX,craigslist_vancouver.csv
vancouver,2021,volvo,xc40 EV,40500.0,like new,39000.0,electric,automatic,https://vancouver.craigslist.org/nvn/cto/d/west-vancouver-2021-volvo-xc40-recharge/7873367786.html,2021 VOLVO XC40 Recharge Ultimate Electric EV,craigslist_vancouver.csv
vancouver,2019,BMW,i8 ROADSTER PHEV,90900.0,like new,80000.0,hybrid,automatic,https://vancouver.craigslist.org/nvn/cto/d/west-vancouver-2019-bmw-i8-roadster-phev/7874369553.html,2019 BMW i8 ROADSTER PHEV,craigslist_vancouver.csv
vancouver,2006,nissan,pathfinder,4000.0,good,280000.0,gas,automatic,https://vancouver.craigslist.org/van/cto/d/vancouver-2006-nissan-pathfinder/7882233885.html,2006 Nissan Pathfinder,craigslist_vancouver.csv
vancouver,2015,Jetta,highline tsi sel,7600.0,excellent,223.0,gas,automatic,https://vancouver.craigslist.org/rds/cto/d/delta-quick-sale-2016-vw-jetta-tsi/7889696659.html,**QUICK SALE** 2016 VW JETTA TSI HOGHLINE *4 DOOR 4 CYL *TOP MODEL,craigslist_vancouver.csv
vancouver,2025,Continental,Cross Traffic LX,1000.0,like new,4800.0,other,other,https://vancouver.craigslist.org/rds/cto/d/surrey-tires-continental-cross-traffic/7889696444.html,Tires - Continental Cross Traffic LX 20,craigslist_vancouver.csv
vancouver,2008,VW,Passat,4900.0,excellent,149000.0,gas,automatic,https://vancouver.craigslist.org/bnc/cto/d/burnaby-2008-vw-passat-sedan/7889693375.html,2008 VW Passat sedan,craigslist_vancouver.csv
vancouver,2008,Dodge,Caliber SXT,1800.0,excellent,240000.0,gas,automatic,https://vancouver.craigslist.org/van/cto/d/vancouver-2007-dodge-caliber-sxt/7889692948.html,"2007 DODGE CALIBER SXT HATCHBACK 4 CYL 2.0 LITRE AUTO 240,000 KM",craigslist_vancouver.csv
vancouver,1973,mg,mgb,1450.0,fair,100000.0,gas,manual,https://vancouver.craigslist.org/rds/cto/d/langley-township-southwest-1973-mgb/7852323322.html,1973 MGB  project or parts,craigslist_vancouver.csv
vancouver,1980,datsun,280zx,4700.0,fair,107128.0,gas,manual,https://vancouver.craigslist.org/rds/cto/d/langley-township-southwest-datsun-280zx/7888253845.html,Datsun 280zx 1980,craigslist_vancouver.csv
vancouver,2024,ford,f-350,12500.0,excellent,248341.0,diesel,automatic,https://vancouver.craigslist.org/rds/cto/d/surrey-south-2004-f350-super-duty/7883242981.html,2004 F350 super duty,craigslist_vancouver.csv
vancouver,1991,GMC,Vandura 2500,8900.0,excellent,290000.0,gas,automatic,https://vancouver.craigslist.org/bnc/cto/d/burnaby-1991-chev-gmc-vandura-2500-get/7889684993.html,1991 Chev/GMC Vandura 2500 Get-Away Campervan,craigslist_vancouver.csv
vancouver,2018,tesla,3,19999.0,,188000.0,electric,automatic,https://vancouver.craigslist.org/rds/cto/d/surrey-2018-tesla-model-no-taxes-clean/7889687488.html,2018 Tesla Model 3 no taxes clean title,craigslist_vancouver.csv
vancouver,2020,mercedes-benz,glc-class,44000.0,,250000.0,gas,automatic,https://vancouver.craigslist.org/rds/cto/d/surrey-best-price-mercedes-benz-glc63s/7889686511.html,Best Price mercedes-benz glc63s awd 600hp,craigslist_vancouver.csv
vancouver,2012,jeep,wrangler unlimited sahara,19500.0,,218000.0,gas,manual,https://vancouver.craigslist.org/rds/cto/d/surrey-2012-jeep-wrangler-unlimited/7889685745.html,2012 Jeep Wrangler Unlimited Rubicon o.b.o,craigslist_vancouver.csv
vancouver,2017,hyundai,elantra gls,8500.0,excellent,182000.0,gas,automatic,https://vancouver.craigslist.org/rds/cto/d/surrey-north-2017-hyundai-elantra-gls/7889685558.html,2017 hyundai elantra gls in good condition,craigslist_vancouver.csv
vancouver,2007,ford,f150 lariat 4x4,4950.0,,20000.0,gas,automatic,https://vancouver.craigslist.org/rds/cto/d/surrey-2007-ford-f150-4x4-54l-fx4-lariat/7889684308.html,2007 ford f150 4x4 5.4L fx4 lariat,craigslist_vancouver.csv
vancouver,2012,Jaguar,XF R,19995.0,excellent,120000.0,gas,automatic,https://vancouver.craigslist.org/pml/cto/d/coquitlam-2012-jaguar-xf-sedan/7888555635.html,"2012 Jaguar XF R Sedan automatic 120,000KM No accidents",craigslist_vancouver.csv
vancouver,2010,mitsubishi,outlander,4000.0,good,220000.0,gas,automatic,https://vancouver.craigslist.org/pml/cto/d/port-moody-2010-mitsubishi-outlander/7889682615.html,2010 Mitsubishi Outlander,craigslist_vancouver.csv
vancouver,2009,audi,a4,6500.0,excellent,160000.0,gas,automatic,https://vancouver.craigslist.org/bnc/cto/d/burnaby-audi-a4-quattro-20-turbo-line/7886548306.html,"AUDI A4, Quattro, 2.0 Turbo, S-Line, 160 K. Looks and Runs Immaculate.",craigslist_vancouver.csv
vancouver,2003,hummer,h2,19995.0,excellent,200.0,gas,automatic,https://vancouver.craigslist.org/rds/cto/d/surrey-upper-west-2003-hummer-h2-black/7889682414.html,2003 HUMMER H2 black Collector,craigslist_vancouver.csv
vancouver,2012,Mazda,CX9,9500.0,excellent,185000.0,gas,automatic,https://vancouver.craigslist.org/rds/cto/d/delta-central-2012-mazda-cx9/7889678980.html,2012 Mazda CX9,craigslist_vancouver.csv
vancouver,2012,Toyota,?,22500.0,excellent,167000.0,gas,automatic,https://vancouver.craigslist.org/rds/cto/d/surrey-outer-northwest-2012-toyota/7883223738.html,2012 Toyota Highlander *low kms*,craigslist_vancouver.csv
vancouver,2015,Mercedes-Benz,S550,35000.0,excellent,106000.0,gas,automatic,https://vancouver.craigslist.org/van/cto/d/vancouver-2015-mercedes-benz-s550/7887956833.html,2015 Mercedes-Benz S550 4MATIC LWB – Fully Loaded Luxury Sedan,craigslist_vancouver.csv
vancouver,2008,honda,civic hybrid,3900.0,excellent,286000.0,hybrid,automatic,https://vancouver.craigslist.org/pml/cto/d/port-coquitlam-2008-honda-civic-hybrid/7889672827.html,2008 HONDA CIVIC HYBRID,craigslist_vancouver.csv
vancouver,1997,Toyota,4runner SR5,8800.0,excellent,400001.0,gas,automatic,https://vancouver.craigslist.org/van/cto/d/vancouver-1997-toyota-4runner-sr5-open/7867183921.html,1997 TOYOTA 4RUNNER SR5! Open to Reasonable OFFERS!,craigslist_vancouver.csv
vancouver,2013,Honda,Civic,100.0,new,100000.0,gas,automatic,https://vancouver.craigslist.org/rds/cto/d/surrey-upper-west-2013-honda-civic/7889660941.html,2013 HONDA CIVIC ORIGINAL FLOOR MAT SET (NEW),craigslist_vancouver.csv
vancouver,2003,toyota,echo,1500.0,good,330000.0,gas,automatic,https://vancouver.craigslist.org/rds/cto/d/surrey-2003-toyota-echo-runs-great/7889654366.html,2003 Toyota Echo - Runs Great - Daily Commute,craigslist_vancouver.csv
vancouver,2007,ford,escape xlt,1900.0,excellent,299000.0,gas,automatic,https://vancouver.craigslist.org/van/cto/d/surrey-northeast-2007-ford-escape-xlt/7889652118.html,2007 ford escape xlt awd,craigslist_vancouver.csv
vancouver,2011,nissan,leaf,4250.0,excellent,150000.0,electric,automatic,https://vancouver.craigslist.org/rds/cto/d/surrey-outer-northwest-low-mileage/7882236034.html,*****LOW MILEAGE fully Electric 2012 nissan leaf runs great zero issues no accid,craigslist_vancouver.csv
vancouver,2024,Chevrolet,Trax,26999.0,excellent,42780.0,gas,automatic,https://vancouver.craigslist.org/rds/ctd/d/surrey-lower-west-2024-chevrolet-trax/7889648871.html,"2024 Chevrolet Trax FWD ACTIV SUV: 1-OWNER, NO ACCIDENTS",craigslist_vancouver.csv
vancouver,1969,cadillac,deville,16900.0,,26800.0,gas,automatic,https://vancouver.craigslist.org/bnc/cto/d/burnaby-1969-cadillac-deville/7887310297.html,1969 cadillac deville convertable,craigslist_vancouver.csv
vancouver,2024,Ram,1500 Laramie,64321.0,excellent,14882.0,electric,automatic,https://vancouver.craigslist.org/rds/ctd/d/surrey-lower-west-2024-ram-1500-laramie/7889646179.html,"2024 Ram 1500 Laramie 4x4 Crew Cab 5'7"" Box: ACCIDENT-FREE",craigslist_vancouver.csv
vancouver,2024,tesla,cyber ruck,,,,electric,other,https://vancouver.craigslist.org/nvn/cto/d/north-vancouver-northwest-central-free/7874536903.html,Free tesla $3000 discount referral code,craigslist_vancouver.csv
vancouver,1998,eagle,talon esi,4950.0,good,113.0,gas,automatic,https://vancouver.craigslist.org/rds/cto/d/surrey-north-1998-eagle-talon-esi-4950/7852455232.html,1998 Eagle Talon ESI $4950 or best offer,craigslist_vancouver.csv
vancouver,2003,Mercedes,Benz E320 Sport,8900.0,excellent,205000.0,gas,automatic,https://vancouver.craigslist.org/rds/cto/d/surrey-north-2003-mercedes-benz-e320/7852455014.html,2003 Mercedes Benz E320 Sports Edition with Airmatic suspension,craigslist_vancouver.csv
vancouver,2005,audi,a4 quattro,4500.0,excellent,210000.0,gas,automatic,https://vancouver.craigslist.org/van/cto/d/vancouver-2005-audi-a4-avant-wagon-awd/7888345187.html,2005 Audi A4 Avant Wagon AWD,craigslist_vancouver.csv
vancouver,2020,land,rover range rover evoque,36880.0,like new,60000.0,gas,automatic,https://vancouver.craigslist.org/rch/cto/d/richmond-2020-land-rover-range-rover/7873500793.html,2020 Land Rover Range Rover Evoque P250 SE,craigslist_vancouver.csv
vancouver,2000,Gmc,?,16000.0,excellent,9000.0,gas,automatic,https://vancouver.craigslist.org/van/cto/d/north-island-new-gmc-3500-vortex-crate/7887071464.html,New GMC 3500 Vortex Crate Engine 5.7L,craigslist_vancouver.csv
vancouver,2006,acura,tl,1950.0,,239000.0,gas,automatic,https://vancouver.craigslist.org/van/cto/d/burnaby-2006-acura-tl/7889642296.html,2006 Acura TL,craigslist_vancouver.csv
vancouver,2009,Toyota,Crown Majesta 4.6 V8,18250.0,excellent,64300.0,gas,automatic,https://vancouver.craigslist.org/rch/cto/d/north-vancouver-toyota-crown-majesta-46/7875311694.html,Toyota Crown Majesta 4.6 V8,craigslist_vancouver.csv
vancouver,2009,Lexus,HS250h,17750.0,like new,69022.0,gas,automatic,https://vancouver.craigslist.org/rch/cto/d/richmond-lexus-hs250h-hybrid/7875285794.html,Lexus HS250h Hybrid,craigslist_vancouver.csv
vancouver,1951,Nash,?,16000.0,excellent,33000.0,gas,manual,https://vancouver.craigslist.org/rds/cto/d/surrey-1951-nash-airflyte-aka-canadian/7889173885.html,1951 Nash Airflyte (AKA Canadian Statesman) ICBC collector plated,craigslist_vancouver.csv
vancouver,2007,dodge,nitro,3800.0,good,245.0,gas,automatic,https://vancouver.craigslist.org/rds/cto/d/surrey-inner-northwest-dodge-nitro-2007/7889640734.html,Dodge nitro 2007,craigslist_vancouver.csv
vancouver,2004,mazda,mx-5 miata,14800.0,,82500.0,gas,manual,https://vancouver.craigslist.org/van/cto/d/richmond-2004-mazda-mx-miata-ls-6mt/7883517012.html,"2004 Mazda MX-5 Miata LS, 6MT, Clean Title, Low 82k km",craigslist_vancouver.csv
vancouver,2010,Nissan,Altima,6000.0,good,140000.0,gas,automatic,https://vancouver.craigslist.org/van/cto/d/vancouver-2010-nissan-altima-se/7889640665.html,2010 Nissan Altima SE,craigslist_vancouver.csv
vancouver,2008,toyota,rav4,8800.0,excellent,218000.0,gas,automatic,https://vancouver.craigslist.org/bnc/cto/d/burnaby-toyota-rav-for-sale/7889640179.html,Toyota Rav4 2008 For Sale!!,craigslist_vancouver.csv
vancouver,2010,Lexus,rx350,145000.0,excellent,173000.0,gas,automatic,https://vancouver.craigslist.org/bnc/cto/d/burnaby-2010-lexus-rx350/7889640177.html,2010 Lexus rx350,craigslist_vancouver.csv
vancouver,2023,mercedes-benz,sprinter 2500,79000.0,new,1705.0,diesel,automatic,https://vancouver.craigslist.org/van/cto/d/vancouver-2023-mercedes-sprinter-144/7879124564.html,2023 Mercedes Sprinter 144 Reefer Van,craigslist_vancouver.csv
vancouver,2019,mercedes-benz,sprinter 2500,55000.0,,124000.0,diesel,automatic,https://vancouver.craigslist.org/van/cto/d/vancouver-2019-mercedes-sprinter-reefer/7879124928.html,"2019 Mercedes Sprinter Reefer Van (170 high-roof, diesel)",craigslist_vancouver.csv
vancouver,2007,honda,civic,3500.0,good,260000.0,gas,manual,https://vancouver.craigslist.org/van/cto/d/vancouver-2007-honda-civic-clean-manual/7880906522.html,2007 Honda Civic Clean Manual - DEAL,craigslist_vancouver.csv
vancouver,2001,toyota,highlander,1800.0,fair,240000.0,gas,automatic,https://vancouver.craigslist.org/rds/cto/d/surrey-inner-northwest-2001-toyota/7888016764.html,2001 Toyota Highlander,craigslist_vancouver.csv
vancouver,2011,honda,ridgeline,9900.0,excellent,237000.0,gas,automatic,https://vancouver.craigslist.org/rds/cto/d/surrey-inner-northwest-2011-honda/7887791790.html,2011 Honda Ridgeline,craigslist_vancouver.csv
vancouver,2011,hyundai,santa fe,5900.0,excellent,147000.0,gas,automatic,https://vancouver.craigslist.org/rds/cto/d/surrey-inner-northwest-2011-hyundai/7883716549.html,2011 Hyundai Santa Fe,craigslist_vancouver.csv
vancouver,2006,toyota,tacoma,6900.0,excellent,220000.0,gas,automatic,https://vancouver.craigslist.org/rds/cto/d/surrey-inner-northwest-2006-tacoma/7888923089.html,2006 Tacoma,craigslist_vancouver.csv
vancouver,2012,hyundai,veloster,4500.0,,220000.0,gas,automatic,https://vancouver.craigslist.org/van/cto/d/vancouver-2012-hyundai-veloster-sport/7877970256.html,2012 Hyundai Veloster Sport GT Atención first students,craigslist_vancouver.csv
vancouver,2006,jeep,liberty limited,4800.0,excellent,260000.0,diesel,manual,https://vancouver.craigslist.org/van/cto/d/vancouver-jeep-liberty-diesel-4yl/7889636519.html,Jeep  LIBERTY diesel 4yl.,craigslist_vancouver.csv
vancouver,2021,mitsubishi,eclipse cross,600.0,excellent,90000.0,gas,automatic,https://vancouver.craigslist.org/nvn/cto/d/west-vancouver-south-car-for-rent-600/7889636340.html,"Car for Rent, 600 per month, available for November",craigslist_vancouver.csv
vancouver,2010,Pontiac,g5,5500.0,,96500.0,gas,manual,https://vancouver.craigslist.org/van/cto/d/vancouver-pontiac-2010-g5-low/7889633530.html,Pontiac 2010 G5 low Kilometers 96k,craigslist_vancouver.csv
vancouver,2011,Toyota,?,24700.0,like new,54000.0,gas,automatic,https://vancouver.craigslist.org/van/cto/d/vancouver-toyota-venza-km-collectors/7882258639.html,"Toyota Venza 54,000 km Collector’s condition trade v6 awd",craigslist_vancouver.csv
vancouver,2019,toyota,rav4 limited,34888.0,like new,124570.0,hybrid,automatic,https://vancouver.craigslist.org/bnc/cto/d/vancouver-2019-toyota-rav-limited-hybrid/7889630584.html,2019 Toyota Rav 4 Limited Hybrid,craigslist_vancouver.csv
vancouver,2006,honda,cr-v,4159.0,excellent,450000.0,gas,automatic,https://vancouver.craigslist.org/rds/cto/d/burnaby-2006-honda-cr-very-clean-record/7875713008.html,"2006 Honda CR-V ***Very Clean, record maintance available",craigslist_vancouver.csv
vancouver,2006,honda,crv,4159.0,excellent,450000.0,gas,automatic,https://vancouver.craigslist.org/rds/cto/d/burnaby-2006-honda-cr-record-maintance/7875707355.html,2006 Honda CR-V record maintance available,craigslist_vancouver.csv
vancouver,2017,dodge,ram 1500,25500.0,excellent,116000.0,gas,automatic,https://vancouver.craigslist.org/rds/cto/d/surrey-north-2017-dodge-1500-ram-laramie/7889632325.html,2017 Dodge 1500 Ram Laramie,craigslist_vancouver.csv
vancouver,2010,land,rover lr2 hse,15300.0,excellent,90000.0,gas,automatic,https://vancouver.craigslist.org/van/cto/d/vancouver-2010-landrover-lr2-clean-no/7852092042.html,2010 landrover lr2 - clean no accidents - low km,craigslist_vancouver.csv
vancouver,2003,toyota,sienna,3999.0,,260000.0,gas,automatic,https://vancouver.craigslist.org/pml/cto/d/surrey-2003-toyota-sienna/7889631687.html,2003 Toyota Sienna,craigslist_vancouver.csv
vancouver,2000,audi,tt,5500.0,excellent,120000.0,gas,manual,https://vancouver.craigslist.org/nvn/cto/d/north-vancouver-audi-tt-year-2000/7870218090.html,"audi TT,  year 2000",craigslist_vancouver.csv
vancouver,1999,mazda,mx-5 miata,5750.0,,248000.0,gas,manual,https://vancouver.craigslist.org/rch/cto/d/richmond-south-99-sport-mazda-miata-mx5/7889631170.html,99 Sport Mazda Miata MX5,craigslist_vancouver.csv
vancouver,2020,Ford,Explorer ST,31995.0,excellent,112789.0,gas,automatic,https://vancouver.craigslist.org/van/ctd/d/surrey-north-2020-ford-150-xlt-4x4/7889630342.html,2020 Ford F-150 XLT 4x4 SuperCab Styleside 6.5 ft. box: ACCIDENT-FREE,craigslist_vancouver.csv
vancouver,2003,ford,f-150,2000.0,good,250000.0,gas,automatic,https://vancouver.craigslist.org/rds/cto/d/surrey-northeast-2003-ford-f150/7889629564.html,2003 Ford f150,craigslist_vancouver.csv
vancouver,2019,Ford,Escape,23555.0,excellent,96832.0,gas,automatic,https://vancouver.craigslist.org/van/ctd/d/surrey-north-2019-ford-escape-titanium/7889629687.html,"2019 Ford Escape Titanium 4x4 SUV: LOCAL, MINT CONDITION",craigslist_vancouver.csv
vancouver,2008,toyota,sienna,12000.0,good,116350.0,gas,automatic,https://vancouver.craigslist.org/pml/cto/d/coquitlam-2008-toyota-sienna/7887529420.html,2008 Toyota Sienna,craigslist_vancouver.csv
vancouver,2018,Infiniti,QX60,24809.0,excellent,87621.0,gas,automatic,https://vancouver.craigslist.org/van/ctd/d/surrey-north-2018-infiniti-qx60-cvt-awd/7889629190.html,"2018 Infiniti QX60 (CVT) AWD SUV: BC LOCAL, LOW KMS",craigslist_vancouver.csv
vancouver,2024,Jeep,2024,30500.0,like new,13500.0,gas,automatic,https://vancouver.craigslist.org/van/cto/d/delta-jeep-compass/7889628775.html,Jeep Compass,craigslist_vancouver.csv
vancouver,2012,kia,soul,4990.0,like new,183000.0,gas,automatic,https://vancouver.craigslist.org/rds/cto/d/delta-northeast-2012-kia-soul/7889628543.html,2012 kia Soul,craigslist_vancouver.csv
vancouver,2022,hyundai,venue ex,18990.0,like new,73000.0,gas,automatic,https://vancouver.craigslist.org/rds/cto/d/surrey-inner-northwest-2022-hyundai/7888139288.html,2022 Hyundai Venue Preferred EX,craigslist_vancouver.csv
vancouver,2016,toyota,prius,13990.0,like new,159500.0,hybrid,automatic,https://vancouver.craigslist.org/rds/cto/d/delta-northeast-2016-toyota-prius-hybrid/7877131181.html,2016 Toyota Prius C hybrid,craigslist_vancouver.csv
vancouver,2022,toyota,corolla,17990.0,excellent,68000.0,gas,automatic,https://vancouver.craigslist.org/rds/cto/d/delta-northeast-2022-toyota-corolla/7868392821.html,2022 Toyota Corolla,craigslist_vancouver.csv
vancouver,2019,tesla,3,16990.0,like new,149800.0,electric,automatic,https://vancouver.craigslist.org/rds/cto/d/surrey-inner-northwest-2019-tesla/7888132907.html,2019 tesla 3,craigslist_vancouver.csv
vancouver,2019,dodge,ram 1500,14990.0,like new,214000.0,gas,automatic,https://vancouver.craigslist.org/rds/cto/d/surrey-inner-northwest-2019-dodge-ram/7880636943.html,2019 Dodge Ram 1500 Classic 4 x 4,craigslist_vancouver.csv
vancouver,2014,dodge,grand caravan,6990.0,like new,162000.0,gas,automatic,https://vancouver.craigslist.org/rds/cto/d/surrey-inner-northwest-2014-dodge-grand/7880248378.html,2014 Dodge Grand Caravan,craigslist_vancouver.csv
vancouver,2019,mitsubishi,mirage,8490.0,like new,172000.0,gas,automatic,https://vancouver.craigslist.org/rds/cto/d/surrey-inner-northwest-2019-mitsubishi/7884476645.html,2019 Mitsubishi Mirage,craigslist_vancouver.csv
vancouver,1964,sunbeam,alpine v8,50000.0,new,2100.0,gas,manual,https://vancouver.craigslist.org/rds/cto/d/langley-1964-sunbeam-tiger-tribute/7889628080.html,1964 SUNBEAM TIGER TRIBUTE,craigslist_vancouver.csv
vancouver,2008,infiniti,g37s,15995.0,excellent,300000.0,gas,automatic,https://vancouver.craigslist.org/van/cto/d/chilliwack-central-2008-infiniti-g37s/7887649928.html,"2008 Infiniti G37S Auto W/Paddle Shifters, Outstanding Condition",craigslist_vancouver.csv
vancouver,2015,nissan,frontier,10500.0,,110000.0,gas,automatic,https://vancouver.craigslist.org/rds/cto/d/surrey-cheapest-2015-nissan-frontier/7889627854.html,Cheapest 2015 Nissan Frontier 4x4 canopy,craigslist_vancouver.csv
vancouver,2017,GMC,Canyon SLT,25995.0,excellent,182200.0,gas,automatic,https://vancouver.craigslist.org/van/ctd/d/surrey-north-2017-gmc-canyon-slt-4x4/7889628212.html,2017 GMC Canyon SLT 4x4 Crew Cab 5 ft. box: ACCIDENT-FREE,craigslist_vancouver.csv
vancouver,2013,mercedes-benz,ml 350,12000.0,excellent,200000.0,diesel,automatic,https://vancouver.craigslist.org/pml/cto/d/port-coquitlam-north-mercedes-ml-350/7889627714.html,MERCEDES ML 350 DIESEL,craigslist_vancouver.csv
vancouver,2010,ford,f150 platinum 4x4,7699.0,,98000.0,gas,automatic,https://vancouver.craigslist.org/rds/cto/d/surrey-2010-ford-f150-4x4-platinum-54l/7889626948.html,2010 Ford F150 4x4 platinum 5.4L flex fuel,craigslist_vancouver.csv
vancouver,2011,jeep,wrangler unlimited sahara,12399.0,,88000.0,gas,automatic,https://vancouver.craigslist.org/rds/cto/d/surrey-going-cheap-2011-jeep-wrangler/7889626620.html,Going cheap 2011 Jeep Wrangler 4x4 sahara,craigslist_vancouver.csv
vancouver,2009,mercedes-benz,s-class,9995.0,excellent,200000.0,gas,automatic,https://vancouver.craigslist.org/nvn/cto/d/north-vancouver-outer-east-2009/7889626473.html,2009 Mercedes-Benz S450 4 Matic AWD S Class Sonderklasse,craigslist_vancouver.csv
vancouver,2016,dodge,ram 1500 4x4,13799.0,,20000.0,diesel,automatic,https://vancouver.craigslist.org/rds/cto/d/surrey-2016-ram-x4-eco-diesel-1000k-in/7889626366.html,2016 ram 1500 4x4 eco diesel 1000k in tank,craigslist_vancouver.csv
vancouver,2007,volkswagen,golf gti,5199.0,,20000.0,gas,manual,https://vancouver.craigslist.org/rds/cto/d/surrey-2007-volkswagen-golf-gti-6spd/7889626077.html,2007 Volkswagen Golf GTI 6spd 4cyl turbo,craigslist_vancouver.csv
vancouver,2011,Chevrolet,Equinox,4300.0,good,230000.0,gas,automatic,https://vancouver.craigslist.org/van/cto/d/vancouver-2011-chevrolet-equinox/7885027988.html,2011 Chevrolet Equinox,craigslist_vancouver.csv
vancouver,2013,dodge,grand caravan,5300.0,,110000.0,gas,automatic,https://vancouver.craigslist.org/rds/cto/d/surrey-2013-dodge-grand-caravan-stow-go/7889625547.html,2013 Dodge grand caravan Stow n go 7 seat,craigslist_vancouver.csv
vancouver,2003,ford,explorer,3300.0,,240000.0,gas,automatic,https://vancouver.craigslist.org/rds/cto/d/surrey-2003-ford-explorer-4x4-eddie/7889625261.html,2003 ford explorer 4x4 Eddie bauer v8 tow pack,craigslist_vancouver.csv
vancouver,2013,Izuzu,NRR,21000.0,good,167700.0,diesel,automatic,https://vancouver.craigslist.org/rds/cto/d/surrey-isuzu-nrr/7879148976.html,Isuzu NRR,craigslist_vancouver.csv
vancouver,2017,dodge,charger,18900.0,,20000.0,gas,automatic,https://vancouver.craigslist.org/rds/cto/d/surrey-2017-dodge-charger-daytona-400hp/7889624644.html,2017 Dodge Charger Daytona 400hp Hemi V8,craigslist_vancouver.csv
vancouver,2020,Ford,F-150 XLT,34995.0,excellent,88854.0,gas,automatic,https://vancouver.craigslist.org/van/ctd/d/surrey-north-2020-ford-150-xlt-4x4/7889624682.html,2020 Ford F-150 XLT 4x4 SuperCab Styleside 6.5 ft. box |  BC TRUCK,craigslist_vancouver.csv
vancouver,2015,dodge,grand caravan,8850.0,,149000.0,gas,automatic,https://vancouver.craigslist.org/rds/cto/d/surrey-2015-dodge-grand-caravan-stow-go/7889624182.html,2015 Dodge Grand Caravan stow n go low k,craigslist_vancouver.csv
vancouver,2015,Chrysler,Town & Country - Fully Loaded,12750.0,like new,169550.0,gas,automatic,https://vancouver.craigslist.org/van/cto/d/vancouver-2015-chrysler-town-country/7888428515.html,2015 Chrysler Town & Country like NEW in a Very Perfect Condition,craigslist_vancouver.csv
vancouver,2019,nissan,nv high roof,10500.0,,288000.0,gas,automatic,https://vancouver.craigslist.org/rds/cto/d/surrey-2019-nissan-nv3500-high-roof/7889623442.html,2019 Nissan NV3500 high roof cargo 5.6L,craigslist_vancouver.csv
vancouver,2020,Dodge,Challenger R/T,50932.0,excellent,26000.0,gas,automatic,https://vancouver.craigslist.org/van/ctd/d/surrey-north-2020-dodge-challenger-t/7889623834.html,"2020 Dodge Challenger R/T RWD Coupe: LOW KMS, CLEAN CARFAX",craigslist_vancouver.csv
vancouver,2008,Dodge,Grand Caravan SXT Fully Loaded,5750.0,excellent,267660.0,gas,automatic,https://vancouver.craigslist.org/van/cto/d/vancouver-2008-dodge-grand-caravan-sxt/7888423776.html,2008 Dodge Grand Caravan SXT - Fully Loaded - Excellent Condition,craigslist_vancouver.csv
vancouver,2021,Toyota,Tacoma,53998.0,excellent,19141.0,gas,automatic,https://vancouver.craigslist.org/van/ctd/d/surrey-north-2021-toyota-tacoma-4x4/7889623207.html,"2021 Toyota Tacoma 4x4 Double Cab 6 ft. box: LOCAL, NO ACCIDENTS",craigslist_vancouver.csv
vancouver,2004,toyota,corolla,3200.0,like new,299999.0,gas,automatic,https://vancouver.craigslist.org/rds/cto/d/surrey-toyota-corolla/7888934322.html,Toyota corolla,craigslist_vancouver.csv
vancouver,2012,jeep,grand cherokee,8000.0,good,265000.0,gas,automatic,https://vancouver.craigslist.org/van/cto/d/vancouver-2012-jeep-grand-cherokee/7889622007.html,2012 Jeep Grand Cherokee - Sunroof - AC - Camera -Bluetooth - Leather,craigslist_vancouver.csv
vancouver,1991,toyota,previa,2800.0,,280000.0,gas,automatic,https://vancouver.craigslist.org/bnc/cto/d/burnaby-1991-toyota-previa-le/7888689977.html,1991 Toyota previa le,craigslist_vancouver.csv
vancouver,2006,honda,ridgeline,4800.0,,220000.0,gas,automatic,https://vancouver.craigslist.org/bnc/cto/d/burnaby-2006-honda-pick-up-ridgeline/7883927229.html,2006 Honda pick up ridgeline,craigslist_vancouver.csv
vancouver,2019,chevrolet,cruze,13500.0,like new,67000.0,gas,automatic,https://vancouver.craigslist.org/van/cto/d/burnaby-2019-chevrolet-cruze-rs-67k-kms/7881139582.html,2019 Chevrolet Cruze RS 67k kms only MINT,craigslist_vancouver.csv
vancouver,2014,Chevrolet,Cruise LTZ,7800.0,like new,156000.0,gas,automatic,https://vancouver.craigslist.org/bnc/cto/d/coquitlam-2014-chevrolet-cruise-ltz/7888942825.html,2014 Chevrolet Cruise LTZ,craigslist_vancouver.csv
vancouver,2015,Subaru,Forester 2.5L boxer gas engine AWD,7990.0,excellent,188000.0,gas,automatic,https://vancouver.craigslist.org/rds/cto/d/surrey-outer-northwest-2015-subaru/7889620103.html,2015 Subaru Forester 2.5L  AWD SUV camera 188k no issue Outback Rogue,craigslist_vancouver.csv
vancouver,2008,ford,f350 super duty,15000.0,,178000.0,diesel,automatic,https://vancouver.craigslist.org/van/cto/d/north-saanich-2008-ford-f350-super-duty/7889143995.html,"2008 Ford F350 Super Duty, 6.4 Diesel, Aluminum Dump Box",craigslist_vancouver.csv
vancouver,1969,jaguar,xk,100000.0,,1.0,gas,other,https://vancouver.craigslist.org/van/cto/d/victoria-jaguar-xke-wanted-to-buy/7881813864.html,Jaguar XKE Wanted to Buy,craigslist_vancouver.csv
vancouver,1982,toyota,?,50000.0,,99999.0,diesel,manual,https://vancouver.craigslist.org/van/cto/d/victoria-south-land-cruiser-diesel/7875131039.html,"Land Cruiser Diesel Wanted BJ40, BJ42",craigslist_vancouver.csv
vancouver,2007,2007,?,6700.0,excellent,198000.0,gas,automatic,https://vancouver.craigslist.org/rds/cto/d/surrey-east-2007-honda-civic/7889618976.html,2007 Honda civic,craigslist_vancouver.csv
vancouver,2009,hyundai,santa fe,5990.0,fair,203000.0,gas,automatic,https://vancouver.craigslist.org/rch/cto/d/vancouver-2009-hyundai-santa-fe-gls-awd/7889618941.html,2009 Hyundai Santa Fe GLS AWD 3.3L V6,craigslist_vancouver.csv
vancouver,2010,gmc,savana,,excellent,99000.0,gas,automatic,https://vancouver.craigslist.org/rds/ctd/d/surrey-outer-northwest-huge-inventory/7889619026.html,Huge Inventory of Cargo Van Work Van For Rent GMC Savana Chevy Express,craigslist_vancouver.csv
vancouver,2001,GMC,SAVANA 1500 CARGO VAN,5000.0,good,243000.0,gas,automatic,https://vancouver.craigslist.org/bnc/cto/d/new-westminster-southwest-2001-gmc/7879598959.html,2001 GMC SAVANA 1500,craigslist_vancouver.csv
vancouver,2010,subaru,wrx,8800.0,,220.0,gas,manual,https://vancouver.craigslist.org/rch/cto/d/richmond-2010-subaru-impreza-wrx/7884925424.html,2010 subaru impreza WRX,craigslist_vancouver.csv
vancouver,2023,Ford,Bronco Sport Heritage,35980.0,excellent,25418.0,gas,automatic,https://vancouver.craigslist.org/van/ctd/d/surrey-north-2023-ford-bronco-sport/7889617191.html,"2023 Ford Bronco Sport Heritage 4x4 SUV: CLEAN CARFAX, LOW KMS",craigslist_vancouver.csv
vancouver,2008,bmw,m3,48888.0,like new,100600.0,gas,manual,https://vancouver.craigslist.org/bnc/cto/d/new-westminster-southwest-2008-bmw-e92/7885778652.html,"2008 BMW E92 M3 Alpine White on Fox Red 6-Speed, Clean title low kms",craigslist_vancouver.csv
toronto,2007,Chevrolet,Silverado 1/2 Ton LS,28500.0,excellent,10000,gas,automatic,https://toronto.craigslist.org/oak/cto/d/burlington-2007-chevy-silverado-extcab/7863374890.html,2007 Chevy Silverado extcab 4x4 LTZ LS3 6.2L 581Hp,craigslist_toronto.csv
toronto,2000,HONDA,INSIGHT,9999.0,like new,140000,hybrid,manual,https://toronto.craigslist.org/yrk/cto/d/concord-2000-honda-insight/7886380546.html,2000 HONDA INSIGHT,craigslist_toronto.csv
toronto,2015,AUDI,?,200.0,,100,gas,automatic,https://toronto.craigslist.org/yrk/cto/d/richmond-hill-southwest-audi-set/7879318350.html,AUDI SET/4 18''ALUMINIUM RIMS AND TIRES IN EXC.C,craigslist_toronto.csv
toronto,2007,toyota,camry,1000.0,,105354,gas,automatic,https://toronto.craigslist.org/tor/cto/d/don-mills-south-toyota-camry/7889658669.html,Toyota Camry,craigslist_toronto.csv
toronto,2018,n/n,?,390.0,,2000,other,other,https://toronto.craigslist.org/tor/cto/d/north-york-all-weatheo-seasonal-change/7889596142.html,4 all Weatheo seasonal change no need to store... snow rated,craigslist_toronto.csv
toronto,2012,mini,cooper clubman s,6200.0,good,104000,gas,automatic,https://toronto.craigslist.org/tor/cto/d/north-york-2012-mini-copper-clubman/7889588786.html,2012 mini copper clubman S,craigslist_toronto.csv
toronto,1967,FORD,MUSTANG,97777.0,excellent,8200,gas,automatic,https://toronto.craigslist.org/tor/ctd/d/scarborough-1967-ford-mustang-427/7881740046.html,1967 FORD MUSTANG 427 POWERED RESTO-MOD|5KMILES|RARE|MINTCONDITION,craigslist_toronto.csv
toronto,1973,BMW,2002,49777.0,excellent,58500,gas,manual,https://toronto.craigslist.org/tor/ctd/d/scarborough-1973-bmw-125hp-speed-manual/7889570500.html,1973 BMW 2002 2.0L 125HP 4 SPEED MANUAL |RECAROSEATS|POWERTRUNK,craigslist_toronto.csv
toronto,2013,toyota,matrix,11888.0,good,135000,gas,automatic,https://toronto.craigslist.org/tor/ctd/d/east-toronto-2013-toyota-matrix/7889561964.html,2013 Toyota Matrix,craigslist_toronto.csv
toronto,2021,MERCEDES-BENZ,CLS 53 AMG 4MATIC+ COUPE,62777.0,like new,71900,gas,automatic,https://toronto.craigslist.org/tor/ctd/d/scarborough-2021-mercedes-benz-cls-53/7889560676.html,2021 MERCEDES-BENZ CLS 53 AMG 4MATIC+ COUPE 429HP|INTEL.DRIVE|AMGDRVRS,craigslist_toronto.csv
toronto,2016,CHEVROLET,CORVETTE Z06 C7.R SPECIAL EDITION,127777.0,like new,6400,gas,automatic,https://toronto.craigslist.org/tor/ctd/d/scarborough-2016-chevrolet-corvette-z06/7881954404.html,2016 CHEVROLET CORVETTE Z06 C7.R SPECIAL EDITION Z07 3LZ 650HP |RARE,craigslist_toronto.csv
toronto,2022,CADILLAC,CT5-V BLACKWING,127777.0,like new,26700,gas,automatic,https://toronto.craigslist.org/tor/ctd/d/scarborough-2022-cadillac-ct5-blackwing/7888876137.html,2022 CADILLAC CT5-V BLACKWING 668HP|CARBONCERAMIC|CARBON1&2|LOADED|HUD,craigslist_toronto.csv
toronto,2013,DODGE,SRT VIPER GTS COUPE,192777.0,excellent,17600,gas,manual,https://toronto.craigslist.org/tor/ctd/d/scarborough-2013-dodge-srt-viper-gts/7885736632.html,2013 DODGE SRT VIPER GTS V10 640HP |CARBON.EXT|REDINT|1OWNER|NOACCIDNT,craigslist_toronto.csv
toronto,2013,BMW,M6 COUPE,59777.0,excellent,39200,gas,automatic,https://toronto.craigslist.org/tor/ctd/d/scarborough-2013-bmw-m6-coupe-v8/7882465161.html,2013 BMW M6 COUPE V8 560HP|CARBONROOF|NOACCIDNT|EXEC.PKG|SERVCERECORDS,craigslist_toronto.csv
toronto,2018,PORSCHE,PANAMERA TURBO S E-HYBRID SPORT TURISMO,167777.0,excellent,39500,hybrid,automatic,https://toronto.craigslist.org/tor/ctd/d/scarborough-2018-porsche-panamera-turbo/7881031340.html,2018 PORSCHE PANAMERA TURBO S E-HYBRID SPORT TURISMO 680HP |FRONTPPF,craigslist_toronto.csv
toronto,2013,MERCEDES,BENZ SL 550 ROADSTER,52777.0,excellent,50800,gas,automatic,https://toronto.craigslist.org/tor/ctd/d/scarborough-2013-mercedes-benz-sl-550/7879512950.html,2013 MERCEDES-BENZ SL 550 ROADSTER V8 429HP|EDITION1|NOACCIDNT|REDINT,craigslist_toronto.csv
toronto,2017,CHEVROLET,CAMARO ZL1 1LE MANUAL,137777.0,like new,2700,gas,manual,https://toronto.craigslist.org/tor/ctd/d/scarborough-2022-chevrolet-camaro-zl1/7889550064.html,2022 CHEVROLET CAMARO ZL1 1LE EXTREME TRACK PACK MANUAL 650HP|RARESPEC,craigslist_toronto.csv
toronto,2018,DODGE,CHALLENGER SRT HELLCAT WIDEBODY,92777.0,excellent,28100,gas,automatic,https://toronto.craigslist.org/tor/ctd/d/scarborough-2018-dodge-challenger-srt/7889542428.html,2018 DODGE CHALLENGER SRT HELLCAT WIDEBODY 707HP |RARECOLOR|ROOF,craigslist_toronto.csv
toronto,2012,Chev.Cruze,LT,5999.0,excellent,157327,gas,automatic,https://toronto.craigslist.org/drh/ctd/d/oshawa-2012-chev-cruze-lt-certified-and/7885730429.html,"2012 Chev. Cruze LT."" Certified and Warranty.""",craigslist_toronto.csv
toronto,2019,DODGE,CHALLENGER SRT HELLCAT REDEYE,117777.0,like new,13300,gas,automatic,https://toronto.craigslist.org/tor/ctd/d/scarborough-2019-dodge-challenger-srt/7889529971.html,2019 DODGE CHALLENGER SRT HELLCAT REDEYE WIDEBODY 797HP |CARPLY|NAV,craigslist_toronto.csv
toronto,2018,FORD,MUSTANG SHELBY GT350R,114777.0,excellent,11700,gas,manual,https://toronto.craigslist.org/tor/ctd/d/scarborough-2018-ford-mustang-shelby/7889527637.html,2018 FORD MUSTANG SHELBY GT350R 5.2L V8 |CARBONRIMS|NOACCIDENT|1OWNER,craigslist_toronto.csv
toronto,2012,hyundai,tucson,6999.0,excellent,196011,gas,automatic,https://toronto.craigslist.org/tor/ctd/d/north-york-2012-hyundai-tucson-gls-awd/7889482093.html,2012 HYUNDAI TUCSON GLS AWD,craigslist_toronto.csv
toronto,2015,ford,fiesta se,6699.0,excellent,147093,gas,automatic,https://toronto.craigslist.org/tor/ctd/d/north-york-2015-ford-fiesta-se-hatchback/7889481776.html,2015 FORD FIESTA SE HATCHBACK,craigslist_toronto.csv
toronto,2016,chevrolet,equinox,8888.0,excellent,154004,gas,automatic,https://toronto.craigslist.org/tor/ctd/d/north-york-2016-chevrolet-equinox-ls-awd/7885547846.html,2016 CHEVROLET EQUINOX LS AWD,craigslist_toronto.csv
toronto,2012,honda,civic,7399.0,excellent,229085,gas,automatic,https://toronto.craigslist.org/tor/ctd/d/north-york-2012-honda-civic/7884349522.html,2012 HONDA CIVIC,craigslist_toronto.csv
toronto,2014,chevrolet,cruze,5999.0,excellent,184728,gas,automatic,https://toronto.craigslist.org/tor/ctd/d/north-york-2014-chevrolet-cruze-lt/7879894633.html,2014 CHEVROLET CRUZE LT,craigslist_toronto.csv
toronto,2015,dodge,grand caravan,7499.0,excellent,200536,gas,automatic,https://toronto.craigslist.org/tor/ctd/d/north-york-2015-dodge-grand-caravan-se/7879894530.html,2015 DODGE GRAND CARAVAN SE STOW & GO,craigslist_toronto.csv
toronto,2016,dodge,journey,6999.0,excellent,196495,gas,automatic,https://toronto.craigslist.org/tor/ctd/d/north-york-2016-dodge-journey-se-seven/7879894577.html,2016 DODGE JOURNEY SE SEVEN PASSENGER,craigslist_toronto.csv
toronto,1973,Ford,Bronco,6000.0,,150000,gas,automatic,https://toronto.craigslist.org/tor/cto/d/west-toronto-1973-ford-bronco/7877438820.html,1973 Ford Bronco,craigslist_toronto.csv
toronto,1979,Chevrolet,Corvette,4500.0,good,160000,gas,automatic,https://toronto.craigslist.org/yrk/cto/d/stouffville-corvette-c3-1979/7876150472.html,Corvette C3 1979,craigslist_toronto.csv
toronto,2012,Ford,Transit Connect XLT,6999.0,excellent,166826,gas,automatic,https://toronto.craigslist.org/drh/ctd/d/oshawa-2012-ford-transit-connect-xlt/7881869334.html,"2012 Ford Transit Connect XLT."" Certified Cargo Van.""",craigslist_toronto.csv
toronto,2014,Chev,Equinox LT,5999.0,like new,245395,gas,automatic,https://toronto.craigslist.org/drh/ctd/d/oshawa-2014-chev-equinox-2lt-loaded-and/7881264665.html,"2014 Chev. Equinox 2LT."" Loaded and Certified.""",craigslist_toronto.csv
toronto,2008,BMW,X3,4999.0,excellent,266758,gas,automatic,https://toronto.craigslist.org/drh/ctd/d/oshawa-2008-bmw-x3-awd-certified-and/7880237116.html,"2008 BMW X3. AWD."" Certified and Cheap.""",craigslist_toronto.csv
toronto,2006,Chrysler,Sebring Convertable,5999.0,like new,156929,gas,automatic,https://toronto.craigslist.org/drh/ctd/d/oshawa-2006-chrysler-sebring/7880289438.html,"2006 Chrysler Sebring Convertable."" Certified w/ Low Km's.""",craigslist_toronto.csv
toronto,2015,Nissan,Rogue Sv,7999.0,like new,203510,gas,automatic,https://toronto.craigslist.org/drh/ctd/d/oshawa-2015-nissan-rogue-sv-awd/7887110948.html,"2015 Nissan Rogue SV AWD,"" Certified 7 Seater 4x4.""",craigslist_toronto.csv
toronto,2013,Chev,Sonic,4999.0,excellent,133756,gas,manual,https://toronto.craigslist.org/drh/ctd/d/oshawa-2013-chev-sonic-ls-very-low-kms/7880320826.html,"2013 Chev. Sonic LS."" Very Low Km's and Certified.""",craigslist_toronto.csv
toronto,2011,MB,B200T,6999.0,excellent,137404,gas,automatic,https://toronto.craigslist.org/drh/ctd/d/oshawa-2011-mb-b200t-certified-and/7885052391.html,"2011 MB B200T."" Certified and Warranty.""",craigslist_toronto.csv
toronto,2012,Chev.Cruze,LT,5999.0,excellent,235082,gas,automatic,https://toronto.craigslist.org/drh/ctd/d/oshawa-2012-chev-cruze-lt-certified-and/7879918869.html,"2012 Chev. Cruze LT."" Certified and Cheap.""",craigslist_toronto.csv
toronto,2016,Hyundai,Accent,5999.0,excellent,239816,gas,automatic,https://toronto.craigslist.org/drh/ctd/d/oshawa-2016-hyundai-accent-se-certified/7880457119.html,"2016 Hyundai Accent SE."" Certified/ one owner/ No accidents.""",craigslist_toronto.csv
toronto,2010,Kia,Forte SX,5999.0,like new,142980,gas,automatic,https://toronto.craigslist.org/drh/ctd/d/oshawa-2010-kia-forte-sx-low-kms-and/7881615973.html,"2010 Kia Forte SX."" Low Km's and certified.""",craigslist_toronto.csv
toronto,2012,Kia,Sportage LX,4499.0,excellent,314033,gas,automatic,https://toronto.craigslist.org/drh/ctd/d/oshawa-2012-kia-sportage-lx-certified/7879918718.html,"2012 Kia Sportage LX."" Certified w/ Warranty Included.""",craigslist_toronto.csv
toronto,2015,Ford,Focus SE,6999.0,excellent,198741,gas,automatic,https://toronto.craigslist.org/drh/ctd/d/oshawa-2015-ford-focus-se-leather-and/7887216234.html,"2015 Ford Focus Se."" Leather and Sunroof.""",craigslist_toronto.csv
toronto,2011,Mazda,CX7,5999.0,excellent,206429,gas,automatic,https://toronto.craigslist.org/drh/ctd/d/oshawa-2011-mazda-cx7-loaded-and/7880784379.html,"2011 Mazda CX7 "" Loaded and Certified.""",craigslist_toronto.csv
toronto,2012,Mazda,5,4999.0,excellent,263820,gas,automatic,https://toronto.craigslist.org/drh/ctd/d/oshawa-2012-mazda-5great-driver/7880457271.html,"2012 Mazda 5.""Great driver.""",craigslist_toronto.csv
toronto,2011,Jeep,Patriot Limited,5999.0,good,157065,gas,automatic,https://toronto.craigslist.org/drh/ctd/d/oshawa-2011-jeep-patriot-limited/7887386292.html,"2011 Jeep Patriot Limited."" certified and Low Km's.""",craigslist_toronto.csv
toronto,2017,nissan,qashqai,11999.0,like new,123375,gas,automatic,https://toronto.craigslist.org/tor/ctd/d/mississauga-2017-nissan-qashqai-for-sale/7889378373.html,2017 Nissan Qashqai For Sale,craigslist_toronto.csv
toronto,2002,porsche,boxster s,12999.0,like new,135671,gas,automatic,https://toronto.craigslist.org/tor/ctd/d/mississauga-2002-porsche-boxster/7889379472.html,2002 Porsche Boxster S Convertible Rare Car Sale,craigslist_toronto.csv
toronto,2016,subaru,crosstrek,9999.0,like new,142375,gas,automatic,https://toronto.craigslist.org/tor/ctd/d/mississauga-2016-subaru-crosstrek-must/7889375749.html,2016 Subaru Crosstrek Must Sell Quick,craigslist_toronto.csv
toronto,2014,buick,encore,5999.0,like new,177000,gas,automatic,https://toronto.craigslist.org/tor/ctd/d/mississauga-2014-buick-encore-pick-up/7889377529.html,2014 Buick Encore Pick Up AS-IS,craigslist_toronto.csv
toronto,2017,subaru,legacy,9999.0,like new,160000,gas,automatic,https://toronto.craigslist.org/tor/ctd/d/mississauga-2017-subaru-legacy-cheap/7889376709.html,2017 Subaru Legacy Cheap Price First Come Basis,craigslist_toronto.csv
toronto,2014,kia,rio,4750.0,good,222549,gas,automatic,https://toronto.craigslist.org/yrk/cto/d/maple-2014-kia-rio-gdi-hatchback/7878664227.html,"2014 Kia Rio (GDI) Hatchback ""Includes Safety"" $4,750 OBO",craigslist_toronto.csv
toronto,1958,chevy,bel air,35500.0,good,100000,gas,automatic,https://toronto.craigslist.org/yrk/cto/d/maple-1958-chevy-bel-air-door-obo/7878664357.html,"1958 Chevy Bel Air 4-door $35,500.00 OBO",craigslist_toronto.csv
toronto,2014,CHEVROLET,CAMARO Z-28,124777.0,like new,700,gas,manual,https://toronto.craigslist.org/tor/ctd/d/scarborough-2014-chevrolet-camaro-v8/7889353887.html,2014 CHEVROLET CAMARO Z-28 427 V8 7.0L 505HP|CARBONCERAMIC|RARE|LOWKM,craigslist_toronto.csv
toronto,2019,FORD,MUSTANG SHELBY GT350R,127777.0,like new,4800,gas,manual,https://toronto.craigslist.org/tor/ctd/d/scarborough-2019-ford-mustang-shelby/7889351488.html,2019 FORD MUSTANG SHELBY GT350R 5.2L V8 |CARBONRIMS|RARE|NOACCIDENT,craigslist_toronto.csv
toronto,2014,ford,fiesta,10500.0,like new,47555,gas,automatic,https://toronto.craigslist.org/tor/cto/d/york-2014-ford-fiesta-se-very-low/7889237975.html,"2014 Ford Fiesta SE. Very low mileage, 47555 Km.",craigslist_toronto.csv
toronto,2020,RAM,2500,5000.0,good,100000,gas,automatic,https://toronto.craigslist.org/drh/cto/d/courtice-selling-truck/7889215744.html,Selling Truck,craigslist_toronto.csv
toronto,2014,GMC,Acadia,5000.0,excellent,343000,gas,automatic,https://toronto.craigslist.org/mss/cto/d/mississauga-2014-gmc-acadia-5000-or/7878278213.html,2014 GMC Acadia $5000 OR BEST OFFER,craigslist_toronto.csv
toronto,2013,FORD,MUSTANG SHELBY GT500,79777.0,like new,15200,gas,manual,https://toronto.craigslist.org/tor/ctd/d/scarborough-2013-ford-mustang-shelby/7889094277.html,2013 FORD MUSTANG SHELBY GT500 5.8L 662HP |RECAROSEATS|NAV|NOACCIDENT,craigslist_toronto.csv
toronto,2019,Mercedes-Benz,Metris,10000.0,fair,364000,gas,automatic,https://toronto.craigslist.org/yrk/cto/d/concord-mercedes-benz-metris-cargo-van/7874949160.html,Mercedes-Benz Metris Cargo Van 2019,craigslist_toronto.csv
toronto,2020,Mercedes-Benz,Sprinter 3500 XD,20000.0,fair,402200,diesel,automatic,https://toronto.craigslist.org/yrk/cto/d/concord-mercedes-benz-sprinter-cargo/7874935845.html,Mercedes-Benz Sprinter Cargo Van 2020 model 3500-XD-HR,craigslist_toronto.csv
toronto,2012,International,MA025 DuraStar 4300,18000.0,good,174234,diesel,automatic,https://toronto.craigslist.org/yrk/cto/d/concord-2012-international-durastar/7876454151.html,2012 International DuraStar 4300 Straight Truck - low Mileage,craigslist_toronto.csv
toronto,2020,Mercedes-Benz,Sprinter 2500,20000.0,fair,364000,diesel,automatic,https://toronto.craigslist.org/yrk/cto/d/concord-mercedes-benz-sprinter-cargo/7874882083.html,Mercedes-Benz Sprinter Cargo 2020,craigslist_toronto.csv
toronto,2012,Ford,F-550 F-Series Super Duty - Dual Rear Wheel,20500.0,good,144156,diesel,automatic,https://toronto.craigslist.org/yrk/cto/d/concord-2012-ford-550-xlt-drw-2wd-low/7876453196.html,2012 Ford F 550 XLT DRW 2WD low mileage,craigslist_toronto.csv
toronto,2020,Mercedes-Benz,Sprinter 2500,18000.0,fair,390000,diesel,automatic,https://toronto.craigslist.org/yrk/cto/d/concord-mercedes-benz-sprinter-cargo/7874950697.html,Mercedes-Benz Sprinter Cargo Van 2020,craigslist_toronto.csv
toronto,2020,Mercedes-Benz,Sprinter 2500,16500.0,fair,446000,diesel,automatic,https://toronto.craigslist.org/yrk/cto/d/concord-mercedes-benz-sprinter-cargo/7874883563.html,Mercedes-Benz Sprinter Cargo 2020,craigslist_toronto.csv
toronto,2007,acura,csx,5599.0,excellent,139620,gas,automatic,https://toronto.craigslist.org/tor/ctd/d/north-york-2007-acura-csx/7889078218.html,2007 ACURA CSX,craigslist_toronto.csv
toronto,2005,cars,trucks vans,500.0,,1,gas,other,https://toronto.craigslist.org/drh/cto/d/ajax-top-paid-car-truck/7889076840.html,Top $$$ paid CAR & TRUCK,craigslist_toronto.csv
toronto,2009,CHEVROLET,CORVETTE ZR1,129777.0,like new,14300,gas,manual,https://toronto.craigslist.org/tor/ctd/d/scarborough-2009-chevrolet-corvette-zr1/7889076787.html,2009 CHEVROLET CORVETTE ZR1 w/3ZR 638HP 6.2L LS9|CARBNCERAMC|HUD|LOWKM,craigslist_toronto.csv
toronto,2022,FORD,MUSTANG SHELBY GT500 FASTBACK,142777.0,like new,11900,gas,automatic,https://toronto.craigslist.org/tor/ctd/d/scarborough-2022-ford-mustang-shelby/7889058860.html,2022 FORD MUSTANG SHELBY GT500 CARBON TRACK PKG 760HP |PAINTEDSTRIPES,craigslist_toronto.csv
toronto,1985,Toyota,?,45000.0,good,350000,diesel,manual,https://toronto.craigslist.org/tor/cto/d/fabreville-toyota/7889057001.html,Toyota,craigslist_toronto.csv
toronto,2024,tesla,y,49500.0,,24000,electric,automatic,https://toronto.craigslist.org/bra/cto/d/brampton-north-2024-tesla-model/7889056395.html,"2024 Tesla Model Y (Shanghai Build, Ceramic Coating, PPF, HW4)",craigslist_toronto.csv
toronto,2016,Acura,MDX Technology Package AWD,19400.0,good,181772,gas,automatic,https://toronto.craigslist.org/yrk/cto/d/kleinburg-2016-acura-mdx-technology/7888994114.html,2016 Acura MDX Technology Package AWD – Priced for Quick Sale,craigslist_toronto.csv
toronto,2013,MERCEDES-BENZ,SL 63 AMG ROADSTER,59777.0,excellent,66300,gas,automatic,https://toronto.craigslist.org/tor/ctd/d/scarborough-2013-mercedes-benz-sl-63/7885074578.html,2013 MERCEDES-BENZ SL 63 AMG ROADSTER V8 429HP|NOACCDNT|REDINT|DISTRNC,craigslist_toronto.csv
toronto,2017,land,rover sport svr,62777.0,like new,67000,gas,automatic,https://toronto.craigslist.org/tor/ctd/d/scarborough-2017-land-rover-range-rover/7884366558.html,2017 LAND ROVER RANGE ROVER SPORT V8 SC SVR 550HP |PANO|HUD|CARBONINT,craigslist_toronto.csv
toronto,2021,MERCEDES-BENZ,CLA 35 AMG,39777.0,excellent,68200,gas,automatic,https://toronto.craigslist.org/tor/ctd/d/scarborough-2021-mercedes-benz-cla-35/7883700839.html,2021 MERCEDES-BENZ CLA 35 AMG 4MATIC 302HP|AMGDRVRSPKG|NITEPKG|DESIGNO,craigslist_toronto.csv
toronto,2022,McLaren,720s Spider,397777.0,like new,6900,gas,automatic,https://toronto.craigslist.org/tor/ctd/d/scarborough-2022-mclaren-720s/7887873358.html,2022 MCLAREN 720S PERFORMANCE+ SPIDER 10TH ANNIVERSARY|MSOSPEC|FULLPPF,craigslist_toronto.csv
toronto,2012,FORD,MUSTANG BOSS 302 LAGUNA SECA FASTBACK,72777.0,excellent,3100,gas,manual,https://toronto.craigslist.org/tor/ctd/d/scarborough-2012-ford-mustang-boss-302/7886208613.html,2012 FORD MUSTANG BOSS 302 LAGUNA SECA 444HP|RARE|LOWKM|COLLECTORCAR,craigslist_toronto.csv
toronto,2013,AUDI,RS 5 COUPE,57777.0,excellent,8400,gas,automatic,https://toronto.craigslist.org/tor/ctd/d/scarborough-2013-audi-rs-coupe-quattro/7887683379.html,2013 AUDI RS 5 COUPE QUATTRO V8 450HP |BLACKOPTICS|CARBONINT|SPORTDIFF,craigslist_toronto.csv
toronto,2017,MERCEDES-BENZ,SL 63 AMG ROADSTER,99777.0,excellent,42900,gas,automatic,https://toronto.craigslist.org/tor/ctd/d/scarborough-2017-mercedes-benz-sl-63/7884985398.html,2017 MERCEDES-BENZ SL 63 AMG 577HP |NOACCIDENT|CARBONEXT/INT|FULLPPF,craigslist_toronto.csv
toronto,2021,CHEVROLET,CAMARO ZL1 1LE,129777.0,like new,600,gas,manual,https://toronto.craigslist.org/tor/ctd/d/scarborough-2021-chevrolet-camaro-zl1/7887680284.html,2021 CHEVROLET CAMARO ZL1 1LE EXTREME TRACK PACK MANUAL 650HP|FULLPPF,craigslist_toronto.csv
toronto,2017,mercedes,benz g63 amg,84777.0,like new,92700,gas,automatic,https://toronto.craigslist.org/tor/ctd/d/scarborough-2017-mercedes-benz-amg-63/7883577287.html,2017 MERCEDES-BENZ AMG G 63 DESIGNO 563HP 4X4|ADAPTIVCRUZ|NAV|REDINT,craigslist_toronto.csv
toronto,2020,CHEVROLET,CAMARO 2SS 1LE,62777.0,like new,6700,gas,manual,https://toronto.craigslist.org/tor/ctd/d/scarborough-2020-chevrolet-camaro-ss/7884562343.html,2020 CHEVROLET CAMARO SS 2SS 1LE V8 455HP MANUAL |1OWNER|LOADED,craigslist_toronto.csv
toronto,2018,FORD,MUSTANG SHELBY GT350R FASTBACK,117777.0,excellent,6400,gas,manual,https://toronto.craigslist.org/tor/ctd/d/scarborough-2018-ford-mustang-shelby/7885835272.html,2018 FORD MUSTANG SHELBY GT350R 5.2L V8 |CARBONRIMS|NOACCIDENT|1OWNER,craigslist_toronto.csv
toronto,2016,CHEVROLET,CORVETTE Z06 3LZ C7.R,137777.0,like new,8900,gas,manual,https://toronto.craigslist.org/tor/ctd/d/scarborough-2016-chevrolet-corvette-z06/7879333594.html,2016 CHEVROLET CORVETTE  Z06 C7.R EDITION Z07 3LZ MANUAL 650HP|RARE,craigslist_toronto.csv
toronto,2011,MERCEDES-BENZ,SL 63 AMG ROADSTER,79777.0,excellent,36700,gas,automatic,https://toronto.craigslist.org/tor/ctd/d/scarborough-2011-mercedes-benz-sl-63/7884969660.html,2011 MERCEDES-BENZ SL 63 AMG ROADSTER 6.2L 518HP |PRISTINE CONDITION,craigslist_toronto.csv
toronto,2017,FORD,MUSTANG SHELBY GT350,82777.0,like new,23300,gas,manual,https://toronto.craigslist.org/tor/ctd/d/scarborough-2017-ford-mustang-shelby/7880236213.html,2017 FORD MUSTANG SHELBY GT350 5.2L V8 526HP|RECARO|TRACKPKG|ELECPKG,craigslist_toronto.csv
toronto,2012,ford,mustang shelby gt500,77777.0,like new,7900,gas,manual,https://toronto.craigslist.org/tor/ctd/d/scarborough-2012-ford-mustang-shelby-gt/7885018232.html,2012 FORD MUSTANG SHELBY GT 500 5.4L 550HP |SVTPERFORMANCEPKG|NAV,craigslist_toronto.csv
toronto,2016,DODGE,CHALLENGER SRT HELLCAT,74777.0,excellent,23000,gas,manual,https://toronto.craigslist.org/tor/ctd/d/scarborough-2016-dodge-challenger-srt/7885596178.html,2016 DODGE CHALLENGER SRT HELLCAT MANUAL 707HP|4NEWTIRES|NOACCDENT,craigslist_toronto.csv
toronto,1999,CHEVROLET,CORVETTE CONVERTIBLE,27777.0,excellent,90200,gas,manual,https://toronto.craigslist.org/tor/ctd/d/scarborough-1999-chevrolet-corvette/7887606934.html,1999 CHEVROLET CORVETTE CONVERTIBLE MANUAL 345HP|Z51PKG|WHTTOP|GREYINT,craigslist_toronto.csv
toronto,2020,CHEVROLET,CAMARO ZL1 1LE COUPE,119777.0,excellent,6300,gas,manual,https://toronto.craigslist.org/tor/ctd/d/scarborough-2020-chevrolet-camaro-zl1/7881058277.html,2020 CHEVROLET CAMARO ZL1 1LE EXTREME TRACK PACK MANUAL 650HP|FULLPPF,craigslist_toronto.csv
toronto,2019,JAGUAR,F-TYPE R,82777.0,like new,30777,gas,automatic,https://toronto.craigslist.org/tor/ctd/d/scarborough-2019-jaguar-type-awd-550hp/7881027530.html,2019 JAGUAR F-TYPE R AWD 550HP |NAV|PANO|BLINDSPT|MERIDIAN|SELFPARK,craigslist_toronto.csv
toronto,2021,HONDA,CIVIC TYPE R LE,87777.0,like new,67,gas,manual,https://toronto.craigslist.org/tor/ctd/d/scarborough-2021-honda-civic-type/7881212084.html,2021 HONDA CIVIC TYPE R LIMITED EDITION 1 OF 1020 306HP MANUAL|LOADED,craigslist_toronto.csv
toronto,2024,VOLKSWAGEN,TIGUAN,30777.0,excellent,65000,gas,automatic,https://toronto.craigslist.org/tor/ctd/d/scarborough-2024-volkswagen-tiguan/7882736262.html,2024 VOLKSWAGEN TIGUAN COMFORTLINE AWD|PANOROOF|ADAPTIVCRUZ|CARPLAY,craigslist_toronto.csv
toronto,2005,MERCEDES-BENZ,SLR MCLAREN,497777.0,excellent,4900,gas,automatic,https://toronto.craigslist.org/tor/ctd/d/scarborough-2005-mercedes-benz-slr/7881212978.html,2005 MERCEDES-BENZ SLR MCLAREN V8 617HP|COLLECTRGRADE|NOACCIDNT|REDINT,craigslist_toronto.csv
toronto,2014,NISSAN,GT-R,124777.0,excellent,27200,gas,automatic,https://toronto.craigslist.org/tor/ctd/d/scarborough-2014-nissan-gt-awd-black/7884666699.html,2014 NISSAN GT-R AWD BLACK EDITION 545HP |NAV|CAMERA|CARBONSPOILER,craigslist_toronto.csv
toronto,2023,CHEVROLET,CAMARO ZL1 1LE,114777.0,excellent,6500,gas,manual,https://toronto.craigslist.org/tor/ctd/d/scarborough-2023-chevrolet-camaro-zl1/7880813528.html,2023 CHEVROLET CAMARO ZL1 1LE EXTREME TRACK PACK MANUAL 650HP|1OWNER,craigslist_toronto.csv
toronto,2022,FORD,MUSTANG MACH 1 FASTBACK,74777.0,excellent,14200,gas,manual,https://toronto.craigslist.org/tor/ctd/d/scarborough-2022-ford-mustang-mach-50l/7886986289.html,2022 FORD MUSTANG MACH 1 5.0L 470HP MANUAL|HANDLINGPKG|RECARO,craigslist_toronto.csv
toronto,2021,LAND,ROVER RANGE ROVER VELAR,42777.0,excellent,69100,gas,automatic,https://toronto.craigslist.org/tor/ctd/d/scarborough-2021-land-rover-range-rover/7885967503.html,2021 LAND ROVER RANGE ROVER VELAR P340 R-DYNAMIC S |ADAPTIVCRUZ|PANO,craigslist_toronto.csv
toronto,2023,DODGE,CHALLENGER SRT HELLCAT REDEYE WIDEBODY,149777.0,like new,134,gas,automatic,https://toronto.craigslist.org/tor/ctd/d/scarborough-2023-dodge-challenger-srt/7886883033.html,2023 DODGE CHALLENGER SRT HELLCAT REDEYE WIDEBODY 797HP |HIGHLYOPTIOND,craigslist_toronto.csv
toronto,2017,CHEVROLET,CORVETTE GRAND SPORT 3LT,79777.0,excellent,35600,gas,automatic,https://toronto.craigslist.org/tor/ctd/d/scarborough-2017-chevrolet-corvette/7883954673.html,2017 CHEVROLET CORVETTE GRAND SPORT 3LT 460 HP|CARBONAERO|NAV|360CAM,craigslist_toronto.csv
toronto,2020,BMW,M850I XDRIVE GRAN COUPE,57777.0,excellent,78500,gas,automatic,https://toronto.craigslist.org/tor/ctd/d/scarborough-2020-bmw-m850i-xdrive-gran/7886198154.html,2020 BMW M850I XDRIVE GRAN COUPE 523HP |ADAPTIVCRUZ|LASERLIGHT,craigslist_toronto.csv
toronto,2008,DODGE,VIPER ACR,167777.0,excellent,16400,gas,manual,https://toronto.craigslist.org/tor/ctd/d/scarborough-2008-dodge-viper-srt10-acr/7882660151.html,2008 DODGE VIPER SRT10 ACR COMPETITION 8.4L V10 600HP |BREMBO|CARBON,craigslist_toronto.csv
toronto,2011,CHEVROLET,CORVETTE ZR1,147777.0,excellent,6600,gas,manual,https://toronto.craigslist.org/tor/ctd/d/scarborough-2011-chevrolet-corvette-zr1/7885065152.html,2011 CHEVROLET CORVETTE ZR1 w/3ZR 638HP |CARBONCERAMIC|FULLPPF|LOWKM,craigslist_toronto.csv
toronto,2021,HONDA,CIVIC TYPE R LIMITED EDITION,77777.0,excellent,6100,gas,manual,https://toronto.craigslist.org/tor/ctd/d/scarborough-2021-honda-civic-type/7886190468.html,2021 HONDA CIVIC TYPE R LIMITED EDITION 1 OF 1020 306HP MANUAL|LOADED,craigslist_toronto.csv
toronto,2020,BENTLEY,FLYING SPUR W12 SEDAN,197777.0,excellent,37000,gas,automatic,https://toronto.craigslist.org/tor/ctd/d/scarborough-2020-bentley-flying-spur/7887611541.html,2020 BENTLEY FLYING SPUR W12 TOURING SPECIFICATION 626HP |NOACCIDENT,craigslist_toronto.csv
toronto,2000,bmw,z3 m roadster,21777.0,excellent,177200,gas,manual,https://toronto.craigslist.org/tor/ctd/d/scarborough-2000-bmw-z3/7886868155.html,"2000 BMW Z3 M ROADSTER|5SPEED|DRKBLUTOP|19""M-RIM|LIMITEDSLIPDIFF",craigslist_toronto.csv
toronto,2017,FORD,MUSTANG SHELBY GT350,79777.0,excellent,27000,gas,manual,https://toronto.craigslist.org/tor/ctd/d/scarborough-2017-ford-mustang-shelby/7886020023.html,2017 FORD MUSTANG SHELBY GT350 SUPERCHARGED |RECARO|TRACKPKG|ELECPKG,craigslist_toronto.csv
toronto,2023,DODGE,CHALLENGER SRT HELLCAT WIDEBODY MANUAL,137777.0,like new,4900,gas,manual,https://toronto.craigslist.org/tor/ctd/d/scarborough-2023-dodge-challenger-srt/7879077709.html,2023 DODGE CHALLENGER SRT HELLCAT WIDEBODY MANUAL |RARESPEC|NOACCIDENT,craigslist_toronto.csv
toronto,2016,FORD,MUSTANG SHELBY GT350,72777.0,excellent,25600,gas,manual,https://toronto.craigslist.org/tor/ctd/d/scarborough-2016-ford-mustang-shelby/7880197560.html,2016 FORD MUSTANG SHELBY GT350 5.2L V8 526HP TECH PKG|NAV|CAM|LSD,craigslist_toronto.csv
toronto,2009,toyota,matrix,7777.0,excellent,132872,gas,automatic,https://toronto.craigslist.org/tor/ctd/d/north-york-2009-toyota-matrix/7886935737.html,2009 TOYOTA MATRIX,craigslist_toronto.csv
toronto,1958,Pontiac,Laurentian Four Door Sport,22000.0,excellent,84500,gas,automatic,https://toronto.craigslist.org/yrk/cto/d/stouffville-for-sale-1958-pontiac/7888924483.html,For Sale 1958 Pontiac Laurentian,craigslist_toronto.csv
toronto,2008,Ford,E350,4900.0,good,233000,other,automatic,https://toronto.craigslist.org/drh/cto/d/ajax-east-2008-ford-e350-cutaway-18/7879424491.html,2008 Ford  E350 Cutaway 18 ftbox truck,craigslist_toronto.csv
toronto,2010,toyota,corolla ce,9495.0,good,153000,gas,automatic,https://toronto.craigslist.org/tor/ctd/d/east-toronto-2010-toyota-corolla-ce/7888765139.html,2010 Toyota Corolla CE,craigslist_toronto.csv
toronto,2012,mazda,mazda5,2999.0,good,217000,gas,automatic,https://toronto.craigslist.org/mss/cto/d/mississauga-2012-mazda/7888758523.html,2012 MAZDA 5,craigslist_toronto.csv
toronto,2011,honda,civic dx-g,6295.0,,236000,gas,automatic,https://toronto.craigslist.org/tor/ctd/d/east-toronto-2011-honda-civic-dx/7888751372.html,2011 Honda Civic DX-G,craigslist_toronto.csv
toronto,2013,Ford,e350 cut-away,8500.0,good,300000,gas,automatic,https://toronto.craigslist.org/tor/cto/d/scarborough-2013-ford-e350-cut-away/7888691364.html,2013 Ford e350 cut-away,craigslist_toronto.csv
toronto,1972,rolls,royce silver shadow LIMO,14995.0,,140000,gas,automatic,https://toronto.craigslist.org/tor/cto/d/thornhill-1972-rolls-royce-silver/7867024113.html,1972 ROLLS-ROYCE SILVER SHADOW 10-PASS SUPERSTRETCH LIMO,craigslist_toronto.csv
toronto,1990,bentley,mulsanne S,9995.0,,44000,gas,automatic,https://toronto.craigslist.org/tor/cto/d/york-very-rare-1990-bentley-mulsanne/7880014517.html,"VERY RARE 1990 BENTLEY MULSANNE S, 44,000 ORIGINAL MILES",craigslist_toronto.csv
toronto,1968,rolls,royce silver shadow,14995.0,good,114000,gas,automatic,https://toronto.craigslist.org/tor/cto/d/don-mills-south-very-rare-1968-rolls/7870470919.html,VERY RARE 1968 ROLLS-ROYCE SILVER SHADOW W/SUNROOF + PICNIC TRAYS,craigslist_toronto.csv
toronto,2006,Land,Rover LR3,9950.0,excellent,224374,gas,automatic,https://toronto.craigslist.org/tor/ctd/d/scarborough-2006-land-rover-lr3-se/7888641052.html,2006 Land Rover LR3 SE,craigslist_toronto.csv
toronto,1994,Jaguar,XJ6 Sovereign,2499.0,,201195,gas,automatic,https://toronto.craigslist.org/drh/ctd/d/ajax-1994-jaguar-xj-u-certify-save/7888590431.html,"1994 Jaguar XJ 6 ""U certify U save SPECIAL"" RUNS like NEW",craigslist_toronto.csv
toronto,2008,Mini,Cooper,5999.0,like new,163424,gas,automatic,https://toronto.craigslist.org/drh/ctd/d/oshawa-southeast-2008-mini-cooper-cool/7888590166.html,"2008 Mini Cooper ""Cool CAR only 163K"" certified + FREE 6M warranty",craigslist_toronto.csv
toronto,2009,Mercedes-Benz,B200,5999.0,like new,191467,gas,automatic,https://toronto.craigslist.org/drh/ctd/d/oshawa-southeast-2009-mercedes-b200/7888590043.html,"2009 Mercedes B200 ""Wife CAR need CHANGE"" certified + FREE 6M warranty",craigslist_toronto.csv
toronto,2010,hyundai,elantra,4000.0,excellent,208000,gas,manual,https://toronto.craigslist.org/tor/cto/d/toronto-2010-hyundai-elantra-4-for-sale/7866367549.html,2010 Hyundai Elantra L 4 FOR SALE,craigslist_toronto.csv
toronto,2007,honda,accord se,7588.0,excellent,204000,gas,automatic,https://toronto.craigslist.org/tor/ctd/d/east-toronto-2007-honda-accord-se/7888486273.html,2007 Honda Accord SE,craigslist_toronto.csv
toronto,2010,Hyundai,Accent,3299.0,excellent,189205,gas,automatic,https://toronto.craigslist.org/drh/ctd/d/oshawa-2010-hyundai-accent-gl/7888384754.html,2010 Hyundai Accent GL,craigslist_toronto.csv
toronto,2014,hyundai,elantra gt hatchback,4899.0,excellent,186573,gas,manual,https://toronto.craigslist.org/drh/ctd/d/oshawa-2014-hyundai-elantra-gt/7888382400.html,2014 Hyundai Elantra GT,craigslist_toronto.csv
toronto,2011,subaru,forester 2.5x,5699.0,excellent,219072,gas,automatic,https://toronto.craigslist.org/drh/ctd/d/oshawa-2011-subaru-forester/7888374585.html,2011 Subaru forester,craigslist_toronto.csv
toronto,2016,BMW,320i,10500.0,like new,179402,gas,automatic,https://toronto.craigslist.org/drh/ctd/d/oshawa-2016-bmw-320xi-sport-package/7883993314.html,2016 BMW 320xi Sport package,craigslist_toronto.csv
toronto,2012,Chrysler,300 Limited,6400.0,like new,230000,gas,automatic,https://toronto.craigslist.org/drh/ctd/d/oshawa-2012-chrysler-300-limited/7883993441.html,2012 CHRYSLER 300 LIMITED,craigslist_toronto.csv
toronto,2014,bmw,320i xdrive,8299.0,like new,193242,gas,automatic,https://toronto.craigslist.org/drh/ctd/d/oshawa-2014-bmw-320-xdrive/7883993226.html,2014 BMW 320 XDrive,craigslist_toronto.csv
toronto,2018,ford,edge sel,17500.0,excellent,78000,gas,automatic,https://toronto.craigslist.org/tor/cto/d/markham-2018-ford-edge/7888196383.html,2018 FORD EDGE,craigslist_toronto.csv
toronto,2010,honda,civic lx sport,8888.0,excellent,130000,gas,automatic,https://toronto.craigslist.org/tor/ctd/d/east-toronto-2010-honda-civic-lx-sport/7887895880.html,2010 Honda Civic LX SPORT,craigslist_toronto.csv
toronto,2014,toyota,yaris le,11495.0,excellent,130000,gas,automatic,https://toronto.craigslist.org/tor/ctd/d/east-toronto-2014-toyota-yaris-le/7887897105.html,2014 Toyota Yaris LE,craigslist_toronto.csv
toronto,2014,toyota,corolla le,12995.0,,133000,gas,automatic,https://toronto.craigslist.org/tor/ctd/d/east-toronto-2014-toyota-corolla-le/7880999583.html,2014 Toyota Corolla LE,craigslist_toronto.csv
toronto,2011,toyota,camry le,12495.0,excellent,136000,gas,automatic,https://toronto.craigslist.org/tor/ctd/d/east-toronto-2011-toyota-camry-le/7882406829.html,2011 Toyota Camry LE,craigslist_toronto.csv
toronto,2012,honda,accord ex-l w-navi,9888.0,excellent,215000,gas,automatic,https://toronto.craigslist.org/tor/ctd/d/east-toronto-2012-honda-accord-ex-w-navi/7884388534.html,2012 Honda Accord EX-L w-NAVI,craigslist_toronto.csv
toronto,2012,mazda,3 gs-skyactiv,9495.0,good,135000,gas,automatic,https://toronto.craigslist.org/tor/ctd/d/east-toronto-2012-mazda-gs-skyactiv/7881730157.html,2012 Mazda 3 GS-SKYACTIV,craigslist_toronto.csv
toronto,2011,honda,cr-v ex-l,9995.0,good,207000,gas,automatic,https://toronto.craigslist.org/tor/ctd/d/east-toronto-2011-honda-cr-ex/7885258392.html,2011 Honda CR-V EX-L,craigslist_toronto.csv
toronto,2011,honda,cr-v ex-l,12495.0,good,169000,gas,automatic,https://toronto.craigslist.org/tor/ctd/d/east-toronto-2011-honda-cr-ex/7885585725.html,2011 Honda CR-V EX-L,craigslist_toronto.csv
toronto,2010,toyota,corolla s,8195.0,good,215000,gas,automatic,https://toronto.craigslist.org/tor/ctd/d/east-toronto-2010-toyota-corolla/7883811086.html,2010 Toyota Corolla S,craigslist_toronto.csv
toronto,2012,toyota,rav4,13995.0,excellent,141000,gas,automatic,https://toronto.craigslist.org/tor/ctd/d/east-toronto-2012-toyota-rav4/7885815207.html,2012 Toyota RAV4,craigslist_toronto.csv
toronto,2012,toyota,corolla ce,10495.0,excellent,188000,gas,automatic,https://toronto.craigslist.org/tor/ctd/d/east-toronto-2012-toyota-corolla-ce/7879497783.html,2012 Toyota Corolla CE,craigslist_toronto.csv
toronto,2011,honda,cr-v lx,9495.0,good,196000,gas,automatic,https://toronto.craigslist.org/tor/ctd/d/east-toronto-2011-honda-cr-lx/7886293787.html,2011 Honda CR-V LX,craigslist_toronto.csv
toronto,2016,ford,focus,8800.0,excellent,105000,gas,automatic,https://toronto.craigslist.org/tor/cto/d/etobicoke-ford-focus/7887877994.html,"FORD FOCUS 2016, 105K",craigslist_toronto.csv
toronto,2009,Nissan,Murano,4950.0,excellent,145110,gas,automatic,https://toronto.craigslist.org/tor/ctd/d/scarborough-2009-nissan-murano-le-awd/7887726130.html,2009 Nissan Murano LE AWD,craigslist_toronto.csv
toronto,2014,Volkswagen,Tiguan 4-Motion,8950.0,excellent,157316,gas,automatic,https://toronto.craigslist.org/tor/ctd/d/scarborough-2014-volkswagen-tiguan/7887725519.html,2014 Volkswagen Tiguan Trendline 4MOTION,craigslist_toronto.csv
toronto,2012,toyota,camry hybrid le,9999.0,,241000,hybrid,automatic,https://toronto.craigslist.org/tor/cto/d/scarborough-2012-hybrid-toyota-camry/7887588937.html,2012 Hybrid Toyota Camry,craigslist_toronto.csv
toronto,2021,Chevrolet,Colorado Z71 4x4 Crew 6' box,41530.0,good,56746,gas,automatic,https://toronto.craigslist.org/mss/ctd/d/mississauga-2021-chevrolet-colorado-z71/7887566894.html,2021 Chevrolet Colorado Z71 4x4 Crew Cab 6' box - 295556,craigslist_toronto.csv
toronto,2006,acura,tsx,1200.0,excellent,109001,gas,automatic,https://toronto.craigslist.org/tor/cto/d/downtown-toronto-06-acura-tsx-car/7887560727.html,06-Acura-Tsx-Car-automatic,craigslist_toronto.csv
toronto,2012,Dodge,Challenger LC Base,10950.0,excellent,217804,gas,automatic,https://toronto.craigslist.org/tor/ctd/d/scarborough-2012-dodge-challenger-sxt/7887248606.html,2012 Dodge Challenger SXT Plus 2dr Coupe,craigslist_toronto.csv
toronto,1970,ford,cortina,22900.0,excellent,75753,gas,manual,https://toronto.craigslist.org/bra/cto/d/brampton-ford-cortina-mk2-1600e/7861511041.html,Ford cortina mk2 1600E,craigslist_toronto.csv
toronto,2016,Land,Rover Discovery Sport,15950.0,excellent,121801,gas,automatic,https://toronto.craigslist.org/tor/ctd/d/scarborough-2016-land-rover-discovery/7887000475.html,2016 Land Rover Discovery Sport HSE AWD,craigslist_toronto.csv
toronto,2011,BMW,X3,6950.0,excellent,184281,gas,automatic,https://toronto.craigslist.org/tor/ctd/d/scarborough-2011-bmw-x3-28i-awd/7887000016.html,2011 BMW X3 28i AWD,craigslist_toronto.csv
toronto,2025,Land,Rover Defender,57000.0,salvage,5000,gas,automatic,https://toronto.craigslist.org/tor/cto/d/toronto-sold-2025-land-rover-defender/7886973656.html,"SOLD! 2025 Land Rover Defender X-Dynamic SE. $57,000",craigslist_toronto.csv
toronto,1965,Austin,Healy Sprite,14000.0,excellent,84000,gas,manual,https://toronto.craigslist.org/tor/cto/d/west-toronto-1965-austin-healy-sprite/7886912167.html,1965 Austin Healy Sprite ( British Racing Green),craigslist_toronto.csv
toronto,2022,mercedes,benz s550,125.0,new,1,gas,manual,https://toronto.craigslist.org/tor/cto/d/east-toronto-mercedes-bluetooth-ear/7880210946.html,Mercedes Bluetooth ear phones,craigslist_toronto.csv
toronto,1967,International,Scout,123456.0,like new,26000,gas,manual,https://toronto.craigslist.org/yrk/cto/d/concord-1967-international-scout-u/7886381404.html,1967 International Scout P/U,craigslist_toronto.csv
toronto,1926,Chevrolet,Superior,22500.0,like new,12345,gas,manual,https://toronto.craigslist.org/yrk/cto/d/concord-1926-chevrolet-superior/7886381005.html,1926 Chevrolet Superior,craigslist_toronto.csv
toronto,2006,mercedes-benz,clk350,8000.0,like new,117000,gas,automatic,https://toronto.craigslist.org/tor/cto/d/york-mint-merc-clk-350-coupe-low-kms/7886363088.html,Mint merc clk 350 coupe low kms,craigslist_toronto.csv
toronto,2021,Nissan,Rogue Sport Grade SL,16950.0,excellent,80194,gas,automatic,https://toronto.craigslist.org/tor/ctd/d/scarborough-2021-nissan-qashqai-sv-awd/7886272572.html,2021 Nissan Qashqai SV AWD,craigslist_toronto.csv
toronto,2005,Mazda,Mazda3,800.0,fair,109100,gas,manual,https://toronto.craigslist.org/yrk/cto/d/richmond-hill-southeast-2005-mazda3-gt/7886103078.html,"2005 Mazda3 GT Sedan - 5-Speed Manual, Low Mileage, Fully Loaded",craigslist_toronto.csv
toronto,2018,"2018,",cruze,8500.0,excellent,140000,gas,automatic,https://toronto.craigslist.org/tor/cto/d/scarborough-2018-chevrolet-cruze/7885990296.html,2018 chevrolet cruze,craigslist_toronto.csv
toronto,2017,toyota,prius hybrid,14995.0,good,404519,hybrid,automatic,https://toronto.craigslist.org/mss/cto/d/georgetown-2017-toyota-prius-technology/7885962600.html,2017 Toyota Prius Technology Package,craigslist_toronto.csv
toronto,2019,mercedes-benz,metris cargo van,28500.0,excellent,134000,gas,automatic,https://toronto.craigslist.org/tor/cto/d/north-york-2019-mercedes-benz-metris/7885878587.html,2019 Mercedes-Benz Metris Cargo Van 126 WB,craigslist_toronto.csv
toronto,2017,toyota,prius hybrid,14995.0,excellent,404519,hybrid,automatic,https://toronto.craigslist.org/tor/cto/d/georgetown-2017-toyota-prius-technology/7885831089.html,2017 Toyota Prius Technology Package,craigslist_toronto.csv
toronto,2012,Kia,Sportage SPORTKia Sportage GL,4999.0,like new,314008,gas,automatic,https://toronto.craigslist.org/drh/ctd/d/oshawa-southeast-2012-kia-sportage-best/7885795463.html,"2012 Kia Sportage  ""Best DEAL on WHEELS"" certified + FREE 6M warranty",craigslist_toronto.csv
toronto,2011,BMW,X3 XDRIVE35I,9999.0,,102232,gas,automatic,https://toronto.craigslist.org/drh/ctd/d/oshawa-southeast-2011-bmw-x3-xdrive35i/7885795303.html,"2011 BMW X3 XDRIVE35I ""Only 102K"" certified + FREE 6M warranty",craigslist_toronto.csv
toronto,2011,Mercedes-Benz,B200 T,6999.0,like new,137311,gas,automatic,https://toronto.craigslist.org/drh/ctd/d/oshawa-southeast-2011-mercedes-b200/7885795179.html,"2011 Mercedes B200 T ""Holy COW 137K"" certified + FREE 6M warranty",craigslist_toronto.csv
toronto,2013,audi,a8,17500.0,excellent,70000,gas,automatic,https://toronto.craigslist.org/tor/cto/d/toronto-2013-audi-a8-30l/7885778361.html,2013 Audi A8 3.0L,craigslist_toronto.csv
toronto,2001,chevy,silverado 1500,1000.0,like new,120000,gas,automatic,https://toronto.craigslist.org/tor/cto/d/whitby-southeast-2001-chevrolet/7885752462.html,2001 chevrolet silverado 1500,craigslist_toronto.csv
toronto,2006,land,rover range rover sport,6500.0,excellent,209000,gas,automatic,https://toronto.craigslist.org/mss/cto/d/mississauga-2006-rang-rover-sport/7885647731.html,2006 RANG ROVER SPORT,craigslist_toronto.csv
toronto,2016,Land,Rover Range Rover Sport,20950.0,excellent,123416,diesel,automatic,https://toronto.craigslist.org/tor/ctd/d/scarborough-2016-land-rover-range-rover/7885608427.html,2016 Land Rover Range Rover Sport Td6 HSE 4WD 4dr Td6,craigslist_toronto.csv
toronto,2010,Piaggio,and Vespa GTS/GTV,2950.0,excellent,26742,gas,automatic,https://toronto.craigslist.org/tor/ctd/d/scarborough-2010-piaggio-vespa-gts-300/7885608353.html,2010 Piaggio Vespa GTS 300 Super,craigslist_toronto.csv
toronto,2014,Ram,ProMaster 1500,19950.0,excellent,75082,gas,automatic,https://toronto.craigslist.org/tor/ctd/d/scarborough-2014-ram-promaster-cargo/7885608318.html,"2014 Ram ProMaster Cargo Van 1500 High Roof 136"" WB",craigslist_toronto.csv
toronto,2014,Mazda,2,2500.0,fair,167000,gas,automatic,https://toronto.craigslist.org/tor/cto/d/richmond-hill-southeast-mazda-model/7885580002.html,Mazda 2 model; Dark-Grey (2014) ***SELLING AS IS***,craigslist_toronto.csv
toronto,2014,volvo,s60,16500.0,excellent,76000,gas,automatic,https://toronto.craigslist.org/bra/cto/d/brampton-2014-volvo-s60/7885539121.html,2014 Volvo S60,craigslist_toronto.csv
toronto,2005,LEXUS,LS 430,27500.0,like new,73000,gas,automatic,https://toronto.craigslist.org/tor/cto/d/scarborough-2005-lexus-ls430-ultra/7864280362.html,2005 LEXUS LS430 ULTRA,craigslist_toronto.csv
toronto,2002,Volvo,?,40.0,new,1000,diesel,manual,https://toronto.craigslist.org/tor/cto/d/etobicoke-detriot-diesel-volvo/7876409373.html,Detriot Diesel + Volvo Electrical Schemat. + Volvo Serv. Manuals,craigslist_toronto.csv
toronto,2016,Lexus,ES 350,28700.0,excellent,104700,gas,automatic,https://toronto.craigslist.org/yrk/cto/d/thornhill-west-2016-lexus-es-350/7885184904.html,2016 Lexus ES 350,craigslist_toronto.csv
toronto,2024,michelin,?,425.0,,5,diesel,automatic,https://toronto.craigslist.org/tor/cto/d/north-york-lt-michelin-primacy-xc/7885132690.html,LT 235/80/18 Michelin Primacy XC,craigslist_toronto.csv
toronto,2011,yamaha,?,4900.0,,2,gas,automatic,https://toronto.craigslist.org/tor/cto/d/north-york-2011-golf-cart-yamaha-gas/7877306685.html,2011 Golf Cart Yamaha Gas,craigslist_toronto.csv
toronto,2016,Hyundai,Santa Fe,14950.0,excellent,122322,gas,automatic,https://toronto.craigslist.org/tor/ctd/d/scarborough-2016-hyundai-santa-fe-xl/7885129868.html,2016 Hyundai Santa Fe XL Limited AWD,craigslist_toronto.csv
toronto,2015,nissan,altima 2.5 sv,5000.0,like new,220000,gas,automatic,https://toronto.craigslist.org/tor/cto/d/north-york-2015-nissan-altima-sv/7884990535.html,2015 Nissan Altima Sv,craigslist_toronto.csv
toronto,2019,Honda,Civic EX,10000.0,like new,100000,gas,automatic,https://toronto.craigslist.org/tor/cto/d/scarborough-2019-honda-civic/7884917445.html,2019 Honda Civic,craigslist_toronto.csv
toronto,1994,Ford,Probe,5000.0,good,200000,gas,manual,https://toronto.craigslist.org/tor/cto/d/woodbridge-1994-ford-probe/7884894174.html,1994 Ford Probe,craigslist_toronto.csv
toronto,2006,HONDA,"CIVIC, 8th GENERATION",3700.0,fair,180000,gas,automatic,https://toronto.craigslist.org/tor/cto/d/north-york-2006-honda-civic-8th/7884777464.html,"2006 HONDA CIVIC, 8th GENERATION",craigslist_toronto.csv
toronto,2014,chrysler,town and country touring,8500.0,excellent,165000,gas,automatic,https://toronto.craigslist.org/drh/cto/d/ajax-northwest-town-and-country/7884685400.html,Town and Country,craigslist_toronto.csv
toronto,2018,Audi,A3 Cabriolet,32500.0,like new,37300,gas,automatic,https://toronto.craigslist.org/tor/cto/d/east-york-audi-a3-cabriolet-kms-from-new/7884651117.html,"Audi A3 - Cabriolet, 37300 kms from new!",craigslist_toronto.csv
toronto,2010,jaguar,xf,6200.0,,109000,gas,automatic,https://toronto.craigslist.org/tor/cto/d/north-york-2010-jaguar-xf-109k-km-no-bs/7884510972.html,2010 Jaguar XF | 109K KM | NO BS,craigslist_toronto.csv
toronto,2004,mercedes-benz,e500,4500.0,like new,214800,gas,automatic,https://toronto.craigslist.org/tor/cto/d/north-york-mercedes-k-km-no-bs/7884510208.html,Mercedes E500 | 214K KM | NO BS,craigslist_toronto.csv
toronto,2015,kia,sportage,6000.0,,216936,gas,manual,https://toronto.craigslist.org/tor/cto/d/north-york-kia-sportage-km-no-bs/7884509800.html,Kia Sportage 2015 | 216K KM | NO BS,craigslist_toronto.csv
toronto,2017,Ford,Focus,3800.0,good,2017,gas,automatic,https://toronto.craigslist.org/tor/cto/d/north-york-2017-ford-focus-clean-no-bs/7884506772.html,2017 Ford Focus | Clean & NO BS,craigslist_toronto.csv
toronto,2015,nissan,pathfinder,5000.0,excellent,342987,gas,automatic,https://toronto.craigslist.org/tor/cto/d/north-york-nissan-pathfinder-year-2015/7884505659.html,NISSAN PATHFINDER Year 2015,craigslist_toronto.csv
toronto,1985,Mercedes,G Wagen w460,43000.0,good,325000,gas,manual,https://toronto.craigslist.org/yrk/cto/d/thornhill-west-1985-mercedes-benz-280ge/7860158887.html,1985 Mercedes Benz 280ge short wheel base,craigslist_toronto.csv
toronto,1993,chevrolet,corvette zr1,58000.0,,16254,gas,manual,https://toronto.craigslist.org/tor/cto/d/mississauga-corvette-zr-anniversary/7884450843.html,CORVETTE ZR-1 ANNIVERSARY 1993 TOP FLIGHT,craigslist_toronto.csv
toronto,2022,Lexus,is 300 AWD,39999.0,like new,55400,gas,automatic,https://toronto.craigslist.org/yrk/ctd/d/thornhill-west-2022-lexus-is-300-awd/7881626173.html,2022 Lexus IS 300 AWD,craigslist_toronto.csv
toronto,2013,ford,e250 cargo van,4800.0,good,202507,gas,automatic,https://toronto.craigslist.org/tor/cto/d/north-york-2013-ford-e250-econoline-van/7884395049.html,2013 Ford e250 econoline van,craigslist_toronto.csv
toronto,2008,toyota,camry,4000.0,good,330000,hybrid,automatic,https://toronto.craigslist.org/yrk/cto/d/scarborough-toyota-camry-2008-hybrid/7884354065.html,Toyota Camry 2008 Hybrid,craigslist_toronto.csv
toronto,2016,toyota,mirai hydrogen fuel cell,5000.0,like new,59545,other,automatic,https://toronto.craigslist.org/tor/cto/d/pickering-southwest-2016-toyota-mirai/7884265635.html,"2016 Toyota Mirai Hydrogen Fuel cell car only 59,545 kms!",craigslist_toronto.csv
toronto,1989,alfa,romeo spider,55.0,good,78000,gas,manual,https://toronto.craigslist.org/tor/cto/d/willowdale-east-alfa-romeo-spider/7884258395.html,Alfa Romeo spider Quadrifoglio parting all parts 🇮🇹👍✔️,craigslist_toronto.csv
toronto,2012,HONDA,CIVIC,500.0,good,141988,gas,automatic,https://toronto.craigslist.org/tor/cto/d/toronto-2012-honda-civic/7883958575.html,2012 Honda Civic,craigslist_toronto.csv
toronto,2014,mazda,3,6800.0,,216000,gas,automatic,https://toronto.craigslist.org/drh/cto/d/markham-mazda/7883914153.html,Mazda 3,craigslist_toronto.csv
toronto,2010,toyota,prius,8900.0,excellent,199500,hybrid,automatic,https://toronto.craigslist.org/tor/cto/d/markham-outer-southwest-hybrid-electric/7883855058.html,Hybrid/electric Toyota Prius 2010 low Km fully loaded,craigslist_toronto.csv
toronto,2016,Mercedes-Benz,G63,78000.0,excellent,135000,gas,automatic,https://toronto.craigslist.org/tor/cto/d/mississauga-great-vehicle/7883828997.html,Great Vehicle!,craigslist_toronto.csv
toronto,2012,honda,cr-v,2500.0,excellent,110000,gas,automatic,https://toronto.craigslist.org/tor/cto/d/toronto-honda-crv/7877829906.html,Honda crv,craigslist_toronto.csv
toronto,2009,honda,cr-v,6900.0,excellent,248500,gas,automatic,https://toronto.craigslist.org/tor/cto/d/scarborough-honda-crv-2009/7883714573.html,honda crv 2009,craigslist_toronto.csv
toronto,2004,dodge,grand caravan,1500.0,good,340000,gas,automatic,https://toronto.craigslist.org/tor/cto/d/toronto-dodge-caravan/7883601252.html,Dodge Caravan,craigslist_toronto.csv
toronto,2014,Lincoln,MKZ Hybrid,10950.0,excellent,141240,hybrid,automatic,https://toronto.craigslist.org/tor/ctd/d/scarborough-2014-lincoln-mkz-hybrid/7879611529.html,2014 Lincoln MKZ Hybrid,craigslist_toronto.csv
toronto,2011,Nissan,Quest,6950.0,excellent,167430,gas,automatic,https://toronto.craigslist.org/tor/ctd/d/scarborough-2011-nissan-quest/7881783722.html,2011 Nissan Quest S,craigslist_toronto.csv
toronto,2011,Audi,Q7,10950.0,excellent,192068,gas,automatic,https://toronto.craigslist.org/tor/ctd/d/scarborough-2011-audi-q7-30l-quattro/7881783780.html,2011 Audi Q7 3.0L quattro,craigslist_toronto.csv
toronto,2015,Maserati,Ghibli S Q4,22450.0,excellent,69074,gas,automatic,https://toronto.craigslist.org/tor/ctd/d/scarborough-2015-maserati-ghibli-q4-4dr/7881783886.html,2015 Maserati Ghibli S Q4 4dr,craigslist_toronto.csv
toronto,2015,INFINITI,QX60 AWD,11950.0,excellent,148696,gas,automatic,https://toronto.craigslist.org/tor/ctd/d/scarborough-2015-infiniti-qx60-awd-4dr/7881783925.html,2015 INFINITI QX60 AWD 4dr,craigslist_toronto.csv
toronto,2015,Volkswagen,Tiguan 4-Motion w/Auto,12950.0,excellent,89972,gas,automatic,https://toronto.craigslist.org/tor/ctd/d/scarborough-2015-volkswagen-tiguan/7881783990.html,2015 Volkswagen Tiguan Comfortline 4MOTION 4dr Auto,craigslist_toronto.csv
toronto,2014,Nissan,Rogue,8450.0,excellent,150346,gas,automatic,https://toronto.craigslist.org/tor/ctd/d/scarborough-2014-nissan-rogue-sv/7881784034.html,2014 Nissan Rogue SV,craigslist_toronto.csv
toronto,2014,Nissan,Rogue,8950.0,excellent,173285,gas,automatic,https://toronto.craigslist.org/tor/ctd/d/scarborough-2014-nissan-rogue-awd/7881784091.html,2014 Nissan Rogue S AWD,craigslist_toronto.csv
toronto,2016,Buick,Encore Convenience Group,10950.0,excellent,88767,gas,automatic,https://toronto.craigslist.org/tor/ctd/d/scarborough-2016-buick-encore/7881784136.html,2016 Buick Encore Convenience,craigslist_toronto.csv
toronto,2016,Ford,F-150,15450.0,excellent,161340,gas,automatic,https://toronto.craigslist.org/tor/ctd/d/scarborough-2016-ford-150-xl-supercab/7882280764.html,2016 Ford F-150 XL SuperCab Styleside 6-1/2 Ft Box XL,craigslist_toronto.csv
toronto,2008,mazda,mazda3,1700.0,good,240000,gas,manual,https://toronto.craigslist.org/tor/cto/d/york-2008-mazda-obo-as-is/7883537589.html,2008 Mazda 3 ($1700 OBO - AS IS!!),craigslist_toronto.csv
toronto,2018,chevrolet,equinox,7900.0,good,200000,gas,automatic,https://toronto.craigslist.org/tor/cto/d/north-york-2018-chevrolet-equinox/7883511318.html,2018 chevrolet Equinox,craigslist_toronto.csv
toronto,2012,ford,escape,8000.0,good,146000,gas,automatic,https://toronto.craigslist.org/tor/cto/d/downtown-toronto-2012-ford-escape/7883485019.html,2012 Ford Escape,craigslist_toronto.csv
toronto,2015,Lincoln,MKC LS,12950.0,excellent,151097,gas,automatic,https://toronto.craigslist.org/tor/ctd/d/scarborough-2015-lincoln-mkc-awd/7883468028.html,2015 Lincoln MKC AWD,craigslist_toronto.csv
toronto,1986,chevrolet,corvette,6900.0,good,200000,gas,automatic,https://toronto.craigslist.org/yrk/cto/d/markham-southeast-classic-car-for-sale/7883389900.html,Classic car for sale,craigslist_toronto.csv
toronto,2014,volkswagen,jetta,8500.0,good,163200,gas,automatic,https://toronto.craigslist.org/tor/cto/d/brampton-2014-volkswagen-jetta-km/7883166961.html,"2014 Volkswagen Jetta – 163,200 KM",craigslist_toronto.csv
toronto,2011,nissan,rogue,3499.0,fair,199850,gas,automatic,https://toronto.craigslist.org/tor/cto/d/scarborough-nissan-rogue-2011/7883131951.html,Nissan Rogue 2011,craigslist_toronto.csv
toronto,2020,Chevrolet,Spark 1LT,15000.0,excellent,72000,gas,automatic,https://toronto.craigslist.org/tor/cto/d/north-york-2020-chevrolet-spark-1lt-one/7883002053.html,"2020 Chevrolet Spark 1LT – One Owner, Dealer Serviced – $15,000",craigslist_toronto.csv
toronto,1994,Subaru,SVX,18000.0,excellent,170000,gas,automatic,https://toronto.craigslist.org/yrk/cto/d/parry-sound-north-shore-1994-subaru-svx/7882902642.html,1994 Subaru SVX,craigslist_toronto.csv
toronto,2012,audi,q5,7500.0,excellent,271340,gas,automatic,https://toronto.craigslist.org/bra/cto/d/bolton-2012-audi-q5-v6-quattro-awd-is/7882887260.html,A 2012 Audi Q5 V6 Quattro AWD is on sale by owner,craigslist_toronto.csv
toronto,2008,lincoln,mkx awd,3200.0,good,260000,gas,automatic,https://toronto.craigslist.org/tor/cto/d/north-york-2008-lincoln-mkx-priced-to/7882640780.html,"2008 Lincoln MKX, priced to sell!",craigslist_toronto.csv
toronto,2013,Nissan,Juke,8999.0,excellent,127000,gas,automatic,https://toronto.craigslist.org/yrk/ctd/d/markham-outer-southwest-2013-nissan/7882566123.html,2013 Nissan Juke SV 127000km $8999,craigslist_toronto.csv
toronto,1993,cadillac,allante,28499.0,like new,37000,gas,automatic,https://toronto.craigslist.org/tor/cto/d/north-york-1993-cadillac-allante/7882451999.html,1993 Cadillac Allante Convertible,craigslist_toronto.csv
toronto,2009,audi,q5 prestige,4300.0,good,198260,gas,automatic,https://toronto.craigslist.org/yrk/cto/d/north-york-09-audi-q5-32-v6/7881523124.html,09 Audi Q5 3.2 V6,craigslist_toronto.csv
toronto,2008,Dodge,Caravan/Grand Caravan SE,6000.0,good,294978,gas,automatic,https://toronto.craigslist.org/tor/cto/d/toronto-dodge-grand-caravan-2008-for/7882147754.html,"DODGE GRAND CARAVAN 2008, FOR SALE",craigslist_toronto.csv
toronto,2008,gmc,acadia,2500.0,,219063,gas,automatic,https://toronto.craigslist.org/drh/ctd/d/oshawa-southeast-2008-gmc-acadia-sle/7881722618.html,"2008 GMC Acadia SLE seat 7 ""U certify U save SPECIAL or PART OUT""",craigslist_toronto.csv
toronto,2008,subaru,tribeca,2000.0,fair,270000,gas,automatic,https://toronto.craigslist.org/mss/cto/d/mississauga-2008-subaru-tribeca-awd/7881616330.html,2008 Subaru Tribeca AWD,craigslist_toronto.csv
toronto,2015,Freightliner,M2 106 Medium Duty,55000.0,,200000,diesel,manual,https://toronto.craigslist.org/yrk/cto/d/stouffville-2015-freightliner-m2-106/7881453218.html,出售：2015 Freightliner M2 106 中型自卸车,craigslist_toronto.csv
toronto,2015,Freightliner,M2 106 Medium Duty,55000.0,,200000,diesel,manual,https://toronto.craigslist.org/yrk/cto/d/stouffville-for-sale-2015-freightliner/7881452534.html,For Sale: 2015 Freightliner M2 106 Medium Duty Dump Truck,craigslist_toronto.csv
toronto,2017,Volkswagen,Golf,14888.0,excellent,106575,gas,automatic,https://toronto.craigslist.org/tor/ctd/d/markham-outer-southwest-2017-volkswagen/7881363674.html,2017 Volkswagen Golf TSI S,craigslist_toronto.csv
toronto,2015,volkswagen,vw jetta,7500.0,like new,224000,gas,automatic,https://toronto.craigslist.org/bra/cto/d/brampton-2015-volkswagan-jetta/7881353565.html,2015 volkswagan Jetta,craigslist_toronto.csv
toronto,2014,Kia,Rondo LX,6500.0,good,115200,gas,automatic,https://toronto.craigslist.org/mss/cto/d/mississauga-2014-kia-rondo-lx-automatic/7880591174.html,2014 Kia Rondo LX automatic,craigslist_toronto.csv
toronto,2005,toyota,tacoma,2000.0,excellent,123000,gas,automatic,https://toronto.craigslist.org/tor/cto/d/bolton-toyota-tacoma/7881117369.html,Toyota Tacoma,craigslist_toronto.csv
toronto,2000,USED,CAR,150.0,,99,gas,other,https://toronto.craigslist.org/tor/cto/d/north-york-pre-purchase-car-inspections/7880748608.html,PRE PURCHASE CAR INSPECTIONS TEXT/CALL,craigslist_toronto.csv
toronto,1988,Ford,Mustang,15000.0,good,166000,gas,automatic,https://toronto.craigslist.org/bra/cto/d/owen-sound-1988-ford-mustang-convertible/7880470192.html,1988 Ford Mustang convertible,craigslist_toronto.csv
toronto,2023,Range,?,27000.0,,37000,gas,automatic,https://toronto.craigslist.org/tor/cto/d/toronto-range-rover-need-gone/7880378584.html,RANGE ROVER NEED GONE IMMEDIATELY,craigslist_toronto.csv
toronto,2024,TX,350 luxury,71888.0,like new,14955,gas,automatic,https://toronto.craigslist.org/mss/ctd/d/mississauga-2024-lexus-tx/7880320345.html,2024 Lexus TX,craigslist_toronto.csv
toronto,2012,fiat,500,7500.0,,230000,gas,automatic,https://toronto.craigslist.org/yrk/cto/d/aurora-fiat-gucci-brand/7880282385.html,Fiat 500 - Gucci brand,craigslist_toronto.csv
toronto,2018,bmw,x5,10900.0,,189900,gas,automatic,https://toronto.craigslist.org/tor/cto/d/east-toronto-2017-bmw-x5/7880170651.html,2017 BMW X5,craigslist_toronto.csv
toronto,2014,Audi,A4 quattro Prestige,12000.0,excellent,71500,gas,automatic,https://toronto.craigslist.org/tor/cto/d/east-york-2014-audi-a4-technik-awd-top/7880045872.html,"2014 Audi A4 Technik AWD - Top trim, 71k kms only, zero issues",craigslist_toronto.csv
toronto,1990,acura,integra,1.0,fair,497000,gas,manual,https://toronto.craigslist.org/mss/cto/d/mississauga-1990-integra/7880027189.html,1990 integra,craigslist_toronto.csv
toronto,2012,chevrolet,bolt,3700.0,good,135750,gas,automatic,https://toronto.craigslist.org/tor/cto/d/downsview-central-chevy-bolt-red-not/7879864535.html,Chevy bolt red Not certified runs,craigslist_toronto.csv
toronto,2010,lexus,is 250,9000.0,good,260000,gas,automatic,https://toronto.craigslist.org/mss/cto/d/brampton-lexus-is/7879817970.html,Lexus is250 2010,craigslist_toronto.csv
toronto,2009,ford,flex,3700.0,good,198000,gas,automatic,https://toronto.craigslist.org/mss/cto/d/mississauga-2009-ford-flex/7879662734.html,2009  Ford Flex,craigslist_toronto.csv
toronto,2017,ford,escape,11000.0,excellent,170000,gas,automatic,https://toronto.craigslist.org/drh/cto/d/oshawa-2017-ford-escape/7879400698.html,2017 ford escape,craigslist_toronto.csv
toronto,2023,toyota,gr supra,120000.0,excellent,26000,gas,automatic,https://toronto.craigslist.org/drh/cto/d/ajax-modified-supra/7879098176.html,Modified Supra,craigslist_toronto.csv
toronto,2007,volvo,v70,4500.0,good,225000,gas,automatic,https://toronto.craigslist.org/bra/cto/d/brampton-2007-volvo-v70/7879066736.html,2007 Volvo V70,craigslist_toronto.csv
kelowna,2016,Ram,3500,36869.0,,216000,diesel,automatic,https://kelowna.craigslist.org/ctd/d/surrey-east-2016-ram-3500-crew-cab-box/7889823021.html,2016 Ram 3500 Crew Cab 8'' Box Diesel,craigslist_kelowna.csv
kelowna,2009,mercedes-benz,s-class,9995.0,excellent,200000,gas,automatic,https://kelowna.craigslist.org/cto/d/north-vancouver-outer-east-2009/7889810696.html,2009 Mercedes-Benz S450 4 Matic AWD S Class Sonderklasse,craigslist_kelowna.csv
kelowna,2018,Ford,F-150,35999.0,excellent,50061,gas,automatic,https://kelowna.craigslist.org/ctd/d/kelowna-2018-ford-150-xlt-4wd-50l/7889799462.html,2018 Ford F-150 XLT 4WD | 5.0L,craigslist_kelowna.csv
kelowna,2018,ford,f-150,35000.0,,350000,diesel,automatic,https://kelowna.craigslist.org/cto/d/south-okanagan-ford-550/7886456284.html,FORD 550,craigslist_kelowna.csv
kelowna,2018,toyota,prius c,18888.0,,114812,gas,automatic,https://kelowna.craigslist.org/ctd/d/kelowna-2018-toyota-prius-one-compact/7888824864.html,2018 Toyota Prius c One — Compact & Reliable⚡ - Quick & Easy Financing,craigslist_kelowna.csv
kelowna,2016,land,rover range rover sport,22888.0,,131750,gas,automatic,https://kelowna.craigslist.org/ctd/d/kelowna-2016-land-rover-range-rover/7888808951.html,2016 Land Rover Range Rover Sport — AWD Luxury & Comfort 🛡,craigslist_kelowna.csv
kelowna,2024,toyota,rav4 hybrid xle,43888.0,,44318,hybrid,automatic,https://kelowna.craigslist.org/ctd/d/kelowna-2024-toyota-rav4-hybrid-xle/7888819196.html,2024 Toyota RAV4 Hybrid XLE — 🚗 Reliable Family SUV - Easy Financing,craigslist_kelowna.csv
kelowna,2024,nissan,versa s,19995.0,,32155,gas,automatic,https://kelowna.craigslist.org/ctd/d/kelowna-2024-nissan-versa-no-accidents/7889041358.html,2024 Nissan Versa S — 💫 No Accidents - Easy Financing,craigslist_kelowna.csv
kelowna,2023,nissan,sentra sv,19888.0,,56283,gas,automatic,https://kelowna.craigslist.org/ctd/d/kelowna-2023-nissan-sentra-sv-low-km/7889048411.html,2023 Nissan Sentra SV — 🌿 Low KM Sedan - Easy Approval,craigslist_kelowna.csv
kelowna,2023,jeep,wrangler rubicon,49888.0,,27813,hybrid,automatic,https://kelowna.craigslist.org/ctd/d/kelowna-2023-jeep-wrangler-rubicon/7889057534.html,2023 Jeep Wrangler Rubicon — 🔋Hybrid 4x4 - Easy Financing,craigslist_kelowna.csv
kelowna,2023,hyundai,venue,19888.0,,65589,gas,automatic,https://kelowna.craigslist.org/ctd/d/kelowna-2023-hyundai-venue-low-km-small/7889049608.html,2023 Hyundai Venue — 💫 Low km Small SUV - Big Value,craigslist_kelowna.csv
kelowna,2022,tesla,3,36888.0,,104053,electric,automatic,https://kelowna.craigslist.org/ctd/d/kelowna-2022-tesla-model-electric-drive/7888898219.html,"2022 Tesla Model 3 — 🔋Electric Drive - Great Deal, Easy Financing!",craigslist_kelowna.csv
kelowna,2022,dodge,durango r/t,43888.0,,88765,gas,automatic,https://kelowna.craigslist.org/ctd/d/kelowna-2022-dodge-durango-t-plus/7889047473.html,2022 Dodge Durango R/T Plus — 💫 Sporty & Powerful - Easy Financing!,craigslist_kelowna.csv
kelowna,2021,mazda,mazda3,23888.0,,90615,gas,automatic,https://kelowna.craigslist.org/ctd/d/kelowna-2021-mazda-mazda3-low-km-awd/7889049767.html,"2021 Mazda Mazda3 — 🔥 Low KM AWD - Great Price, Easy Approval",craigslist_kelowna.csv
kelowna,2021,maserati,levante,52888.0,,88551,gas,automatic,https://kelowna.craigslist.org/ctd/d/kelowna-2021-maserati-levante-luxury/7889058878.html,2021 Maserati Levante — Luxury SUV 💎 | Low km | No accidents!,craigslist_kelowna.csv
kelowna,2021,kia,forte gt,24888.0,,89297,gas,automatic,https://kelowna.craigslist.org/ctd/d/kelowna-2021-kia-forte-gt-only-89-great/7889048583.html,2021 Kia Forte GT — 🔑 Only 89 K! Great Deal - Quick Financing,craigslist_kelowna.csv
kelowna,2021,honda,civic sport,25888.0,,73194,gas,automatic,https://kelowna.craigslist.org/ctd/d/kelowna-2021-honda-civic-sport-low-km/7889055941.html,"2021 Honda Civic Sport — 🚙 Low KM Sedan - Great Deal, Easy Financing",craigslist_kelowna.csv
kelowna,2020,kia,forte5 ex,18888.0,,65312,gas,automatic,https://kelowna.craigslist.org/ctd/d/kelowna-2020-kia-forte5-ex-hatchback/7889048511.html,"2020 Kia Forte5 EX Hatchback — Only 65 K! Local BC, No Accidents!",craigslist_kelowna.csv
kelowna,2020,hyundai,tucson,19888.0,,87212,gas,automatic,https://kelowna.craigslist.org/ctd/d/kelowna-2020-hyundai-tucson-family-suv/7889058800.html,2020 Hyundai Tucson — 💫 Family SUV Only 87 K - Get Approved Fast,craigslist_kelowna.csv
kelowna,2019,volkswagen,jetta s,16888.0,,98084,gas,automatic,https://kelowna.craigslist.org/ctd/d/kelowna-2019-volkswagen-jetta-only-98/7889053729.html,2019 Volkswagen Jetta S — Only 98 K! Great Value & Easy Approval!,craigslist_kelowna.csv
kelowna,2019,ford,escape sel,19995.0,,90661,gas,automatic,https://kelowna.craigslist.org/ctd/d/kelowna-2019-ford-escape-sel-low-km-awd/7889059703.html,"2019 Ford Escape SEL — 💥 Low KM AWD - Great Deal, Easy Financing",craigslist_kelowna.csv
kelowna,2018,volkswagen,atlas,20888.0,,120055,gas,automatic,https://kelowna.craigslist.org/ctd/d/kelowna-2018-volkswagen-atlas-spacious/7889049958.html,2018 Volkswagen Atlas 💎 Spacious 7-Seater — Perfect for Families!,craigslist_kelowna.csv
kelowna,2018,ford,explorer xlt,21888.0,,117800,gas,automatic,https://kelowna.craigslist.org/ctd/d/kelowna-2018-ford-explorer-xlt-only-117/7889055607.html,2018 Ford Explorer XLT — Only 117 K! Easy Financing Available!,craigslist_kelowna.csv
kelowna,2018,audi,q3,18888.0,,144532,gas,automatic,https://kelowna.craigslist.org/ctd/d/kelowna-2018-audi-q3-quattro-great-suv/7889040724.html,"2018 Audi Q3 Quattro — 🖤 Great SUV, Great Price, Easy Financing",craigslist_kelowna.csv
kelowna,2017,mitsubishi,mirage g4,9995.0,,123885,gas,automatic,https://kelowna.craigslist.org/ctd/d/kelowna-2017-mitsubishi-mirage-g4-es/7889059658.html,"2017 Mitsubishi Mirage G4 ES — Affordable, Reliable, and Efficient!",craigslist_kelowna.csv
kelowna,2017,land,rover discovery sport se,22888.0,,89743,gas,automatic,https://kelowna.craigslist.org/ctd/d/kelowna-2017-land-rover-discovery-sport/7888819023.html,2017 Land Rover Discovery Sport SE — Only 89 K! - Easy Financing,craigslist_kelowna.csv
kelowna,2017,bmw,x3 xdrive28i,16888.0,,135004,gas,automatic,https://kelowna.craigslist.org/ctd/d/kelowna-2017-bmw-x3-xdrive28i-suv-awd/7889040142.html,2017 BMW X3 xDrive28i SUV — AWD 🔷 — Quick Approval,craigslist_kelowna.csv
kelowna,2017,chevrolet,colorado work truck,24888.0,,109565,gas,automatic,https://kelowna.craigslist.org/ctd/d/kelowna-2017-chevrolet-colorado-work/7889054838.html,"2017 Chevrolet Colorado Work Truck — Only 109K, Easy Financing!",craigslist_kelowna.csv
kelowna,2016,toyota,prius c,13888.0,,156716,gas,automatic,https://kelowna.craigslist.org/ctd/d/kelowna-2016-toyota-prius-one-clean/7888824960.html,2016 Toyota Prius c One — Clean & Reliable ⚡ Easy Financing Available,craigslist_kelowna.csv
kelowna,2016,ford,edge sel,17888.0,,79402,gas,automatic,https://kelowna.craigslist.org/ctd/d/kelowna-2016-ford-edge-sel-great-suv/7888819082.html,"2016 Ford Edge SEL — 🚗 Great SUV, Great Price | Easy Financing!",craigslist_kelowna.csv
kelowna,2015,dodge,grand caravan,9995.0,,156085,gas,automatic,https://kelowna.craigslist.org/ctd/d/kelowna-2015-dodge-grand-caravan-family/7889047409.html,2015 Dodge Grand Caravan — Family Van 🚐 Easy Financing Available,craigslist_kelowna.csv
kelowna,2014,hyundai,genesis coupe,13888.0,,118547,gas,automatic,https://kelowna.craigslist.org/ctd/d/kelowna-2014-hyundai-genesis-coupe/7889058742.html,2014 Hyundai Genesis Coupe - Sleek &Sporty🏎 Easy Financing Available,craigslist_kelowna.csv
kelowna,2011,chevrolet,corvette coupe,35888.0,,143862,gas,automatic,https://kelowna.craigslist.org/ctd/d/kelowna-2011-chevrolet-corvette-coupe/7889055220.html,2011 Chevrolet Corvette Coupe — Bold & Iconic🔥 Easy Financing!,craigslist_kelowna.csv
kelowna,2023,ford,escape plug-in hybrid,28888.0,,81091,hybrid,automatic,https://kelowna.craigslist.org/ctd/d/kelowna-2023-ford-escape-plug-in-hybrid/7888808119.html,"2023 Ford Escape Plug-In Hybrid — Only 81K! Local BC, No Accidents!",craigslist_kelowna.csv
kelowna,2020,gmc,sierra 1500,39888.0,,45715,gas,automatic,https://kelowna.craigslist.org/ctd/d/kelowna-2020-gmc-sierra-1500-lifted/7888806730.html,2020 GMC Sierra 1500 LIFTED — 🚗 Strong 4x4 Only 45 K - Easy Financing,craigslist_kelowna.csv
kelowna,2023,dodge,charger sxt,31888.0,,58442,gas,automatic,https://kelowna.craigslist.org/ctd/d/kelowna-2023-dodge-charger-sxt-low-km/7888811462.html,2023 Dodge Charger SXT — 💫 Low KM Sedan - Get Approved Now,craigslist_kelowna.csv
kelowna,2021,dodge,charger gt,31888.0,,78853,gas,automatic,https://kelowna.craigslist.org/ctd/d/kelowna-2021-dodge-charger-gt-powerful/7888809912.html,"2021 Dodge Charger GT — 🔥 Powerful Sedan, Only 78 K - Easy Financing!",craigslist_kelowna.csv
kelowna,2021,dodge,charger gt,37888.0,,94047,gas,automatic,https://kelowna.craigslist.org/ctd/d/kelowna-2021-dodge-charger-gt-sporty/7888809332.html,2021 Dodge Charger GT — 🔥 Sporty & Powerful - Easy Financing,craigslist_kelowna.csv
kelowna,2021,dodge,charger gt,31888.0,,77149,gas,automatic,https://kelowna.craigslist.org/ctd/d/kelowna-2021-dodge-charger-gt-sporty/7888810011.html,"2021 Dodge Charger GT — 🔥 Sporty Ride, Only 77 K - Easy Financing!",craigslist_kelowna.csv
kelowna,2008,gmc,envoy,5500.0,excellent,225000,gas,automatic,https://kelowna.craigslist.org/cto/d/south-okanagan-2008-gmc-envoy/7889741817.html,2008 GMC ENVOY,craigslist_kelowna.csv
kelowna,2012,jeep,wrangler unlimited,15000.0,good,199000,gas,manual,https://kelowna.craigslist.org/cto/d/squamish-jeep-wrangler-unlimited-sport/7889717915.html,Jeep Wrangler Unlimited Sport For Sale,craigslist_kelowna.csv
kelowna,1998,Ford,?,7900.0,fair,357000,gas,automatic,https://kelowna.craigslist.org/cto/d/kelowna-4x4van/7880191338.html,4x4van,craigslist_kelowna.csv
kelowna,2021,Volvo,XC90 T6,37999.0,excellent,76170,gas,automatic,https://kelowna.craigslist.org/ctd/d/surrey-lower-west-2021-volvo-xc90-t6/7889649171.html,2021 Volvo XC90 T6 AWD Momentum 7-Seater | ACCIDENT-FREE,craigslist_kelowna.csv
kelowna,2023,Dodge,Durango R/T,43999.0,excellent,91625,gas,automatic,https://kelowna.craigslist.org/ctd/d/surrey-lower-west-2023-dodge-durango-t/7887336670.html,2023 Dodge Durango R/T AWD 5.7L HEMI SUV: NO ACCIDENTS,craigslist_kelowna.csv
kelowna,2024,Ford,Mustang,36999.0,excellent,41685,gas,automatic,https://kelowna.craigslist.org/ctd/d/surrey-lower-west-2024-ford-mustang/7889648962.html,2024 Ford Mustang EcoBoost Premium Convertible: ACCIDENT-FREE!,craigslist_kelowna.csv
kelowna,2022,Ram,1500 Limited Longhorn,56999.0,excellent,23469,gas,automatic,https://kelowna.craigslist.org/ctd/d/surrey-lower-west-2022-ram-1500-limited/7888006225.html,"2022 Ram 1500 Limited Longhorn 4x4 Crew Cab 5'7"" Box: LOCAL, 1-OWNER",craigslist_kelowna.csv
kelowna,2023,Dodge,Durango GT Rallye,43999.0,excellent,340,gas,automatic,https://kelowna.craigslist.org/ctd/d/surrey-lower-west-2023-dodge-durango-gt/7886357027.html,"2023 Dodge Durango GT Rallye AWD SUV: LOCAL, LOWEST KMS",craigslist_kelowna.csv
kelowna,2024,Chevrolet,Trax,26999.0,excellent,42780,gas,automatic,https://kelowna.craigslist.org/ctd/d/surrey-lower-west-2024-chevrolet-trax/7888078670.html,"2024 Chevrolet Trax FWD ACTIV SUV: 1-OWNER, NO ACCIDENTS",craigslist_kelowna.csv
kelowna,2023,Ford,Mustang,42987.0,excellent,40355,gas,automatic,https://kelowna.craigslist.org/ctd/d/surrey-lower-west-2023-ford-mustang/7888078341.html,"2023 Ford Mustang EcoBoost Convertible: LOW KMS, CLEAN CARFAX",craigslist_kelowna.csv
kelowna,2022,Ford,Mustang Mach-E Premium,33674.0,excellent,85494,electric,automatic,https://kelowna.craigslist.org/ctd/d/surrey-lower-west-2022-ford-mustang/7888078776.html,2022 Ford Mustang Mach-E Premium RWD SUV: ACCIDENT-FREE,craigslist_kelowna.csv
kelowna,2017,Chrysler,Pacifica,45999.0,excellent,1,gas,automatic,https://kelowna.craigslist.org/ctd/d/surrey-lower-west-2024-chrysler/7888077948.html,"2024 Chrysler Pacifica Touring-L AWD MInivan: SPOTLESS CARFAX, LOW KMS",craigslist_kelowna.csv
kelowna,2024,Toyota,RAV4,43999.0,excellent,20203,hybrid,automatic,https://kelowna.craigslist.org/ctd/d/surrey-lower-west-2024-toyota-rav4/7887351829.html,"2024 Toyota RAV4 Hybrid LE AWD (Natl) SUV: NO ACCIDENTS, 1-OWNER",craigslist_kelowna.csv
kelowna,2023,Jeep,Grand Cherokee,34999.0,excellent,65820,gas,automatic,https://kelowna.craigslist.org/ctd/d/surrey-lower-west-2023-jeep-grand/7889648521.html,"2023 Jeep Grand Cherokee L Laredo 4x4 SUV: LOW KMS, NO ACCIDENTS",craigslist_kelowna.csv
kelowna,2019,Chevrolet,Colorado,36999.0,excellent,87505,gas,automatic,https://kelowna.craigslist.org/ctd/d/surrey-lower-west-2019-chevrolet/7888869071.html,"2019 Chevrolet Colorado 4WD Crew Cab 128.3"" ZR2 | LOW KMS",craigslist_kelowna.csv
kelowna,2024,Ford,Mustang,35999.0,excellent,11415,gas,automatic,https://kelowna.craigslist.org/ctd/d/surrey-lower-west-2024-mustang-ecoboost/7888920035.html,"2024 Mustang EcoBoost Fastback Coupe: NO ACCIDENTS, LOW LOW KMS",craigslist_kelowna.csv
kelowna,2023,Chevrolet,TrailBlazer RS,26499.0,excellent,46600,gas,automatic,https://kelowna.craigslist.org/ctd/d/surrey-lower-west-2023-chevrolet/7887337799.html,"2023 Chevrolet TrailBlazer AWD RS SUV: NO ACCIDENTS, LOCAL",craigslist_kelowna.csv
kelowna,2023,Dodge,Durango R/T,40999.0,excellent,76255,gas,automatic,https://kelowna.craigslist.org/ctd/d/surrey-lower-west-2023-dodge-durango-gt/7884347324.html,"2023 Dodge Durango GT AWD SUV: 1-OWNER, NO ACCIDENTS",craigslist_kelowna.csv
kelowna,2024,Audi,Q5 Progressiv,45999.0,excellent,48930,electric,automatic,https://kelowna.craigslist.org/ctd/d/surrey-lower-west-2024-audi-q5/7888006326.html,2024 Audi Q5 Progressiv 45 TFSI quattro SUV: TONS OF WARRANTY!,craigslist_kelowna.csv
kelowna,2023,Ram,3500 Big Horn,57999.0,excellent,26355,gas,automatic,https://kelowna.craigslist.org/ctd/d/surrey-lower-west-2023-ram-3500-big/7888006414.html,2023 Ram 3500 Big Horn 4x4 Crew Cab 8' Box: ACCIDENT-FREE!,craigslist_kelowna.csv
kelowna,2024,Ford,Bronco Sport Big Bend,30999.0,excellent,26100,gas,automatic,https://kelowna.craigslist.org/ctd/d/surrey-lower-west-2024-toyota-corolla/7887353502.html,2024 Toyota Corolla LE - HEATED FRONT SEATS - Cruise Control - LOW KMS,craigslist_kelowna.csv
kelowna,2023,Dodge,Charger,69999.0,excellent,32895,gas,automatic,https://kelowna.craigslist.org/ctd/d/surrey-lower-west-2023-dodge-charger/7886355907.html,2023 Dodge Charger Scat Pack 392 Widebody RWD Sedan: ACCIDENT-FREE,craigslist_kelowna.csv
kelowna,2022,Dodge,Challenger,68321.0,excellent,24995,gas,automatic,https://kelowna.craigslist.org/ctd/d/surrey-lower-west-2022-dodge-challenger/7888006676.html,2022 Dodge Challenger Scat Pack 392 RWD Coupe: ACCIDENT-FREE,craigslist_kelowna.csv
kelowna,2023,Dodge,Challenger Scat Pack 392,66999.0,excellent,12435,gas,automatic,https://kelowna.craigslist.org/ctd/d/surrey-lower-west-2023-dodge-challenger/7882840710.html,2023 Dodge Challenger Scat Pack 392 RWD Coupe: NO ACCIDENTS!,craigslist_kelowna.csv
kelowna,2020,Dodge,Grand Caravan GT,19999.0,excellent,120104,gas,automatic,https://kelowna.craigslist.org/ctd/d/surrey-lower-west-2020-dodge-grand/7889647707.html,2020 Dodge Grand Caravan GT 2WD Minivan: SPOTLESS CARFAX,craigslist_kelowna.csv
kelowna,2022,Hyundai,Sonata,25999.0,excellent,84850,gas,automatic,https://kelowna.craigslist.org/ctd/d/surrey-lower-west-2022-hyundai-sonata/7888007077.html,"2022 Hyundai Sonata 2.5L Preferred Sedan: CLEAN, MINT UNIT",craigslist_kelowna.csv
kelowna,2019,Dodge,Charger SRT Hellcat,62999.0,excellent,71505,gas,automatic,https://kelowna.craigslist.org/ctd/d/surrey-lower-west-2019-dodge-charger/7886354619.html,2019 Dodge Charger SRT Hellcat RWD Sedan: CLEAN CARFAX!,craigslist_kelowna.csv
kelowna,2022,Jeep,Wrangler Unlimited Rubicon,40999.0,excellent,92966,gas,automatic,https://kelowna.craigslist.org/ctd/d/surrey-lower-west-2022-jeep-wrangler/7886354756.html,2022 Jeep Wrangler Unlimited Rubicon 4x4 SUV: TOP CONDITION,craigslist_kelowna.csv
kelowna,2024,Jeep,Compass Trailhawk,28999.0,excellent,46580,gas,automatic,https://kelowna.craigslist.org/ctd/d/surrey-lower-west-2024-jeep-compass/7887336397.html,"2024 Jeep Compass Trailhawk 4x4 SUV: ACCIDENT-FREE, LOW KMS",craigslist_kelowna.csv
kelowna,2021,Audi,e-tron Sportback,40872.0,excellent,74075,electric,automatic,https://kelowna.craigslist.org/ctd/d/surrey-lower-west-2021-audi-tron/7887336516.html,2021 Audi e-tron Sportback Technik quattro SUV: TOP CONDITION,craigslist_kelowna.csv
kelowna,2019,Jeep,Wrangler Unlimited Sahara,31999.0,excellent,102106,gas,automatic,https://kelowna.craigslist.org/ctd/d/surrey-lower-west-2019-jeep-wrangler/7888004472.html,2019 Jeep Wrangler Unlimited Sahara 4x4 SUV: BC LOCAL,craigslist_kelowna.csv
kelowna,2024,Nissan,Pathfinder Platinum,54999.0,like new,1150,gas,automatic,https://kelowna.craigslist.org/ctd/d/surrey-lower-west-2024-nissan/7888078541.html,"2024 Nissan Pathfinder Platinum 4WD SUV: LOWEST KM, LIKE NEW!",craigslist_kelowna.csv
kelowna,2023,Nissan,Kicks,21872.0,excellent,27467,gas,automatic,https://kelowna.craigslist.org/ctd/d/surrey-lower-west-2023-nissan-kicks-fwd/7884352151.html,"2023 Nissan Kicks S FWD Hatchback: 1-OWNER, NO ACCIDENTS",craigslist_kelowna.csv
kelowna,2024,Acura,ZDX Type S,59999.0,excellent,510,electric,automatic,https://kelowna.craigslist.org/ctd/d/surrey-lower-west-2024-acura-zdx-type/7887337360.html,"2024 Acura ZDX Type S AWD SUV: CLEAN CARFAX, LIKE NEW!",craigslist_kelowna.csv
kelowna,2020,Ram,1500 Longhorn,47999.0,excellent,81514,gas,automatic,https://kelowna.craigslist.org/ctd/d/surrey-lower-west-2020-ram-1500/7888874232.html,"2020 Ram 1500 Longhorn 4x4 Crew Cab 5'7"" Box: CLEAN CARFAX",craigslist_kelowna.csv
kelowna,2020,Jeep,Compass Limited,23976.0,excellent,113155,gas,automatic,https://kelowna.craigslist.org/ctd/d/surrey-lower-west-2020-jeep-compass/7888005647.html,2020 Jeep Compass Limited 4x4 SUV: CLEAN CARFAX,craigslist_kelowna.csv
kelowna,2023,Toyota,RAV4 XLE,42579.0,excellent,24505,gas,automatic,https://kelowna.craigslist.org/ctd/d/surrey-lower-west-2023-toyota-rav4-xle/7888005042.html,"2023 Toyota RAV4 XLE AWD SUV: LOW KMS, NO ACCIDENTS",craigslist_kelowna.csv
kelowna,2018,Ram,1500 Sport,34999.0,excellent,113396,gas,automatic,https://kelowna.craigslist.org/ctd/d/surrey-lower-west-2018-ram-1500-sport/7889647174.html,"2018 Ram 1500 Sport 4x4 Crew Cab 5'7"" Box *Ltd Avail* | BC TRUCK",craigslist_kelowna.csv
kelowna,2018,Ram,1500 Laramie,34999.0,excellent,101025,gas,automatic,https://kelowna.craigslist.org/ctd/d/surrey-lower-west-2018-ram-1500-laramie/7889647126.html,"2018 Ram 1500 Laramie 4x4 Crew Cab 6'4"" Box: LOCAL UNIT",craigslist_kelowna.csv
kelowna,2022,Ram,1500 Classic,42999.0,excellent,39565,gas,automatic,https://kelowna.craigslist.org/ctd/d/surrey-lower-west-2022-ram-1500-classic/7889647093.html,"2022 Ram 1500 Classic Express 4x4 Crew Cab 5'7"" Box: ACCIDENT-FREE!",craigslist_kelowna.csv
kelowna,2021,Chrysler,Pacifica,32999.0,excellent,80950,hybrid,automatic,https://kelowna.craigslist.org/ctd/d/surrey-lower-west-2021-chrysler/7889646993.html,2021 Chrysler Pacifica Hybrid Touring L Plus 2WD Minivan: NO ACCIDENTS,craigslist_kelowna.csv
kelowna,2024,Chevrolet,Equinox EV RS w/2RS,44261.0,like new,6605,electric,automatic,https://kelowna.craigslist.org/ctd/d/surrey-lower-west-2024-chevrolet/7889646969.html,"2024 Chevrolet Equinox EV RS w/2RS SUV: CLEAN TITLE, LOW LOW KMS",craigslist_kelowna.csv
kelowna,2024,Mitsubishi,Outlander,31999.0,excellent,62080,gas,automatic,https://kelowna.craigslist.org/ctd/d/surrey-lower-west-2024-mitsubishi/7884347430.html,"2024 Mitsubishi Outlander SE S-AWC SUV: NO ACCIDENTS, MFR WARRANTY",craigslist_kelowna.csv
kelowna,2024,Ford,Mustang,38999.0,excellent,45310,gas,automatic,https://kelowna.craigslist.org/ctd/d/surrey-lower-west-2024-ford-mustang/7885647614.html,"2024 Ford Mustang EcoBoost Premium Convertible | NO ACCIDENTS, LOW KMS",craigslist_kelowna.csv
kelowna,2022,Ford,Bronco Sport,28999.0,excellent,51925,gas,automatic,https://kelowna.craigslist.org/ctd/d/surrey-lower-west-2022-ford-bronco/7887349843.html,"2022 Ford Bronco Sport Big Bend 4x4 SUV: 1-OWNER, NO ACCIDENTS",craigslist_kelowna.csv
kelowna,2022,Ram,1500 Classic Warlock,41999.0,excellent,69025,gas,automatic,https://kelowna.craigslist.org/ctd/d/surrey-lower-west-2022-ram-1500-classic/7889646783.html,"2022 Ram 1500 Classic Warlock 4x4 Crew Cab 5'7"" Box: LOCAL, LOW KMS",craigslist_kelowna.csv
kelowna,2023,Toyota,Camry,41872.0,excellent,20115,hybrid,automatic,https://kelowna.craigslist.org/ctd/d/surrey-lower-west-2023-toyota-camry/7889646750.html,"2023 Toyota Camry Hybrid XSE Auto Sedan: ACCIDENT-FREE, LOW KMS",craigslist_kelowna.csv
kelowna,2022,Ford,Bronco Sport,27999.0,excellent,33225,gas,automatic,https://kelowna.craigslist.org/ctd/d/surrey-lower-west-2022-ford-bronco/7888004152.html,2022 Ford Bronco Sport Big Bend 4x4 SUV: ACCIDENT-FREE!,craigslist_kelowna.csv
kelowna,2022,Ford,F-150,38999.0,excellent,68940,gas,automatic,https://kelowna.craigslist.org/ctd/d/surrey-lower-west-2022-ford-150-xlt-4wd/7889646639.html,2022 Ford F-150 XLT 4WD SuperCrew 5.5' Box | NO ACCIDENTS!,craigslist_kelowna.csv
kelowna,2024,Kia,Sorento,32999.0,excellent,50285,gas,automatic,https://kelowna.craigslist.org/ctd/d/surrey-lower-west-2024-kia-sorento-ex/7888004709.html,"2024 Kia Sorento EX AWD SUV: NO ACCIDENTS, LOW KMS",craigslist_kelowna.csv
kelowna,2022,Volkswagen,Taos Trendline,23999.0,excellent,64405,gas,automatic,https://kelowna.craigslist.org/ctd/d/surrey-lower-west-2022-volkswagen-taos/7888005081.html,2022 Volkswagen Taos Trendline 4MOTION SUV: NO ACCIDENTS,craigslist_kelowna.csv
kelowna,2023,Ram,1500 Laramie,51999.0,excellent,67385,gas,automatic,https://kelowna.craigslist.org/ctd/d/surrey-lower-west-2023-ram-1500-laramie/7882843727.html,"2023 Ram 1500 Laramie 4x4 Crew Cab 5'7"" Box: LOW KMS, ACCIDENT-FREE",craigslist_kelowna.csv
kelowna,2020,Kia,Sportage,23999.0,excellent,56585,gas,automatic,https://kelowna.craigslist.org/ctd/d/surrey-lower-west-2020-kia-sportage-sx/7886355810.html,"2020 Kia Sportage SX AWD SUV: LOW LOW KMS, MINT!",craigslist_kelowna.csv
kelowna,2022,Jeep,Grand Cherokee WK Limited,37998.0,excellent,67573,gas,automatic,https://kelowna.craigslist.org/ctd/d/surrey-lower-west-2022-jeep-grand/7889645870.html,"2022 Jeep Grand Cherokee WK Limited 4x4 SUV: LOCAL, LOW KMS",craigslist_kelowna.csv
kelowna,2022,Hyundai,Santa Fe,24999.0,excellent,70940,gas,automatic,https://kelowna.craigslist.org/ctd/d/surrey-lower-west-2022-hyundai-santa-fe/7884363255.html,2022 Hyundai Santa Fe Essential AWD SUV: Apple Carplay/Google Android,craigslist_kelowna.csv
kelowna,2024,Ram,1500 Laramie,64321.0,excellent,14882,electric,automatic,https://kelowna.craigslist.org/ctd/d/surrey-lower-west-2024-ram-1500-laramie/7889645388.html,"2024 Ram 1500 Laramie 4x4 Crew Cab 5'7"" Box: ACCIDENT-FREE",craigslist_kelowna.csv
kelowna,2019,Audi,A5 Progressiv,30999.0,excellent,65447,gas,automatic,https://kelowna.craigslist.org/ctd/d/surrey-lower-west-2019-audi-a5/7887336300.html,"2019 Audi A5 Progressiv 45 TFSI quattro Coupe; ACCIDENT-FREE, LOW KMS",craigslist_kelowna.csv
kelowna,2023,Ram,1500 Classic,32999.0,excellent,84715,gas,automatic,https://kelowna.craigslist.org/ctd/d/surrey-lower-west-2023-ram-1500-classic/7886341522.html,"2023 Ram 1500 Classic SLT 4x4 Crew Cab 5'7"" Box: ACCIDENT-FREE",craigslist_kelowna.csv
kelowna,2022,Hyundai,Sonata,21999.0,excellent,107405,gas,automatic,https://kelowna.craigslist.org/ctd/d/surrey-lower-west-2022-hyundai-sonata/7887336013.html,"2022 Hyundai Sonata 2.5T N Line Sedan: 1-OWNER, BC LOCAL",craigslist_kelowna.csv
kelowna,2022,Ford,Mustang Mach-E,32998.0,excellent,93270,electric,automatic,https://kelowna.craigslist.org/ctd/d/surrey-lower-west-2022-ford-mustang/7888005552.html,2022 Ford Mustang Mach-E California Route 1 AWD SUV: ACCIDENT-FREE,craigslist_kelowna.csv
kelowna,2022,Hyundai,Elantra,24979.0,excellent,88815,hybrid,automatic,https://kelowna.craigslist.org/ctd/d/surrey-lower-west-2022-hyundai-elantra/7889645107.html,"2022 Hyundai Elantra Hybrid Ultimate DCT Sedan: 1-OWNER, LOCAL",craigslist_kelowna.csv
kelowna,2023,Jeep,Grand Cherokee Limited,39741.0,excellent,71700,gas,automatic,https://kelowna.craigslist.org/ctd/d/surrey-lower-west-2023-jeep-grand/7889644876.html,"2023 Jeep Grand Cherokee Limited 4x4 SUV: CLEAN, TOP CONDITION",craigslist_kelowna.csv
kelowna,2023,Jeep,Grand Cherokee Limited,37472.0,excellent,95090,gas,automatic,https://kelowna.craigslist.org/ctd/d/surrey-lower-west-2023-jeep-grand/7889644696.html,2023 Jeep Grand Cherokee Limited 4x4 SUV: ACCIDENT-FREE,craigslist_kelowna.csv
kelowna,2024,Volkswagen,Tiguan Highline R-Line,38999.0,excellent,39845,gas,automatic,https://kelowna.craigslist.org/ctd/d/surrey-lower-west-2024-volkswagen/7889644518.html,2024 Volkswagen Tiguan Highline R-Line 4MOTION SUV | LOW KMS,craigslist_kelowna.csv
kelowna,2024,Ram,3500 Limited,89677.0,like new,740,gas,automatic,https://kelowna.craigslist.org/ctd/d/surrey-lower-west-2024-ram-3500-limited/7889644165.html,"2024 Ram 3500 Limited 4x4 Crew Cab 6'4"" Box | NO ACCIDENTS",craigslist_kelowna.csv
kelowna,2023,Chrysler,300S,31999.0,excellent,81580,gas,automatic,https://kelowna.craigslist.org/ctd/d/surrey-lower-west-2023-chrysler-300s/7884372923.html,"2023 Chrysler 300S AWD Sedan: ACCIDENT-FREE, TOP CONDITION",craigslist_kelowna.csv
kelowna,2024,Nissan,Sentra,24672.0,excellent,28885,gas,automatic,https://kelowna.craigslist.org/ctd/d/surrey-lower-west-2024-nissan-sentra-sr/7882844425.html,"2024 Nissan Sentra SR CVT Sedan: 1-OWNER, NO ACCIDENTS",craigslist_kelowna.csv
kelowna,2023,Ford,Mustang Mach-E Premium,38499.0,excellent,37100,electric,automatic,https://kelowna.craigslist.org/ctd/d/surrey-lower-west-2023-ford-mustang/7889643898.html,2023 Ford Mustang Mach-E Premium AWD SUV: ACCIDENT-FREE,craigslist_kelowna.csv
kelowna,2011,Audi,A3,8869.0,,167000,other,automatic,https://kelowna.craigslist.org/ctd/d/surrey-east-2011-audi-a3-line-quattro/7888690634.html,2011 Audi A3 S Line Quattro Premium,craigslist_kelowna.csv
kelowna,2014,Kia,Optima,10869.0,,140000,other,automatic,https://kelowna.craigslist.org/ctd/d/surrey-east-2014-kia-optima-sx-turbo/7888689106.html,2014 Kia Optima SX Turbo Auto,craigslist_kelowna.csv
kelowna,2016,Toyota,Prius C,14869.0,,161000,other,automatic,https://kelowna.craigslist.org/ctd/d/surrey-east-2016-toyota-prius/7888672460.html,2016 Toyota Prius C Technology Package,craigslist_kelowna.csv
kelowna,2016,Porsche,Macan,24869.0,,117000,other,automatic,https://kelowna.craigslist.org/ctd/d/surrey-east-2016-porsche-macan-awd/7888690621.html,2016 Porsche Macan S AWD,craigslist_kelowna.csv
kelowna,2014,Honda,Odyssey,16869.0,,201000,other,automatic,https://kelowna.craigslist.org/ctd/d/surrey-east-2014-honda-odyssey-touring/7888690567.html,2014 Honda Odyssey Touring W/RES & NAVI,craigslist_kelowna.csv
kelowna,2019,Honda,Civic,23869.0,,36000,other,automatic,https://kelowna.craigslist.org/ctd/d/surrey-east-2019-honda-civic-sedan-lx/7888689588.html,2019 Honda Civic Sedan LX,craigslist_kelowna.csv
kelowna,2019,Toyota,Tacoma,35869.0,,170000,other,automatic,https://kelowna.craigslist.org/ctd/d/surrey-east-2019-toyota-tacoma-double/7888688630.html,2019 Toyota Tacoma Double Cab 4X4,craigslist_kelowna.csv
kelowna,2017,Mercedes,S550,38869.0,,102000,other,automatic,https://kelowna.craigslist.org/ctd/d/surrey-east-2017-mercedes-s550-4matic/7888688169.html,2017 Mercedes S550 4Matic LWB,craigslist_kelowna.csv
kelowna,2018,Ram,1500,24869.0,,140000,diesel,automatic,https://kelowna.craigslist.org/ctd/d/surrey-east-2018-ram-1500-crew-cab-slt/7888686205.html,2018 Ram 1500 Crew Cab SLT Ecodiesel,craigslist_kelowna.csv
kelowna,2019,Ram,1500 Classic,29869.0,,98000,other,automatic,https://kelowna.craigslist.org/ctd/d/surrey-east-2019-ram-1500-classic-slt/7888686696.html,2019 Ram 1500 Classic SLT 4X4 6''4 Box,craigslist_kelowna.csv
kelowna,2018,Nissan,Rogue,12869.0,,188000,other,automatic,https://kelowna.craigslist.org/ctd/d/surrey-east-2018-nissan-rogue-sv-awd/7888686650.html,2018 Nissan Rogue SV AWD,craigslist_kelowna.csv
kelowna,2019,Chevrolet,Equinox,21869.0,,110000,other,automatic,https://kelowna.craigslist.org/ctd/d/surrey-east-2019-chevrolet-equinox/7888686504.html,2019 Chevrolet Equinox Premier AWD,craigslist_kelowna.csv
kelowna,2016,Toyota,Prius C,14869.0,,155000,other,automatic,https://kelowna.craigslist.org/ctd/d/surrey-east-2016-toyota-prius/7888686500.html,2016 Toyota Prius C Technology Package,craigslist_kelowna.csv
kelowna,2009,Mercedes,SLK350,16869.0,,96000,other,automatic,https://kelowna.craigslist.org/ctd/d/surrey-east-2009-mercedes-slk350-2dr/7888686407.html,2009 Mercedes SLK350 2dr Roadster,craigslist_kelowna.csv
kelowna,2020,Audi,S5,37869.0,,100000,other,automatic,https://kelowna.craigslist.org/ctd/d/surrey-east-2020-audi-s5-sportback/7888686397.html,2020 Audi S5 Sportback Technik 3.0 Quattro,craigslist_kelowna.csv
kelowna,2016,Porsche,Cayenne,37869.0,,123000,other,automatic,https://kelowna.craigslist.org/ctd/d/surrey-east-2016-porsche-cayenne-gts-in/7888686350.html,2016 Porsche Cayenne GTS	In Surrey BC,craigslist_kelowna.csv
kelowna,2021,Ram,1500 Classic,36869.0,,102000,other,automatic,https://kelowna.craigslist.org/ctd/d/surrey-east-2021-ram-1500-classic/7888686333.html,2021 Ram 1500 Classic Warlock 4X4,craigslist_kelowna.csv
kelowna,2012,Chevrolet,Tahoe,19869.0,,145000,other,automatic,https://kelowna.craigslist.org/ctd/d/surrey-east-2012-chevrolet-tahoe-lt-4x4/7888672678.html,2012 Chevrolet Tahoe LT 4X4,craigslist_kelowna.csv
kelowna,2020,Ford,Explorer,31869.0,,139000,other,automatic,https://kelowna.craigslist.org/ctd/d/surrey-east-2020-ford-explorer-limited/7888672394.html,2020 Ford Explorer Limited 4WD,craigslist_kelowna.csv
kelowna,2019,Volkswagen,Jetta,18869.0,,121000,other,automatic,https://kelowna.craigslist.org/ctd/d/surrey-east-2019-volkswagen-jetta/7888672278.html,2019 Volkswagen Jetta Highline 1.4L TSI,craigslist_kelowna.csv
kelowna,2016,Volkswagen,Golf,11869.0,,152000,other,automatic,https://kelowna.craigslist.org/ctd/d/surrey-east-2016-volkswagen-golf/7885896468.html,2016 Volkswagen Golf Sportwagon 1.8 TSI,craigslist_kelowna.csv
kelowna,2018,Land,Rover Discovery,13869.0,,178000,other,automatic,https://kelowna.craigslist.org/ctd/d/surrey-east-2018-land-rover-discovery/7885896002.html,2018 Land Rover Discovery Sport HSE,craigslist_kelowna.csv
kelowna,2021,Mercedes,C300,32869.0,,113000,other,automatic,https://kelowna.craigslist.org/ctd/d/surrey-east-2021-mercedes-c300-4matic/7885901471.html,2021 Mercedes C300 4Matic AMG Package,craigslist_kelowna.csv
kelowna,2020,Ram,1500,21869.0,,192000,other,automatic,https://kelowna.craigslist.org/ctd/d/surrey-east-2020-ram-1500-crew-cab/7883998027.html,2020 Ram 1500 Crew Cab Classic SLT,craigslist_kelowna.csv
kelowna,2024,Toyota,Camry,34869.0,,51000,other,automatic,https://kelowna.craigslist.org/ctd/d/surrey-east-2024-toyota-camry-se-awd/7883997230.html,2024 Toyota Camry SE AWD,craigslist_kelowna.csv
kelowna,2019,Hyundai,Sonata,19869.0,,126000,other,automatic,https://kelowna.craigslist.org/ctd/d/surrey-east-2019-hyundai-sonata/7885902912.html,2019 Hyundai Sonata Essential 2.4L W/Sport Package,craigslist_kelowna.csv
kelowna,2023,Ford,F-150,44869.0,,89000,other,automatic,https://kelowna.craigslist.org/ctd/d/surrey-east-2023-ford-150-xlt-supercrew/7885902154.html,2023 Ford F-150 XLT Supercrew 5.5' Box,craigslist_kelowna.csv
kelowna,2014,Nissan,Rogue,,excellent,137877,gas,automatic,https://kelowna.craigslist.org/ctd/d/surrey-lower-west-2014-nissan-rogue-fwd/7889643680.html,"2014 Nissan Rogue FWD S SUV: NAVI, LOCAL",craigslist_kelowna.csv
kelowna,2021,ROLLS-ROYCE,CULLINAN,448869.0,,18000,gas,automatic,https://kelowna.craigslist.org/ctd/d/surrey-east-2021-rolls-royce-cullinan/7885896201.html,2021 ROLLS-ROYCE CULLINAN NOVITEC OVER PKG,craigslist_kelowna.csv
kelowna,2021,Ford,F-150,39869.0,,113000,other,manual,https://kelowna.craigslist.org/ctd/d/surrey-east-2021-ford-150-xlt-302a/7885900803.html,2021 Ford F-150 XLT W/302a Premium Package,craigslist_kelowna.csv
kelowna,2014,Volkswagen,Touareg,12869.0,,317000,diesel,automatic,https://kelowna.craigslist.org/ctd/d/surrey-east-2014-volkswagen-touareg-tdi/7885896059.html,2014 Volkswagen Touareg TDI Sport,craigslist_kelowna.csv
kelowna,2018,Mercedes,GLA 250,20869.0,,114000,other,automatic,https://kelowna.craigslist.org/ctd/d/surrey-east-2018-mercedes-gla-250-4matic/7883257271.html,2018 Mercedes GLA 250 4Matic,craigslist_kelowna.csv
kelowna,2016,Dodge,Journey,12869.0,,150000,other,automatic,https://kelowna.craigslist.org/ctd/d/surrey-east-2016-dodge-journey-sxt/7883257470.html,2016 Dodge Journey SXT,craigslist_kelowna.csv
kelowna,2021,Hyundai,Elantra,22869.0,,67000,other,automatic,https://kelowna.craigslist.org/ctd/d/surrey-east-2021-hyundai-elantra/7887059064.html,2021 Hyundai Elantra Preferred W/Sun & Tech Package,craigslist_kelowna.csv
kelowna,2017,Ram,1500,32869.0,,138000,diesel,automatic,https://kelowna.craigslist.org/ctd/d/surrey-east-2017-ram-1500-crew-cab/7884007129.html,2017 Ram 1500 Crew Cab Laramie Ecodiesel,craigslist_kelowna.csv
kelowna,2022,Aston,Martin Vantage,199869.0,,7000,other,automatic,https://kelowna.craigslist.org/ctd/d/surrey-east-2022-aston-martin-vantage/7887059263.html,2022 Aston Martin Vantage F1 Edition,craigslist_kelowna.csv
kelowna,2016,Mercedes,Benz E-250,18869.0,,127000,diesel,automatic,https://kelowna.craigslist.org/ctd/d/surrey-east-2016-mercedes-benz-250/7884001107.html,2016 Mercedes Benz E-250 Bluetec 4Matic,craigslist_kelowna.csv
kelowna,2019,Hyundai,Elantra,19869.0,,57000,other,automatic,https://kelowna.craigslist.org/ctd/d/surrey-east-2019-hyundai-elantra/7884012801.html,2019 Hyundai Elantra Preferred,craigslist_kelowna.csv
kelowna,2016,Ram,1500,25869.0,,182000,diesel,automatic,https://kelowna.craigslist.org/ctd/d/surrey-east-2016-ram-1500-crew-cab/7884007078.html,2016 Ram 1500 Crew Cab Laramie Longhorn 4X4,craigslist_kelowna.csv
kelowna,2019,BMW,7 Series,54869.0,,66000,other,automatic,https://kelowna.craigslist.org/ctd/d/surrey-east-2019-bmw-series-750li-xdrive/7887057759.html,2019 BMW 7 Series 750LI Xdrive,craigslist_kelowna.csv
kelowna,2018,Jeep,Wrangler Unlimited,27869.0,,123000,other,automatic,https://kelowna.craigslist.org/ctd/d/surrey-east-2018-jeep-wrangler/7884000713.html,2018 Jeep Wrangler Unlimited Sahara 4X4,craigslist_kelowna.csv
kelowna,2019,Land,Rover Range Rover,37869.0,,86000,diesel,automatic,https://kelowna.craigslist.org/ctd/d/surrey-east-2019-land-rover-range-rover/7887059511.html,2019 Land Rover Range Rover Sport TD6,craigslist_kelowna.csv
kelowna,2020,Hyundai,Santa Fe,19869.0,,130000,other,automatic,https://kelowna.craigslist.org/ctd/d/surrey-east-2020-hyundai-santa-fe/7887057640.html,2020 Hyundai Santa Fe Luxury 2.0L T,craigslist_kelowna.csv
kelowna,2022,Toyota,Corolla,26869.0,,115000,other,automatic,https://kelowna.craigslist.org/ctd/d/surrey-east-2022-toyota-corolla-le/7887057568.html,2022 Toyota Corolla LE Hybrid,craigslist_kelowna.csv
kelowna,2016,Mercedes-Benz,GLE 350d,25869.0,,134000,diesel,automatic,https://kelowna.craigslist.org/ctd/d/surrey-east-2016-mercedes-benz-gle-350d/7887057597.html,2016 Mercedes-Benz GLE 350d 4MATIC AMG Pkg,craigslist_kelowna.csv
kelowna,2021,Ford,F-150,44869.0,,101000,other,other,https://kelowna.craigslist.org/ctd/d/surrey-east-2021-ford-150-lariat-4x4/7887057358.html,2021 Ford F-150 Lariat 4X4 Ecoboost,craigslist_kelowna.csv
kelowna,2016,Jeep,Patriot,12869.0,,115000,other,automatic,https://kelowna.craigslist.org/ctd/d/surrey-east-2016-jeep-patriot-sport/7887057669.html,2016 Jeep Patriot Sport/North,craigslist_kelowna.csv
kelowna,2019,Ram,1500,26869.0,,174000,diesel,automatic,https://kelowna.craigslist.org/ctd/d/surrey-east-2019-ram-1500-slt-4x4-crew/7887057411.html,2019 Ram 1500 SLT 4X4 Crew Cab,craigslist_kelowna.csv
kelowna,2019,Audi,Q8,43869.0,,92000,other,other,https://kelowna.craigslist.org/ctd/d/surrey-east-2019-audi-q8-prestige-55/7887056403.html,2019 Audi Q8 Prestige 55 TFSI Quattro,craigslist_kelowna.csv
kelowna,2019,Mazda,CX-5,31869.0,,41000,other,automatic,https://kelowna.craigslist.org/ctd/d/surrey-east-2019-mazda-cx-signature-awd/7883994669.html,2019 Mazda CX-5 Signature AWD,craigslist_kelowna.csv
kelowna,2015,Mercedes,ML350,15869.0,,168000,diesel,automatic,https://kelowna.craigslist.org/ctd/d/surrey-east-2015-mercedes-ml350-bluetec/7887057325.html,2015 Mercedes ML350 Bluetec,craigslist_kelowna.csv
kelowna,2021,Land,Rover Range Rover,44869.0,,95000,diesel,automatic,https://kelowna.craigslist.org/ctd/d/surrey-east-2021-land-rover-range-rover/7887057255.html,2021 Land Rover Range Rover Sport HSE Silver TD6,craigslist_kelowna.csv
kelowna,2018,Ram,1500,28869.0,,172000,diesel,automatic,https://kelowna.craigslist.org/ctd/d/surrey-east-2018-ram-1500-crew-cab/7883257305.html,2018 Ram 1500 Crew Cab Laramie 6''4 Box,craigslist_kelowna.csv
kelowna,2023,Ram,2500 Limited,81999.0,excellent,31760,gas,automatic,https://kelowna.craigslist.org/ctd/d/surrey-lower-west-2023-ram-2500-limited/7888868960.html,"2023 Ram 2500 Limited 4x4 Crew Cab 6'4"" Box: ACCIDENT-FREE",craigslist_kelowna.csv
kelowna,2014,MASERATI,QUATROPORTE,,,105530,gas,automatic,https://kelowna.craigslist.org/ctd/d/vancouver-2014-maserati-quatroporte-for/7888942098.html,2014 MASERATI QUATROPORTE	For Sale Vancouver BC,craigslist_kelowna.csv
kelowna,2016,TOYOTA,PRIUS,12888.0,,148278,hybrid,automatic,https://kelowna.craigslist.org/ctd/d/vancouver-2016-toyota-prius-nhp10l-for/7884266537.html,2016	TOYOTA	PRIUS C	NHP10L	For Sale Vancouver BC,craigslist_kelowna.csv
kelowna,2016,Volkswagen,Jetta,7888.0,,177188,gas,manual,https://kelowna.craigslist.org/ctd/d/vancouver-2016-volkswagen-jetta-14t-4d/7888942697.html,2016 Volkswagen Jetta 1.4T S 4D FWD Vancouver BC,craigslist_kelowna.csv
kelowna,2020,GMC,SIERRA,24888.0,,98392,gas,automatic,https://kelowna.craigslist.org/ctd/d/vancouver-2020-gmc-sierra-c1500-for/7888942450.html,2020	GMC	SIERRA	C1500	For Sale Vancouver BC,craigslist_kelowna.csv
kelowna,2019,TESLA,MODEL,,,214257,electric,automatic,https://kelowna.craigslist.org/ctd/d/vancouver-2019-tesla-model-for-sale/7884266387.html,2019	TESLA	MODEL 3		For Sale Vancouver BC,craigslist_kelowna.csv
kelowna,2018,DODGE,GRAND CARAVAN,,,161181,other,automatic,https://kelowna.craigslist.org/ctd/d/vancouver-2018-dodge-grand-caravan-gt/7888942698.html,2018	DODGE	GRAND CARAVAN	GT	For Sale Vancouver BC,craigslist_kelowna.csv
kelowna,2010,MERCEDES-BENZ,S,12888.0,,148569,gas,automatic,https://kelowna.craigslist.org/ctd/d/langley-township-east-2010-mercedes/7888942449.html,2010	MERCEDES-BENZ	S	450 4MATIC	For Sale Vancouver BC,craigslist_kelowna.csv
kelowna,2015,HONDA,CIVIC,,,176201,gas,manual,https://kelowna.craigslist.org/ctd/d/langley-township-east-2015-honda-civic/7888942255.html,2015	HONDA	CIVIC	SI	For Sale Vancouver BC,craigslist_kelowna.csv
kelowna,2015,DODGE,DURANGO,,,218784,gas,automatic,https://kelowna.craigslist.org/ctd/d/vancouver-2015-dodge-durango-limited/7888941966.html,2015	DODGE	DURANGO	LIMITED	For Sale Vancouver B,craigslist_kelowna.csv
kelowna,2015,NISSAN,ROGUE,7888.0,,218519,gas,automatic,https://kelowna.craigslist.org/ctd/d/langley-township-east-2015-nissan-rogue/7888941761.html,2015	NISSAN	ROGUE	S	For Sale Vancouver BC,craigslist_kelowna.csv
kelowna,2011,BMW,550,17888.0,,99877,gas,automatic,https://kelowna.craigslist.org/ctd/d/vancouver-2011-bmw-550-for-sale/7883523313.html,2011	BMW	550	I	For Sale Vancouver BC,craigslist_kelowna.csv
kelowna,2024,Toyota,Corolla LE,26999.0,excellent,67880,gas,automatic,https://kelowna.craigslist.org/ctd/d/surrey-lower-west-2024-toyota-corolla/7889643157.html,"2024 Toyota Corolla LE CVT Sedan: WARRANTY,  ACCIDENT-FREE",craigslist_kelowna.csv
kelowna,2020,FORD,MUSTANG,,,54479,gas,automatic,https://kelowna.craigslist.org/ctd/d/langley-township-east-2020-ford-mustang/7888942100.html,2020	FORD	MUSTANG	I4 Convertible	For Sale Vancouver BC,craigslist_kelowna.csv
kelowna,2013,HYUNDAI,SANTA FE,6888.0,,217000,gas,automatic,https://kelowna.craigslist.org/ctd/d/vancouver-2013-hyundai-santa-fe-sport/7888941964.html,2013	HYUNDAI	SANTA FE SPORT	For Sale Vancouver BC,craigslist_kelowna.csv
kelowna,2016,LAND,ROVER RANGE ROVER,,,132261,diesel,automatic,https://kelowna.craigslist.org/ctd/d/vancouver-2016-land-rover-range-rover/7888941771.html,2016	LAND ROVER	RANGE ROVER	HSE	For Sale Vancouver B,craigslist_kelowna.csv
kelowna,2019,TESLA,MODEL,18999.0,,214257,electric,automatic,https://kelowna.craigslist.org/ctd/d/vancouver-2019-tesla-model-for-sale/7883523308.html,2019	TESLA	MODEL 3		For Sale Vancouver BC,craigslist_kelowna.csv
kelowna,2017,HYUNDAI,TUCSON,,,171563,gas,automatic,https://kelowna.craigslist.org/ctd/d/vancouver-2017-hyundai-tucson-limited/7883523683.html,2017	HYUNDAI	TUCSON	LIMITED	For Sale Vancouver BC,craigslist_kelowna.csv
kelowna,2014,FORD,MUSTANG,,,167355,gas,manual,https://kelowna.craigslist.org/ctd/d/vancouver-2014-ford-mustang-for-sale/7884266199.html,2014 FORD MUSTANG	For Sale Vancouver BC,craigslist_kelowna.csv
kelowna,2012,BMW,M6,29888.0,,112197,gas,automatic,https://kelowna.craigslist.org/ctd/d/vancouver-2012-bmw-m6-for-sale/7884266388.html,2012	BMW	M6		For Sale Vancouver BC,craigslist_kelowna.csv
kelowna,2012,MINI,COOPER,6999.0,,116081,gas,automatic,https://kelowna.craigslist.org/ctd/d/vancouver-2012-mini-cooper-cooper-for/7883523541.html,2012	MINI	COOPER	Cooper	For Sale Vancouver BC,craigslist_kelowna.csv
kelowna,2012,CHEVROLET,ORLANDO,4888.0,,239386,gas,automatic,https://kelowna.craigslist.org/ctd/d/vancouver-2012-chevrolet-orlando-lt-for/7883523897.html,2012	CHEVROLET	ORLANDO	LT	For Sale Vancouver BC,craigslist_kelowna.csv
kelowna,2019,TESLA,MODEL 3,,,162000,electric,automatic,https://kelowna.craigslist.org/ctd/d/vancouver-2019-tesla-model-for-sale/7886809897.html,2019	TESLA	MODEL 3		For Sale Vancouver BC,craigslist_kelowna.csv
kelowna,2018,SUBARU,WRX,25888.0,,83138,gas,manual,https://kelowna.craigslist.org/ctd/d/vancouver-2018-subaru-wrx-sti-limited/7884266830.html,2018	SUBARU	WRX	STI LIMITED	For Sale Vancouver BC,craigslist_kelowna.csv
kelowna,2016,TOYOTA,PRIUS,,,148278,hybrid,automatic,https://kelowna.craigslist.org/ctd/d/vancouver-2016-toyota-prius-nhp10l-for/7884266689.html,2016	TOYOTA	PRIUS C	NHP10L	For Sale Vancouver BC,craigslist_kelowna.csv
kelowna,2014,BMW,750,14888.0,,176390,gas,automatic,https://kelowna.craigslist.org/ctd/d/vancouver-2014-bmw-750-xi-for-sale/7883523898.html,2014	BMW	750	XI	For Sale Vancouver BC,craigslist_kelowna.csv
kelowna,2020,FORD,MUSTANG,32888.0,,54479,gas,automatic,https://kelowna.craigslist.org/ctd/d/langley-township-east-2020-ford-mustang/7887312273.html,2020	FORD	MUSTANG	I4 Convertible	For Sale Vancouver BC,craigslist_kelowna.csv
kelowna,2017,HYUNDAI,TUCSON,12888.0,,171563,gas,automatic,https://kelowna.craigslist.org/ctd/d/vancouver-2017-hyundai-tucson-limited/7883523742.html,2017	HYUNDAI	TUCSON	LIMITED	For Sale Vancouver BC,craigslist_kelowna.csv
kelowna,2013,BMW,X5,,,243268,gas,automatic,https://kelowna.craigslist.org/ctd/d/vancouver-2013-bmw-x5-for-sale/7883523542.html,2013 BMW X5 For Sale Vancouver BC,craigslist_kelowna.csv
kelowna,2019,TESLA,MODEL 3,20888.0,,162000,electric,automatic,https://kelowna.craigslist.org/ctd/d/vancouver-2019-tesla-model-for-sale/7883522945.html,2019	TESLA	MODEL 3		For Sale Vancouver BC,craigslist_kelowna.csv
kelowna,2012,MINI,COOPER,,,116081,gas,automatic,https://kelowna.craigslist.org/ctd/d/vancouver-2012-mini-cooper-cooper-for/7883522833.html,2012	MINI	COOPER	Cooper	For Sale Vancouver BC,craigslist_kelowna.csv
kelowna,2014,MASERATI,QUATROPORTE,18999.0,,105530,gas,automatic,https://kelowna.craigslist.org/ctd/d/vancouver-2014-maserati-quatroporte-for/7887311922.html,2014 MASERATI QUATROPORTE	For Sale Vancouver BC,craigslist_kelowna.csv
kelowna,2017,RAM,1500,,,261624,gas,automatic,https://kelowna.craigslist.org/ctd/d/vancouver-2017-ram-1500-sport-for-sale/7886571546.html,2017	RAM	1500	SPORT	For Sale Vancouver BC,craigslist_kelowna.csv
kelowna,2015,DODGE,DURANGO,10888.0,,218784,gas,automatic,https://kelowna.craigslist.org/ctd/d/vancouver-2015-dodge-durango-limited/7887312048.html,2015	DODGE	DURANGO	LIMITED	For Sale Vancouver BC,craigslist_kelowna.csv
kelowna,2016,Toyota,Prius,13888.0,,149800,gas,automatic,https://kelowna.craigslist.org/ctd/d/vancouver-2016-toyota-prius-for-sale/7886571014.html,2016	Toyota	Prius		For Sale Vancouver BC,craigslist_kelowna.csv
kelowna,2008,FORD,F350,16888.0,,270711,diesel,automatic,https://kelowna.craigslist.org/ctd/d/vancouver-2008-ford-f350-srw-super-duty/7886570622.html,2008	FORD	F350	SRW SUPER DUTY	For Sale Vancouver BC,craigslist_kelowna.csv
kelowna,2015,NISSAN,ROGUE,,,218519,gas,automatic,https://kelowna.craigslist.org/ctd/d/langley-township-east-2015-nissan-rogue/7887312362.html,2015	NISSAN	ROGUE	S	For Sale Vancouver BC,craigslist_kelowna.csv
kelowna,2015,HONDA,CIVIC,13888.0,,176201,gas,manual,https://kelowna.craigslist.org/ctd/d/langley-township-east-2015-honda-civic/7887312375.html,2015	HONDA	CIVIC	SI	For Sale Vancouver BC,craigslist_kelowna.csv
kelowna,2014,MINI,COOPER,,,70768,gas,automatic,https://kelowna.craigslist.org/ctd/d/vancouver-2014-mini-cooper-hardtop-for/7887312123.html,2014 MINI COOPER HARDTOP For Sale Vancouver BC,craigslist_kelowna.csv
kelowna,2020,GMC,SIERRA,,,98392,gas,automatic,https://kelowna.craigslist.org/ctd/d/vancouver-2020-gmc-sierra-c1500-for/7887311750.html,2020	GMC	SIERRA	C1500	For Sale Vancouver BC,craigslist_kelowna.csv
kelowna,2016,LAND,ROVER RANGE ROVER,29888.0,,132261,diesel,automatic,https://kelowna.craigslist.org/ctd/d/vancouver-2016-land-rover-range-rover/7887311965.html,2016	LAND ROVER	RANGE ROVER	HSE	For Sale Vancouver B,craigslist_kelowna.csv
kelowna,2015,BMW,X5,,,192589,diesel,automatic,https://kelowna.craigslist.org/ctd/d/vancouver-2015-bmw-x5-xdrive35d-for/7886808833.html,2015	BMW	X5	XDRIVE35D	For Sale Vancouver BC,craigslist_kelowna.csv
kelowna,2015,LAND,ROVER RANGE ROVER,,,119260,gas,automatic,https://kelowna.craigslist.org/ctd/d/vancouver-2015-land-rover-range-rover/7887311546.html,2015	LAND ROVER	RANGE ROVER	AUTOBIOGRAPHY	For Sale Vancouver BC,craigslist_kelowna.csv
kelowna,2014,FORD,MUSTANG,9888.0,,167355,gas,manual,https://kelowna.craigslist.org/ctd/d/vancouver-2014-ford-mustang-for-sale/7887312046.html,2014 FORD MUSTANG	For Sale Vancouver BC,craigslist_kelowna.csv
kelowna,2017,Dodge,Caravan,,,199368,gas,automatic,https://kelowna.craigslist.org/ctd/d/vancouver-2017-dodge-caravan-se-4d-fwd/7886809518.html,2017 Dodge Caravan SE 4D FWD For Sale Vancouver BC,craigslist_kelowna.csv
kelowna,2013,BMW,X5,12999.0,,243268,diesel,automatic,https://kelowna.craigslist.org/ctd/d/vancouver-2013-bmw-x5-for-sale/7883524088.html,2013	BMW	X5		For Sale Vancouver BC,craigslist_kelowna.csv
kelowna,2016,Volkswagen,Jetta,,,177188,gas,manual,https://kelowna.craigslist.org/ctd/d/vancouver-2016-volkswagen-jetta-14t-4d/7886809895.html,2016 Volkswagen Jetta 1.4T S 4D FWD Vancouver BC,craigslist_kelowna.csv
kelowna,2017,Dodge,Caravan,,,199368,gas,automatic,https://kelowna.craigslist.org/ctd/d/vancouver-2017-dodge-caravan-se-4d-fwd/7886571253.html,2017 Dodge Caravan SE 4D FWD For Sale Vancouver BC,craigslist_kelowna.csv
kelowna,2018,DODGE,GRAND CARAVAN,14888.0,,161181,other,automatic,https://kelowna.craigslist.org/ctd/d/vancouver-2018-dodge-grand-caravan-gt/7887311751.html,2018	DODGE	GRAND CARAVAN	GT	For Sale Vancouver BC,craigslist_kelowna.csv
kelowna,2012,BMW,M6,,,112197,gas,automatic,https://kelowna.craigslist.org/ctd/d/vancouver-2012-bmw-m6-for-sale/7887312126.html,2012	BMW	M6		For Sale Vancouver BC,craigslist_kelowna.csv
kelowna,2010,MERCEDES-BENZ,S,,,148569,gas,automatic,https://kelowna.craigslist.org/ctd/d/langley-township-east-2010-mercedes/7887312269.html,2010	MERCEDES-BENZ	S	450 4MATIC	For Sale Vancouver BC,craigslist_kelowna.csv
kelowna,2015,LAND,ROVER RANGE ROVER,33888.0,,119260,gas,automatic,https://kelowna.craigslist.org/ctd/d/vancouver-2015-land-rover-range-rover/7887311545.html,2015	LAND ROVER	RANGE ROVER	AUTOBIOGRAPHY	For Sale Vancouver BC,craigslist_kelowna.csv
kelowna,2014,MINI,COOPER,13888.0,,70768,gas,automatic,https://kelowna.craigslist.org/ctd/d/vancouver-2014-mini-cooper-hardtop-for/7886809756.html,2014 MINI COOPER HARDTOP	For Sale Vancouver BC,craigslist_kelowna.csv
kelowna,2015,BMW,X5,18888.0,,192589,hybrid,automatic,https://kelowna.craigslist.org/ctd/d/vancouver-2015-bmw-x5-xdrive35d-for/7886810138.html,2015	BMW	X5	XDRIVE35D	For Sale Vancouver BC,craigslist_kelowna.csv
kelowna,2017,RAM,1500,19888.0,,261624,gas,automatic,https://kelowna.craigslist.org/ctd/d/vancouver-2017-ram-1500-sport-for-sale/7886809296.html,2017	RAM	1500	SPORT	For Sale Vancouver BC,craigslist_kelowna.csv
kelowna,2011,Maserati,GRANTURISMO,39888.0,,99888,gas,automatic,https://kelowna.craigslist.org/ctd/d/vancouver-2011-maserati-granturismo-for/7886809294.html,2011	Maserati	GRANTURISMO S		For Sale Vancouver BC,craigslist_kelowna.csv
kelowna,2016,FORD,EXPLORER,7888.0,,191193,gas,automatic,https://kelowna.craigslist.org/ctd/d/vancouver-2016-ford-explorer-police/7886810137.html,2016	FORD	EXPLORER	POLICE INTERCEPTOR	For Sale Vancouver BC,craigslist_kelowna.csv
kelowna,2016,Toyota,Prius,,,149800,gas,automatic,https://kelowna.craigslist.org/ctd/d/vancouver-2016-toyota-prius-for-sale/7886809524.html,2016	Toyota	Prius		For Sale Vancouver BC,craigslist_kelowna.csv
kelowna,2016,Volkswagen,Jetta,7888.0,,177188,gas,manual,https://kelowna.craigslist.org/ctd/d/vancouver-2016-volkswagen-jetta-14t-4d/7886809051.html,2016 Volkswagen Jetta 1.4T S 4D FWD Vancouver BC,craigslist_kelowna.csv
kelowna,2017,Dodge,Caravan,11999.0,,199368,gas,automatic,https://kelowna.craigslist.org/ctd/d/vancouver-2017-dodge-caravan-se-4d-fwd/7886808437.html,2017 Dodge Caravan SE 4D FWD For Sale Vancouver BC,craigslist_kelowna.csv
kelowna,2014,BMW,750,,,176390,gas,automatic,https://kelowna.craigslist.org/ctd/d/vancouver-2014-bmw-750-xi-for-sale/7883523126.html,2014	BMW	750	XI	For Sale Vancouver BC,craigslist_kelowna.csv
kelowna,2017,HONDA,CIVIC,14888.0,,276735,gas,automatic,https://kelowna.craigslist.org/ctd/d/vancouver-2017-honda-civic-touring-for/7886809053.html,2017	HONDA	CIVIC	TOURING	For Sale Vancouver BC,craigslist_kelowna.csv
kelowna,2014,FERRARI,458,229888.0,,97706,gas,automatic,https://kelowna.craigslist.org/ctd/d/vancouver-2014-ferrari-458-spider-for/7886808615.html,2014	FERRARI	458 SPIDER		For Sale Vancouver BC,craigslist_kelowna.csv
kelowna,2014,LAND,ROVER RANGE ROVER,35995.0,,110913,other,automatic,https://kelowna.craigslist.org/ctd/d/vancouver-2014-land-rover-range-rover/7886808614.html,2014	LAND ROVER	RANGE ROVER	AUTOBIOGRAPHY	For Sale Vancouver BC,craigslist_kelowna.csv
kelowna,2012,CHEVROLET,ORLANDO,,,239386,gas,automatic,https://kelowna.craigslist.org/ctd/d/vancouver-2012-chevrolet-orlando-lt-for/7883524143.html,2012	CHEVROLET	ORLANDO	LT	For Sale Vancouver BC,craigslist_kelowna.csv
kelowna,2007,VOLKSWAGEN,EOS,8888.0,,116068,gas,manual,https://kelowna.craigslist.org/ctd/d/vancouver-2007-volkswagen-eos-20t/7883524087.html,2007	VOLKSWAGEN	EOS	2.0T LUXURY	For Sale Vancouver BC,craigslist_kelowna.csv
kelowna,2017,Dodge,Caravan,11999.0,,199368,gas,automatic,https://kelowna.craigslist.org/ctd/d/vancouver-2017-dodge-caravan-se-4d-fwd/7886570822.html,2017 Dodge Caravan SE 4D FWD For Sale Vancouver BC,craigslist_kelowna.csv
kelowna,2008,FORD,F350,16888.0,,270711,diesel,automatic,https://kelowna.craigslist.org/ctd/d/vancouver-2008-ford-f350-srw-super-duty/7886571011.html,2008	FORD	F350	SRW SUPER DUTY	For Sale Vancouver BC,craigslist_kelowna.csv
kelowna,2011,Maserati,GRANTURISMO,,,99888,gas,automatic,https://kelowna.craigslist.org/ctd/d/vancouver-2011-maserati-granturismo-for/7886570636.html,2011	Maserati	GRANTURISMO S		For Sale Vancouver BC,craigslist_kelowna.csv
kelowna,2014,MINI,COOPER,13888.0,,70768,electric,automatic,https://kelowna.craigslist.org/ctd/d/vancouver-2014-mini-cooper-hardtop-for/7885176825.html,2014 MINI COOPER HARDTOP For Sale Vancouver BC,craigslist_kelowna.csv
kelowna,2018,Nissan,Rogue,17024.0,excellent,155925,gas,automatic,https://kelowna.craigslist.org/ctd/d/chilliwack-central-2018-nissan-rogue-sv/7885707266.html,"2018 Nissan Rogue SV AWD SUV: CARPLAY, CLEAN UNIT",craigslist_kelowna.csv
kelowna,2014,Nissan,Murano,14999.0,excellent,150109,gas,automatic,https://kelowna.craigslist.org/ctd/d/chilliwack-central-2014-nissan-murano/7888688530.html,"2014 Nissan Murano SL AWD SUV: BC LOCAL, 1-OWNER",craigslist_kelowna.csv
kelowna,2018,Dodge,Grand Caravan,21999.0,excellent,135746,gas,automatic,https://kelowna.craigslist.org/ctd/d/chilliwack-central-2018-dodge-grand/7886687266.html,2018 Dodge Grand Caravan GT 2WD Minivan: CLEAN CARFAX!,craigslist_kelowna.csv
kelowna,2016,Jeep,Cherokee North,19999.0,excellent,135480,gas,automatic,https://kelowna.craigslist.org/ctd/d/chilliwack-central-2016-jeep-cherokee/7886697192.html,"2016 Jeep Cherokee North 4WD SUV: BC LOCAL, LOW KMS",craigslist_kelowna.csv
kelowna,2023,Jeep,Wrangler Rubicon,43707.0,excellent,105134,gas,automatic,https://kelowna.craigslist.org/ctd/d/chilliwack-central-2023-jeep-wrangler/7887780587.html,2023 Jeep Wrangler Rubicon 4 Door 4x4 SUV: NO ACCIDENTS!,craigslist_kelowna.csv
kelowna,2023,Nissan,Qashqai,25999.0,excellent,96304,gas,automatic,https://kelowna.craigslist.org/ctd/d/chilliwack-central-2023-nissan-qashqai/7886686859.html,"2023 Nissan Qashqai SV CVT AWD SUV: LOCAL, MINT UNIT",craigslist_kelowna.csv
kelowna,2021,Jeep,Wrangler Unlimited Sport Altitude,36999.0,excellent,93431,gas,automatic,https://kelowna.craigslist.org/ctd/d/chilliwack-central-2021-jeep-wrangler/7887282421.html,2021 Jeep Wrangler Unlimited Sport Altitude SUV: CLEAN CARFAX,craigslist_kelowna.csv
kelowna,2021,Jeep,Compass Trailhawk,28999.0,excellent,88722,gas,automatic,https://kelowna.craigslist.org/ctd/d/chilliwack-central-2021-jeep-compass/7888688123.html,"2021 Jeep Compass Trailhawk 4x4 SUV: LOCAL, NO ACCIDENTS",craigslist_kelowna.csv
kelowna,2022,Jeep,Wagoneer Series III,62999.0,excellent,85428,gas,automatic,https://kelowna.craigslist.org/ctd/d/chilliwack-central-2022-jeep-wagoneer/7885706570.html,"2022 Jeep Wagoneer Series III 4x4 SUV: LOCAL, NO ACCIDENTS",craigslist_kelowna.csv
kelowna,2019,Kia,Sorento,24701.0,excellent,84808,gas,automatic,https://kelowna.craigslist.org/ctd/d/chilliwack-central-2019-kia-sorento-ex/7885706660.html,2019 Kia Sorento EX 2.4 AWD SUV: CLEAN CARFAX,craigslist_kelowna.csv
kelowna,2023,Ram,ProMaster Cargo Van 2500,41984.0,excellent,80923,gas,automatic,https://kelowna.craigslist.org/ctd/d/chilliwack-central-2023-ram-promaster/7885706704.html,"2023 Ram ProMaster Cargo Van 2500 High Roof 159"" WB: CLEAN CARFAX",craigslist_kelowna.csv
kelowna,2022,Ram,1500 Classic Warlock,43051.0,excellent,69659,gas,automatic,https://kelowna.craigslist.org/ctd/d/chilliwack-central-2022-ram-1500/7885705888.html,"2022 Ram 1500 Classic Warlock 4x4 Crew Cab 5'7"" Box: LOCAL, LOW KMS",craigslist_kelowna.csv
kelowna,2023,Audi,Q5 Technik,48998.0,excellent,63166,gas,automatic,https://kelowna.craigslist.org/ctd/d/chilliwack-central-2023-audi-q5-technik/7885705655.html,"2023 Audi Q5 Technik 45 TFSI quattro  SUV: S-LINE, LOCAL UNIT",craigslist_kelowna.csv
kelowna,2023,Ford,Edge Titanium,34999.0,excellent,59111,gas,automatic,https://kelowna.craigslist.org/ctd/d/chilliwack-central-2023-ford-edge/7888689240.html,"2023 Ford Edge Titanium AWD SUV: LOCAL, NO ACCIDENTS",craigslist_kelowna.csv
kelowna,2022,Ram,1500 Classic SLT,37777.0,excellent,58455,gas,automatic,https://kelowna.craigslist.org/ctd/d/chilliwack-central-2022-ram-1500/7888687275.html,"2022 Ram 1500 Classic SLT 4x4 Crew Cab 5'7"" Box | CLEAN CARFAX!",craigslist_kelowna.csv
kelowna,2023,Nissan,Murano Platinum,35999.0,excellent,58355,gas,automatic,https://kelowna.craigslist.org/ctd/d/chilliwack-central-2023-nissan-murano/7888687181.html,"2023 Nissan Murano Platinum AWD SUV: LOCAL, LOW KMS!",craigslist_kelowna.csv
kelowna,2024,BMW,X1,39947.0,excellent,58314,gas,automatic,https://kelowna.craigslist.org/ctd/d/chilliwack-central-2024-bmw-x1/7885705518.html,"2024 BMW X1 xDrive28i SAV: SPOTLESS CARFAX, WARRANTY",craigslist_kelowna.csv
kelowna,2023,Lexus,RX 350,58444.0,excellent,54131,gas,automatic,https://kelowna.craigslist.org/ctd/d/chilliwack-central-2023-lexus-rx-350/7888690819.html,"2023 Lexus RX 350 F SPORT 3 SUV: LOW KMS, NO ACCIDENTS!",craigslist_kelowna.csv
kelowna,2023,Nissan,Kicks,23999.0,excellent,52912,gas,automatic,https://kelowna.craigslist.org/ctd/d/chilliwack-central-2023-nissan-kicks-sv/7888686815.html,"2023 Nissan Kicks SV SV FWD SUV: CLEAN TITLE, LOW KMS",craigslist_kelowna.csv
kelowna,2024,Ford,Escape,34999.0,excellent,42660,hybrid,automatic,https://kelowna.craigslist.org/ctd/d/chilliwack-central-2024-ford-escape/7888686482.html,"2024 Ford Escape PHEV FWD SUV: LOCAL, NO ACCIDENTS",craigslist_kelowna.csv
kelowna,2023,Mazda,CX-5 Signature,36888.0,excellent,41799,gas,automatic,https://kelowna.craigslist.org/ctd/d/chilliwack-central-2023-mazda-cx/7887759150.html,"2023 Mazda CX-5 Signature AWD SUV: LOCAL, LOW KMS",craigslist_kelowna.csv
kelowna,2023,Ford,F-150 Platinum,69311.0,excellent,40248,gas,automatic,https://kelowna.craigslist.org/ctd/d/chilliwack-central-2023-ford-150/7886685026.html,2023 Ford F-150 Platinum 4WD SuperCrew 5.5' Box: ACCIDENT-FREE,craigslist_kelowna.csv
kelowna,2023,Ram,1500 Classic Warlock,45999.0,excellent,30987,gas,automatic,https://kelowna.craigslist.org/ctd/d/chilliwack-central-2023-ram-1500/7888689257.html,"2023 Ram 1500 Classic Warlock 4x4 Quad Cab 6'4"" Box: ACCIDENT-FREE",craigslist_kelowna.csv
kelowna,2023,Volkswagen,Jetta,26999.0,excellent,29673,gas,automatic,https://kelowna.craigslist.org/ctd/d/chilliwack-central-2023-volkswagen/7886677208.html,"2023 Volkswagen Jetta Comfortline Sedan: LOCAL, LOW KMS",craigslist_kelowna.csv
kelowna,2024,Subrau,Ascent Limited,49782.0,excellent,27131,gas,automatic,https://kelowna.craigslist.org/ctd/d/chilliwack-central-2024-subrau-ascent/7885690198.html,"2024 Subrau Ascent Limited AWD SUV: 7-Passenger, NO ACCIDENTS",craigslist_kelowna.csv
kelowna,2024,Kia,Sorento,43999.0,excellent,22128,gas,automatic,https://kelowna.craigslist.org/ctd/d/chilliwack-central-2024-kia-sorento-ex/7888685771.html,"2024 Kia Sorento EX AWD SUV: LOCAL, LOW KMS",craigslist_kelowna.csv
kelowna,2018,Ford,EcoSport Titanium,22342.0,excellent,21874,gas,automatic,https://kelowna.craigslist.org/ctd/d/chilliwack-central-2018-ford-ecosport/7888691076.html,"2018 Ford EcoSport Titanium 4WD SUV: 1-OWNER, LOW KMS!",craigslist_kelowna.csv
kelowna,2024,Audi,Q8 e-tron,68802.0,excellent,21303,electric,automatic,https://kelowna.craigslist.org/ctd/d/chilliwack-central-2024-audi-q8-tron/7885688569.html,"2024 Audi Q8 e-tron quattro SUV: LOW LOW KMS, BC LOCAL",craigslist_kelowna.csv
kelowna,2024,Volkswagen,Tiguan Highline R-Line,40009.0,excellent,20800,gas,automatic,https://kelowna.craigslist.org/ctd/d/chilliwack-central-2024-volkswagen/7888690923.html,2024 Volkswagen Tiguan Highline R-Line 4MOTION SUV: MFR WARRANTY!,craigslist_kelowna.csv
kelowna,2022,Ram,3500 Laramie,69999.0,excellent,20266,gas,automatic,https://kelowna.craigslist.org/ctd/d/chilliwack-central-2022-ram-3500/7888689199.html,"2022 Ram 3500 Laramie HEMI® V8 4x4 Crew Cab 6'4"" Box: LOW LOW KMS",craigslist_kelowna.csv
kelowna,2024,GMC,Canyon AT4X,67999.0,like new,16408,gas,automatic,https://kelowna.craigslist.org/ctd/d/chilliwack-central-2024-gmc-canyon-at4x/7887754406.html,2024 GMC Canyon AT4X 5.14ft Box Length Pickup: LOW LOW KMS!,craigslist_kelowna.csv
kelowna,2024,Ford,Transit Cargo Van T-250,49999.0,excellent,15922,gas,automatic,https://kelowna.craigslist.org/ctd/d/chilliwack-central-2024-ford-transit/7885688114.html,"2024 Ford Transit Cargo Van T-250 130"" Low Rf 9070 GVWR RWD: LOW KMS",craigslist_kelowna.csv
kelowna,2024,Ford,Bronco Badlands,67777.0,excellent,14160,gas,automatic,https://kelowna.craigslist.org/ctd/d/chilliwack-central-2024-ford-bronco/7887754102.html,"2024 Ford Bronco Badlands 4x4 SUV: LOCAL, NO ACCIDENTS!",craigslist_kelowna.csv
kelowna,2025,Jeep,Compass Altitude,42999.0,excellent,11829,gas,automatic,https://kelowna.craigslist.org/ctd/d/chilliwack-central-2025-jeep-compass/7888685386.html,"2025 Jeep Compass Altitude 4x4 SUV: LOW LOW KMS, NO ACCIDENTS",craigslist_kelowna.csv
kelowna,2025,Mitsubishi,Outlander,51997.0,excellent,10817,hybrid,automatic,https://kelowna.craigslist.org/ctd/d/chilliwack-central-2025-mitsubishi/7885688014.html,2025 Mitsubishi Outlander Plug-In Hybrid GT S-AWC SUV: LIKE NEW!,craigslist_kelowna.csv
kelowna,2024,Lexus,RX 350h,68888.0,excellent,9221,hybrid,automatic,https://kelowna.craigslist.org/ctd/d/chilliwack-central-2024-lexus-rx-350h/7887278952.html,2024 Lexus RX 350h AWD SUV: ULTRA LUXURY | 360 CAMERA | 21 INCH RIMS,craigslist_kelowna.csv
kelowna,2024,Jeep,Compass Sport,32999.0,excellent,8434,gas,automatic,https://kelowna.craigslist.org/ctd/d/chilliwack-central-2024-jeep-compass/7888685064.html,2024 Jeep Compass Sport 4x4 SUV: LOW LOW KMS! LIKE NEW!,craigslist_kelowna.csv
kelowna,2024,Mazda,CX-50 GT,44637.0,excellent,7470,gas,automatic,https://kelowna.craigslist.org/ctd/d/chilliwack-central-2024-mazda-cx-50-gt/7885687543.html,"2024 Mazda CX-50 GT AWD SUV: TONS OF WARRANTY, LOWEST KMS",craigslist_kelowna.csv
kelowna,2025,Volkswagen,Atlas Cross Sport Execline,57999.0,like new,5997,gas,automatic,https://kelowna.craigslist.org/ctd/d/chilliwack-central-2025-volkswagen/7888684858.html,2025 Volkswagen Atlas Cross Sport Execline R-Line SUV: LIKE NEW!,craigslist_kelowna.csv
kelowna,2023,hyundai,kona,35142.0,excellent,5477,gas,automatic,https://kelowna.craigslist.org/ctd/d/chilliwack-central-2023-hyundai-kona/7885056243.html,2023 Hyundai Kona N 2.0T SUV: LOW LOW KMS! CLEAN CARFAX!,craigslist_kelowna.csv
kelowna,2024,Jeep,Gladiator Willys,63666.0,like new,1568,gas,automatic,https://kelowna.craigslist.org/ctd/d/chilliwack-central-2024-jeep-gladiator/7886670601.html,"2024 Jeep Gladiator Willys 4x4 Pickup: NO ACCIDENTS, LOW LOW KMS",craigslist_kelowna.csv
kelowna,2025,Ram,3500 Laramie,101999.0,like new,250,diesel,automatic,https://kelowna.craigslist.org/ctd/d/chilliwack-central-2025-ram-3500/7886670436.html,2025 Ram 3500 Laramie 4x4 Crew Cab 8' Box:*AS NEW! SAVE $$$s!,craigslist_kelowna.csv
kelowna,2020,ford,f-150,31995.0,excellent,112789,gas,automatic,https://kelowna.craigslist.org/ctd/d/surrey-north-2020-ford-150-xlt-4x4/7889630174.html,2020 Ford F-150 XLT 4x4 SuperCab Styleside 6.5 ft. box: ACCIDENT-FREE,craigslist_kelowna.csv
kelowna,2019,Ford,Escape,23555.0,excellent,96832,gas,automatic,https://kelowna.craigslist.org/ctd/d/surrey-north-2019-ford-escape-titanium/7889629679.html,"2019 Ford Escape Titanium 4x4 SUV: LOCAL, MINT CONDITION",craigslist_kelowna.csv
kelowna,2018,Infiniti,QX60,24809.0,excellent,87621,gas,automatic,https://kelowna.craigslist.org/ctd/d/surrey-north-2018-infiniti-qx60-cvt-awd/7889629046.html,"2018 Infiniti QX60 (CVT) AWD SUV: BC LOCAL, LOW KMS",craigslist_kelowna.csv
kelowna,2017,GMC,Canyon SLT,25995.0,excellent,182200,gas,automatic,https://kelowna.craigslist.org/ctd/d/surrey-north-2017-gmc-canyon-slt-4x4/7889628225.html,2017 GMC Canyon SLT 4x4 Crew Cab 5 ft. box: ACCIDENT-FREE,craigslist_kelowna.csv
kelowna,1988,Mercedes,560SL,43000.0,excellent,56800,gas,automatic,https://kelowna.craigslist.org/cto/d/similkameen-1988-mercedes-560sl/7844465024.html,1988 Mercedes 560sl,craigslist_kelowna.csv
kelowna,2023,Ford,F-150,64799.0,excellent,52237,gas,automatic,https://kelowna.craigslist.org/ctd/d/surrey-east-2023-ford-150-tremor/7881359815.html,2023 Ford F-150 Tremor - INTERIOR WORK SURFACE/TWIN PANEL MOONROOF,craigslist_kelowna.csv
kelowna,2022,Ford,Escape,27499.0,excellent,37138,electric,automatic,https://kelowna.craigslist.org/ctd/d/surrey-east-2022-ford-escape-titanium/7882376703.html,2022 Ford Escape TITANIUM - BLISS/BACK UP CAMERA/HEATED STEERING WHEEL,craigslist_kelowna.csv
kelowna,2020,Hyundai,Tucson,27499.0,excellent,36574,gas,automatic,https://kelowna.craigslist.org/ctd/d/surrey-east-2020-hyundai-tucson/7887993004.html,2020 Hyundai Tucson Ultimate - LEATHER SEATS / ADAPTIVE CRUISE CONTROL,craigslist_kelowna.csv
kelowna,2020,Ford,F-150 XLT,34995.0,excellent,88854,gas,automatic,https://kelowna.craigslist.org/ctd/d/surrey-north-2020-ford-150-xlt-4x4/7889624655.html,2020 Ford F-150 XLT 4x4 SuperCab Styleside 6.5 ft. box |  BC TRUCK,craigslist_kelowna.csv
kelowna,2021,Ford,Escape SEL,23799.0,excellent,64147,gas,automatic,https://kelowna.craigslist.org/ctd/d/surrey-east-2021-ford-escape-sel-ford/7882372948.html,2021 Ford Escape SEL - FORD PASS CONNECT/ BACK UP CAMERA/ REMOTE START,craigslist_kelowna.csv
kelowna,2024,Ford,Edge SEL,39495.0,like new,14878,gas,automatic,https://kelowna.craigslist.org/ctd/d/surrey-east-2024-ford-edge-sel-cruise/7879523448.html,2024 Ford Edge SEL - CRUISE CONTROL/CLIMATE CONTROL/HEATED FRONT SEATS,craigslist_kelowna.csv
kelowna,2024,Mitsubishi,Outlander ES,31499.0,like new,12773,gas,automatic,https://kelowna.craigslist.org/ctd/d/surrey-east-2024-mitsubishi-outlander/7882369187.html,2024 Mitsubishi Outlander ES - DUAL CLIMATE CONTROL / HEATED SEATS,craigslist_kelowna.csv
kelowna,2020,Dodge,Challenger R/T,50932.0,excellent,26000,gas,automatic,https://kelowna.craigslist.org/ctd/d/surrey-north-2020-dodge-challenger-t/7889623863.html,"2020 Dodge Challenger R/T RWD Coupe: LOW KMS, CLEAN CARFAX",craigslist_kelowna.csv
kelowna,2024,Ford,Bronco Sport Big Bend,31997.0,excellent,17703,gas,automatic,https://kelowna.craigslist.org/ctd/d/surrey-east-2024-ford-bronco-sport-big/7888929645.html,2024 Ford Bronco Sport Big Bend - CLASS II TRAILER TOW PACKAGE,craigslist_kelowna.csv
kelowna,2022,Ford,F-150,47499.0,excellent,77348,electric,automatic,https://kelowna.craigslist.org/ctd/d/surrey-east-2022-ford-150-lightning/7888702273.html,2022 Ford F-150 Lightning LARIAT + STD RANGE BATTERY/NAV/HEATED.COOLED,craigslist_kelowna.csv
kelowna,2021,Ford,Super Duty F-350,76758.0,excellent,78600,diesel,automatic,https://kelowna.craigslist.org/ctd/d/surrey-east-2021-ford-super-duty-350/7888702115.html,2021 Ford Super Duty F-350 SRW Platinum - HEATED SEATS / Navigation,craigslist_kelowna.csv
kelowna,2021,Toyota,Tacoma,53998.0,excellent,19141,gas,automatic,https://kelowna.craigslist.org/ctd/d/surrey-north-2021-toyota-tacoma-4x4/7889622972.html,"2021 Toyota Tacoma 4x4 Double Cab 6 ft. box: LOCAL, NO ACCIDENTS",craigslist_kelowna.csv
kelowna,2022,Ford,F-150 LARIAT,49999.0,excellent,54243,hybrid,automatic,https://kelowna.craigslist.org/ctd/d/surrey-east-2022-ford-150-lariat-35l/7888701498.html,2022 Ford F-150 LARIAT: 3.5L POWERBOOST FULL-HYBRID/PANORAMIC MOONROOF,craigslist_kelowna.csv
kelowna,2023,Lincoln,Aviator Reserve,58499.0,excellent,51052,gas,automatic,https://kelowna.craigslist.org/ctd/d/surrey-east-2023-lincoln-aviator/7888701718.html,2023 Lincoln Aviator Reserve - NAVI / PANORAMIC MOONROOF,craigslist_kelowna.csv
kelowna,2020,Nissan,Rogue S,19999.0,excellent,100249,gas,automatic,https://kelowna.craigslist.org/ctd/d/surrey-east-2020-nissan-rogue-panoramic/7888701228.html,2020 Nissan Rogue S - PANORAMIC MOONROOF / ADAPTIVE CRUISE CONTROL,craigslist_kelowna.csv
kelowna,2023,Ford,Bronco Sport,34299.0,excellent,59554,gas,automatic,https://kelowna.craigslist.org/ctd/d/surrey-east-2023-ford-bronco-sport/7888701598.html,2023 Ford Bronco Sport Badlands - SUNROOF / NAVI / HTD FR SEATS,craigslist_kelowna.csv
kelowna,2019,Ram,1500,37499.0,excellent,53845,gas,automatic,https://kelowna.craigslist.org/ctd/d/surrey-east-2019-ram-1500-big-horn/7888700981.html,2019 Ram 1500 Big Horn - PANORAMIC MOONROOF / HTD FR SEATS,craigslist_kelowna.csv
kelowna,2023,GMC,Savana 2500,36499.0,excellent,49213,gas,automatic,https://kelowna.craigslist.org/ctd/d/surrey-east-2023-gmc-savana-2500-cargo/7880409245.html,"2023 GMC Savana 2500 Cargo Van SAVANA CARGO VAN | CLEAN UNIT, LOW KMS",craigslist_kelowna.csv
kelowna,2021,Ford,Mustang,28499.0,excellent,74600,electric,automatic,https://kelowna.craigslist.org/ctd/d/surrey-east-2021-ford-mustang-mach/7884252657.html,2021 Ford Mustang Mach-E Premium - PANORAMIC FIXED-GLASS ROOF / NAVI /,craigslist_kelowna.csv
kelowna,2023,Ford,Bronco Sport Heritage,35980.0,excellent,25418,gas,automatic,https://kelowna.craigslist.org/ctd/d/surrey-north-2023-ford-bronco-sport/7889617142.html,"2023 Ford Bronco Sport Heritage 4x4 SUV: CLEAN CARFAX, LOW KMS",craigslist_kelowna.csv
kelowna,2024,Honda,CR-V,33998.0,excellent,29100,gas,automatic,https://kelowna.craigslist.org/ctd/d/surrey-north-2024-honda-cr-lx-fwd-suv/7889616079.html,"2024 Honda CR-V LX-B FWD SUV: CLEAN TITLE, LOW LOW KMS",craigslist_kelowna.csv
kelowna,2024,Ford,Mustang Mach-E Premium,50888.0,excellent,400,electric,automatic,https://kelowna.craigslist.org/ctd/d/surrey-north-2024-ford-mustang-mach/7889615023.html,2024 Ford Mustang Mach-E Premium AWD SUV: LIKE NEW!,craigslist_kelowna.csv
kelowna,2024,Ford,Bronco Heritage Edition,70995.0,excellent,43371,gas,automatic,https://kelowna.craigslist.org/ctd/d/surrey-north-2024-ford-bronco-heritage/7889613939.html,"2024 Ford Bronco Heritage Edition 4x4 SUV: 1-OWNER, NO ACCIDENTS",craigslist_kelowna.csv
kelowna,2017,RAM,1500 Laramie,,excellent,168900,gas,automatic,https://kelowna.craigslist.org/ctd/d/surrey-north-2017-ram-1500-laramie-4x4/7882343175.html,2017 RAM 1500 Laramie 4x4 Crew Cab 5.6 ft. box: ACCIDENT-FREE,craigslist_kelowna.csv
kelowna,2015,Kia,Optima,11995.0,excellent,164419,hybrid,automatic,https://kelowna.craigslist.org/ctd/d/surrey-north-2015-kia-optima-hybrid-ex/7887040421.html,2015 Kia Optima Hybrid EX Premium Sedan | BC LOCAL,craigslist_kelowna.csv
kelowna,2017,Hyundai,Accent,10995.0,excellent,156123,gas,automatic,https://kelowna.craigslist.org/ctd/d/surrey-north-2017-hyundai-accent-le-4dr/7887998993.html,"2017 Hyundai Accent LE 4dr Sedan: 1-OWNER, LOCAL",craigslist_kelowna.csv
kelowna,2018,Ford,Edge Sport,25995.0,excellent,63863,gas,automatic,https://kelowna.craigslist.org/ctd/d/surrey-north-2018-ford-edge-sport-4dr/7885609449.html,"2018 Ford Edge Sport 4dr AWD SUV: LOCAL, LOW KMS",craigslist_kelowna.csv
kelowna,2019,Toyota,Corolla,22255.0,excellent,119000,gas,automatic,https://kelowna.craigslist.org/ctd/d/surrey-north-2019-toyota-corolla-cvt/7887998875.html,"2019 Toyota Corolla (CVT) Hatchback: LOCAL, LOW KMS",craigslist_kelowna.csv
kelowna,2019,Subaru,Crosstrek,23060.0,excellent,117500,gas,automatic,https://kelowna.craigslist.org/ctd/d/surrey-north-2019-subaru-crosstrek/7886233807.html,2019 Subaru Crosstrek Touring (CVT) AWD SUV: BC LOCAL UNIT,craigslist_kelowna.csv
kelowna,2019,Subaru,Crosstrek,23060.0,excellent,117500,gas,automatic,https://kelowna.craigslist.org/ctd/d/surrey-north-2019-subaru-crosstrek/7888932338.html,2019 Subaru Crosstrek Touring (CVT) AWD SUV: BC LOCAL UNIT,craigslist_kelowna.csv
kelowna,2019,Nissan,Murano,31380.0,excellent,23789,gas,automatic,https://kelowna.craigslist.org/ctd/d/surrey-north-2019-nissan-murano-sl-awd/7887998806.html,"2019 Nissan Murano SL AWD SUV: 1-OWNER, NO ACCIDENTS",craigslist_kelowna.csv
kelowna,2020,Toyota,RAV4 XLE,34088.0,excellent,60350,gas,automatic,https://kelowna.craigslist.org/ctd/d/surrey-north-2020-toyota-rav4-xle-awd/7887039510.html,"2020 Toyota RAV4 XLE AWD SUV: LOW KMS, ACCIDENT-FREE!",craigslist_kelowna.csv
kelowna,2020,Ford,F-150,29918.0,excellent,141958,gas,automatic,https://kelowna.craigslist.org/ctd/d/surrey-north-2020-ford-150-xlt-4x4/7886232822.html,2020 Ford F-150 XLT 4x4 SuperCrew Cab Styleside 5.5 ft. box: LOCAL,craigslist_kelowna.csv
kelowna,2020,Ford,Escape,21277.0,excellent,115125,gas,automatic,https://kelowna.craigslist.org/ctd/d/surrey-north-2020-ford-escape-sel-awd/7887998691.html,2020 Ford Escape SEL AWD SUV: ACCIDENT-FREE,craigslist_kelowna.csv
kelowna,2021,RAM,1500 Sport,42887.0,excellent,99096,gas,automatic,https://kelowna.craigslist.org/ctd/d/surrey-north-2021-ram-1500-sport-4x4/7886232321.html,"2021 RAM 1500 Sport 4x4 Crew Cab | LOCAL, TOP CONDITION",craigslist_kelowna.csv
kelowna,2021,GMC,Sierra 1500 Elevation,48999.0,excellent,51670,diesel,automatic,https://kelowna.craigslist.org/ctd/d/surrey-north-2021-gmc-sierra-1500/7886232112.html,2021 GMC Sierra 1500 Elevation 4x4 Crew Cab 5.75 ft. box: 1-OWNER,craigslist_kelowna.csv
kelowna,2021,ford,f-150,43155.0,excellent,132900,gas,automatic,https://kelowna.craigslist.org/ctd/d/surrey-north-2021-ford-150-lariat/7886231933.html,2021 Ford F-150 Lariat SuperCrew Cab Styleside 5.5 ft. box: NO DECS!,craigslist_kelowna.csv
kelowna,2022,Tesla,Model 3,30971.0,excellent,76630,electric,automatic,https://kelowna.craigslist.org/ctd/d/surrey-north-2022-tesla-model-standard/7887538381.html,"2022 Tesla Model 3 Standard Range RWD Sedan: LOCAL, CLEAN UNIT",craigslist_kelowna.csv
kelowna,2022,RAM,1500 Big Horn,44732.0,excellent,56863,gas,automatic,https://kelowna.craigslist.org/ctd/d/surrey-north-2022-ram-1500-big-horn-4x4/7887998468.html,2022 RAM 1500 Big Horn 4x4 Crew Cab: CLEAN CARFAX,craigslist_kelowna.csv
kelowna,2024,Kia,Sorento,38000.0,excellent,51543,hybrid,automatic,https://kelowna.craigslist.org/ctd/d/surrey-north-2022-kia-sorento-plug-in/7887998394.html,"2022 Kia Sorento Plug-In Hybrid EX SUV: 1-OWNER, NO ACCIDENTS",craigslist_kelowna.csv
kelowna,2022,Ford,F-350 Limited,96795.0,excellent,43791,gas,automatic,https://kelowna.craigslist.org/ctd/d/surrey-north-2022-ford-350-limited-4x4/7888930754.html,2022 Ford F-350 Limited 4x4 SD Crew Cab 6.75 ft. box SRW: CLEAN CARFAX,craigslist_kelowna.csv
kelowna,2022,Ford,F-150 Lightning Lariat,46203.0,excellent,96782,electric,automatic,https://kelowna.craigslist.org/ctd/d/surrey-north-2022-ford-150-lightning/7887998265.html,2022 Ford F-150 Lightning Lariat AWD SuperCrew Cab 5.5 ft.: 1-OWNER,craigslist_kelowna.csv
kelowna,2022,Ford,F-150 XLT,44599.0,excellent,60830,gas,automatic,https://kelowna.craigslist.org/ctd/d/surrey-north-2022-ford-150-xlt-4x4/7887998202.html,2022 Ford F-150 XLT 4x4 SuperCrew Cab 5.5 ft. box: CLEAN CARFAX,craigslist_kelowna.csv
kelowna,2022,ford,f-150,42499.0,excellent,49668,gas,automatic,https://kelowna.craigslist.org/ctd/d/surrey-north-2022-ford-150-xlt-4x4/7886229675.html,2022 Ford F-150 XLT 4x4 SuperCrew Cab 5.5 ft. box: BC VEHICLE,craigslist_kelowna.csv
kelowna,2022,ford,f-150,43099.0,excellent,58444,gas,automatic,https://kelowna.craigslist.org/ctd/d/surrey-north-2022-ford-150-xlt-4x4/7886229449.html,2022 Ford F-150 XLT 4x4 SuperCrew Cab 5.5 ft. box: XTR + TOW PACKAGES,craigslist_kelowna.csv
kelowna,2022,Chevrolet,Silverado 1500,58525.0,excellent,18190,gas,automatic,https://kelowna.craigslist.org/ctd/d/surrey-north-2022-chevrolet-silverado/7883347271.html,2022 Chevrolet Silverado 1500 LTD High Country 4x4 Crew Cab 6.6' Box,craigslist_kelowna.csv
kelowna,2023,Toyota,Camry,35879.0,excellent,92000,hybrid,automatic,https://kelowna.craigslist.org/ctd/d/surrey-north-2023-toyota-camry-hybrid/7888930453.html,"2023 Toyota Camry Hybrid XLE Sedan: LOCAL, MINT CONDITION",craigslist_kelowna.csv
kelowna,2023,Toyota,4Runner,58303.0,excellent,72107,gas,automatic,https://kelowna.craigslist.org/ctd/d/surrey-north-2023-toyota-4runner-se-4x4/7887536816.html,"2023 Toyota 4Runner SE 4x4 SUV: 1-OWNER, LOCAL",craigslist_kelowna.csv
kelowna,2023,Subaru,WRX Sport,34080.0,excellent,31132,gas,manual,https://kelowna.craigslist.org/ctd/d/surrey-north-2023-subaru-wrx-sport-m6/7887536757.html,"2023 Subaru WRX Sport (M6) AWD Sedan: 1-OWNER, NO ACCIDENTS",craigslist_kelowna.csv
kelowna,2023,RAM,ProMaster 2500,48000.0,excellent,29760,gas,automatic,https://kelowna.craigslist.org/ctd/d/surrey-north-2023-ram-promaster-2500/7886228882.html,"2023 RAM ProMaster 2500 Cargo Van Low Roof: 1-OWNER, NO ACCIDENTS",craigslist_kelowna.csv
kelowna,2004,Ford,Explorer xlt 4x4,5995.0,excellent,1,gas,automatic,https://kelowna.craigslist.org/ctd/d/langley-2004-ford-explorer-xlt-4x4/7889609754.html,2004 Ford Explorer XLT 4x4 Automatic 7 Passenger lots of new parts,craigslist_kelowna.csv
kelowna,2019,Ford,Mustang,24299.0,excellent,73504,gas,automatic,https://kelowna.craigslist.org/ctd/d/surrey-east-2019-ford-mustang-ecoboost/7883756375.html,2019 Ford Mustang EcoBoost - 3.15 RATIO LIMITED SLIP AXLE/Bluetooth,craigslist_kelowna.csv
kelowna,2024,Ford,F-150 XLT,57499.0,like new,3125,gas,automatic,https://kelowna.craigslist.org/ctd/d/surrey-east-2024-ford-150-xlt-blk/7889605701.html,2024 Ford F-150 XLT - BLK APPEAR PKG/BED UTILITY PKG/360-DEGREE CAMERA,craigslist_kelowna.csv
kelowna,2021,Lincoln,Corsair Reserve,30499.0,excellent,85091,gas,automatic,https://kelowna.craigslist.org/ctd/d/surrey-east-2021-lincoln-corsair/7889605309.html,2021 Lincoln Corsair Reserve - KEYLESS ENTRY/ POWER LIFTGATE/Bluetooth,craigslist_kelowna.csv
kelowna,2020,Volkswagen,Passat,19299.0,excellent,88977,gas,automatic,https://kelowna.craigslist.org/ctd/d/surrey-east-2020-volkswagen-passat/7889601351.html,2020 Volkswagen Passat Comfortline - HEATED FR SEATS/Keyless Start,craigslist_kelowna.csv
kelowna,2023,Hyundai,Sonata,27214.0,excellent,45503,gas,automatic,https://kelowna.craigslist.org/ctd/d/surrey-north-2023-hyundai-sonata-sport/7885601455.html,"2023 Hyundai Sonata Sport Sedan: 1-OWNER, NO ACCIDENTS",craigslist_kelowna.csv
kelowna,2023,Ford,F-550 Chassis,77895.0,excellent,52975,diesel,automatic,https://kelowna.craigslist.org/ctd/d/surrey-north-2023-ford-550-chassis-xlt/7883224153.html,2023 Ford F-550 Chassis XLT 4x4 SD Regular Cab DRW | CLEAN HISTORY,craigslist_kelowna.csv
kelowna,2023,ford,f-450,112000.0,excellent,55001,gas,automatic,https://kelowna.craigslist.org/ctd/d/surrey-north-2023-ford-450-limited-4x4/7888930113.html,2023 Ford F-450 Limited 4x4 SD Crew Cab 8 ft. box: CLEAN CARFAX!,craigslist_kelowna.csv
kelowna,2023,ford,f-150,47980.0,excellent,147900,electric,automatic,https://kelowna.craigslist.org/ctd/d/surrey-north-2023-ford-150-lightning/7886225357.html,2023 Ford F-150 Lightning Lariat SuperCrew Cab 5.5 ft.: CLEAN CARFAX,craigslist_kelowna.csv
kelowna,2023,Ford,F-150 Lightning Lariat,53355.0,excellent,49670,electric,automatic,https://kelowna.craigslist.org/ctd/d/surrey-north-2023-ford-150-lightning/7886223195.html,2023 Ford F-150 Lightning Lariat AWD Cab 5.5 ft. | CLEAN CARFAX,craigslist_kelowna.csv
kelowna,2023,Ford,F-150 Lightning,49192.0,excellent,36105,electric,automatic,https://kelowna.craigslist.org/ctd/d/surrey-north-2023-ford-150-lightning/7886221714.html,2023 Ford F-150 Lightning XLT AWD SuperCrew Cab 5.5 ft. box: NO DECS!,craigslist_kelowna.csv
kelowna,2021,Ford,Mustang,27999.0,excellent,94294,electric,automatic,https://kelowna.craigslist.org/ctd/d/surrey-east-2021-ford-mustang-mach/7889598433.html,2021 Ford Mustang Mach-E Premium - EXT BATTERY / NAVI / SUNROOF,craigslist_kelowna.csv
kelowna,2023,ford,f-150,42878.0,excellent,116787,gas,automatic,https://kelowna.craigslist.org/ctd/d/surrey-north-2023-ford-150-xl-4x4/7886220140.html,2023 Ford F-150 XL 4x4 SuperCrew Cab 5.5 ft. box | CLEAN CARFAX,craigslist_kelowna.csv
kelowna,2023,ford,f-150,52995.0,excellent,24911,gas,automatic,https://kelowna.craigslist.org/ctd/d/surrey-north-2023-ford-150-xlt-4x4/7887536313.html,2023 Ford F-150 XLT 4x4 SuperCrew Cab 6.5 ft. box | TRAILER TOW PKG,craigslist_kelowna.csv
kelowna,2023,Ford,Explorer ST,53495.0,excellent,54141,gas,automatic,https://kelowna.craigslist.org/ctd/d/surrey-north-2023-ford-explorer-st-4x4/7886219696.html,"2023 Ford Explorer ST 4x4 SUV: LOCAL, NO ACCIDENTS",craigslist_kelowna.csv
kelowna,2023,Ford,Expedition Max Platinum,71995.0,excellent,74982,gas,automatic,https://kelowna.craigslist.org/ctd/d/surrey-north-2023-ford-expedition-max/7887997716.html,2023 Ford Expedition Max Platinum 4x4 SUV: SPOTLESS HISTORY,craigslist_kelowna.csv
kelowna,2023,Ford,Expedition King Ranch,73424.0,excellent,30501,gas,automatic,https://kelowna.craigslist.org/ctd/d/surrey-north-2023-ford-expedition-king/7886219321.html,"2023 Ford Expedition King Ranch 4x4 SUV: NO ACCIDENTS, LOW LOW KMS",craigslist_kelowna.csv
kelowna,2023,Ford,Bronco Wildtrak,62240.0,excellent,19456,gas,automatic,https://kelowna.craigslist.org/ctd/d/surrey-north-2023-ford-bronco-wildtrak/7887035315.html,"2023 Ford Bronco Wildtrak 4x4 SUV: LOW KMS, ACCIDENT-FREE!",craigslist_kelowna.csv
kelowna,2024,Ford,Mustang Dark Horse,84855.0,excellent,8936,gas,automatic,https://kelowna.craigslist.org/ctd/d/surrey-north-2024-ford-mustang-dark/7887035215.html,2024 Ford Mustang Dark Horse Fastback Coupe: ACCIDENT-FREE,craigslist_kelowna.csv
kelowna,2024,Ford,F-350,95899.0,excellent,11985,gas,automatic,https://kelowna.craigslist.org/ctd/d/surrey-north-2024-ford-350-lariat-4x4/7888929308.html,2024 Ford F-350 Lariat 4x4 SD Crew Cab 8 ft. box DRW | ACCIDENT-FREE,craigslist_kelowna.csv
regina,2009,Mazda,Biante,10000.0,like new,55000,gas,automatic,https://regina.craigslist.org/ctd/d/richmond-2009-mazda-biante-van-4wd-dual/7888707867.html,"2009 Mazda Biante Van 4WD w/Dual Sliding Door 55,000 km",craigslist_regina.csv
regina,2010,Honda,Fit Hatchback,9500.0,like new,87000,gas,automatic,https://regina.craigslist.org/ctd/d/richmond-2010-honda-freed-van-dual/7888710447.html,"2010 Honda Freed Van w/Dual Sliding LOW Mileage 87,000 km",craigslist_regina.csv
regina,2010,Honda,Fit Hatchback,8000.0,like new,78000,gas,automatic,https://regina.craigslist.org/ctd/d/richmond-2009-honda-fit-hatchback-4wd-km/7888714360.html,"2009 Honda Fit Hatchback 4WD 78,000 km",craigslist_regina.csv
regina,2006,Honda,Stepwagon,10000.0,like new,16000,gas,automatic,https://regina.craigslist.org/ctd/d/richmond-2006-honda-stepwagon-van-fwd/7888716071.html,"2006 Honda Stepwagon Van FWD w/Dual Sliding Door 16,000 km",craigslist_regina.csv
regina,2009,Toyota,BB Hatchback G-Package,7000.0,like new,48000,gas,automatic,https://regina.craigslist.org/ctd/d/richmond-2009-toyota-bb-hatchback/7888732417.html,"2009 Toyota BB Hatchback G-Package LOW Mileage 48,000 km",craigslist_regina.csv
regina,2022,honda,civic,35000.0,like new,40000,gas,automatic,https://regina.craigslist.org/cto/d/regina-for-sale-2022-honda-civic/7888908947.html,"🚗 For Sale: 2022 Honda Civic Touring – Like New | Only 40,000 KM | Moving S",craigslist_regina.csv
regina,2018,kia,rio,17400.0,like new,50520,gas,automatic,https://regina.craigslist.org/cto/d/regina-2018-kia-rio/7887531840.html,2018 Kia Rio,craigslist_regina.csv
regina,2015,Chevrolet,Cruze,8000.0,excellent,168000,gas,automatic,https://regina.craigslist.org/cto/d/regina-north-central-2015-low-mileage/7881495093.html,2015 Low Mileage Chevrolet Cruze,craigslist_regina.csv
edmonton,2011,Land,Rover Range Rover Supercharged,21900.0,excellent,203000,gas,automatic,https://edmonton.craigslist.org/cto/d/surrey-outer-northwest-2011-range-rover/7889810063.html,2011 Range Rover Supercharged,craigslist_edmonton.csv
edmonton,2011,Kia,Rio GLS,4500.0,good,147000,gas,automatic,https://edmonton.craigslist.org/cto/d/edmonton-2011-kia-rio5/7889713812.html,2011 Kia Rio5,craigslist_edmonton.csv
edmonton,2004,ford,explorer xlt,4200.0,good,250000,gas,automatic,https://edmonton.craigslist.org/cto/d/edmonton-ford-explore-xlt-4wd/7889655748.html,Ford explore XLT 4WD,craigslist_edmonton.csv
edmonton,2015,mercedes-benz,sprinter 2500,18000.0,,480000,diesel,automatic,https://edmonton.craigslist.org/ctd/d/edmonton-2015-mercedes-benz-sprinter/7889573925.html,2015 Mercedes Benz Sprinter 2500,craigslist_edmonton.csv
edmonton,2020,Toyota,Tacoma 4WD Acces Cab SR5,25988.0,excellent,225045,gas,automatic,https://edmonton.craigslist.org/ctd/d/coquitlam-2020-toyota-tacoma-sr5-access/7881017200.html,2020 Toyota Tacoma SR5 Access Cab 4WD 6.6FT. Box,craigslist_edmonton.csv
edmonton,2007,Toyota,Camry LE,2500.0,,132803,gas,automatic,https://edmonton.craigslist.org/cto/d/edmonton-2007-toyota-camry-le/7888709939.html,2007 Toyota Camry LE,craigslist_edmonton.csv
edmonton,2018,Ram,1500,39999.0,,16543,gas,automatic,https://edmonton.craigslist.org/cto/d/stony-plain-2018-ram-1500-big-horn-only/7889300654.html,"2018 Ram 1500 Big Horn ( ONLY 16,000 KMS! )",craigslist_edmonton.csv
edmonton,2023,Dodge,Hornet GT,32888.0,,4674,gas,automatic,https://edmonton.craigslist.org/ctd/d/vancouver-2023-dodge-hornet-gt/7889270700.html,2023 Dodge Hornet GT,craigslist_edmonton.csv
edmonton,2009,Mitsubishi,Delica D5,14500.0,like new,139000,gas,automatic,https://edmonton.craigslist.org/ctd/d/richmond-2009-mitsubishi-delica-d5-4wd/7888022241.html,"2009 Mitsubishi Delica D5 4WD w/Dual Sliding Door 139,000 km",craigslist_edmonton.csv
edmonton,2009,Mitsubishi,Delica D5,20000.0,like new,143000,gas,automatic,https://edmonton.craigslist.org/ctd/d/richmond-2009-mitsubishi-delica-d5-4wd/7888019217.html,"2009 Mitsubishi Delica D5 4WD Lifted w/Dual Sliding Door 143,000 km",craigslist_edmonton.csv
edmonton,2007,Mitsubishi,Delica D5,13200.0,like new,153000,gas,automatic,https://edmonton.craigslist.org/ctd/d/richmond-2007-mitsubishi-delica-d5-4wd/7888018267.html,"2007 Mitsubishi Delica D5 4WD w/Dual Sliding Door 153,000 km",craigslist_edmonton.csv
edmonton,2008,Mitsubishi,Delica D5,17000.0,like new,160000,gas,automatic,https://edmonton.craigslist.org/ctd/d/richmond-2008-mitsubishi-delica-d5-4wd/7888016655.html,"2008 Mitsubishi Delica D5 4WD Chamonix w/Dual Sliding Door 160,000 km",craigslist_edmonton.csv
edmonton,2007,Mitsubishi,Delica D5,14000.0,like new,193000,gas,automatic,https://edmonton.craigslist.org/ctd/d/richmond-2007-mitsubishi-delica-d5-4wd/7888014981.html,"2007 Mitsubishi Delica D5 4WD Lift w/Dual Sliding Door 193,000 km",craigslist_edmonton.csv
edmonton,2009,Mazda,Biante,10000.0,like new,55000,gas,automatic,https://edmonton.craigslist.org/ctd/d/richmond-2009-mazda-biante-van-4wd-dual/7888707855.html,"2009 Mazda Biante Van 4WD w/Dual Sliding Door 55,000 km",craigslist_edmonton.csv
edmonton,2010,Honda,Fit Hatchback,9500.0,like new,87000,gas,automatic,https://edmonton.craigslist.org/ctd/d/richmond-2010-honda-freed-van-dual/7888710456.html,"2010 Honda Freed Van w/Dual Sliding LOW Mileage 87,000 km",craigslist_edmonton.csv
edmonton,2009,Honda,Fit Hatchback,8000.0,like new,78000,gas,automatic,https://edmonton.craigslist.org/ctd/d/richmond-2009-honda-fit-hatchback-4wd-km/7888714391.html,"2009 Honda Fit Hatchback 4WD 78,000 km",craigslist_edmonton.csv
edmonton,2016,Honda,Stepwagon,10000.0,like new,16000,gas,automatic,https://edmonton.craigslist.org/ctd/d/richmond-2006-honda-stepwagon-van-fwd/7888716078.html,"2006 Honda Stepwagon Van FWD w/Dual Sliding Door 16,000 km",craigslist_edmonton.csv
edmonton,2009,Toyota,BB Hatchback G-Package,7000.0,like new,48000,gas,automatic,https://edmonton.craigslist.org/ctd/d/richmond-2009-toyota-bb-hatchback/7888732398.html,"2009 Toyota BB Hatchback G-Package LOW Mileage 48,000 km",craigslist_edmonton.csv
edmonton,2011,ford,f-150,5400.0,,230000,gas,automatic,https://edmonton.craigslist.org/cto/d/stony-plain-2011-ford-f150-xlt-50-hemi/7889161868.html,2011 Ford F150 XLT 5.0 Hemi,craigslist_edmonton.csv
edmonton,2025,Othere,?,500.0,excellent,123456,other,automatic,https://edmonton.craigslist.org/cto/d/edmonton-full-set-goodyear-winter-tires/7889069922.html,Full set Goodyear winter tires,craigslist_edmonton.csv
edmonton,2017,ford,transit 350,23898.0,,188019,gas,automatic,https://edmonton.craigslist.org/ctd/d/port-alberni-2017-ford-transit-bus-with/7883911310.html,2017 FORD TRANSIT BUS WITH WHEELCHAIR ACCESS AND LIFT,craigslist_edmonton.csv
edmonton,2017,dodge,ram 1500,18898.0,like new,182019,gas,automatic,https://edmonton.craigslist.org/ctd/d/port-alberni-2017-ram-1500-hemi-crew-cab/7880322018.html,2017 RAM 1500 HEMI CREW CAB,craigslist_edmonton.csv
edmonton,1974,Plymouth,Roadrunner,29000.0,,999999,gas,automatic,https://edmonton.craigslist.org/cto/d/edmonton-1974-plymouth-roadrunner/7885399195.html,1974 Plymouth Roadrunner,craigslist_edmonton.csv
edmonton,1971,Dodge,?,9000.0,,99999,gas,automatic,https://edmonton.craigslist.org/cto/d/edmonton-1971-charger-t-project/7888338241.html,1971 Charger R/T Project,craigslist_edmonton.csv
edmonton,2021,Chevrolet,Colorado Z71 4x4 Crew 6' box,41530.0,good,56746,gas,automatic,https://edmonton.craigslist.org/ctd/d/sherwood-park-northwest-2021-chevrolet/7888016340.html,2021 Chevrolet Colorado Z71 4x4 Crew Cab 6' box - 295556,craigslist_edmonton.csv
edmonton,2016,Nissan,Murano Platinum AWD,18820.0,good,132003,gas,automatic,https://edmonton.craigslist.org/ctd/d/sherwood-park-northwest-2016-nissan/7887549169.html,2016 Nissan Murano Platinum AWD - 137913,craigslist_edmonton.csv
edmonton,2017,Infiniti,QX50 All-wheel Drive V6,23880.0,good,65337,gas,automatic,https://edmonton.craigslist.org/ctd/d/sherwood-park-northwest-2017-infiniti/7887548306.html,2017 Infiniti QX50 All-wheel Drive Sunroof Navi V6 - 402839,craigslist_edmonton.csv
edmonton,1972,chevy,monte carlo,17500.0,excellent,95000,gas,automatic,https://edmonton.craigslist.org/cto/d/edmonton-1972-monte-carlo/7887379234.html,1972 Monte Carlo,craigslist_edmonton.csv
edmonton,2023,Ram,1500 Sport,46888.0,,53860,hybrid,automatic,https://edmonton.craigslist.org/ctd/d/vancouver-2023-ram-1500-sport/7887377102.html,2023 Ram 1500 Sport | Navigation | Auto Stop | Lane Keep Assist,craigslist_edmonton.csv
edmonton,2020,Jeep,Grand Cherokee Laredo 4X4,25810.0,good,125612,gas,automatic,https://edmonton.craigslist.org/ctd/d/sherwood-park-northwest-2020-jeep-grand/7887297292.html,2020 Jeep Grand Cherokee Laredo 4X4 - 125590,craigslist_edmonton.csv
edmonton,2008,nissan,rogue,1200.0,fair,403000,gas,automatic,https://edmonton.craigslist.org/cto/d/wainwright-nissan-roque-2008-for-sale/7887188490.html,Nissan roque 2008 for sale,craigslist_edmonton.csv
edmonton,2006,Subaru,Legacy 2.5GT,11500.0,excellent,290000,gas,manual,https://edmonton.craigslist.org/cto/d/edmonton-2006-subaru-legacy-25gt-wagon/7886849399.html,2006 Subaru Legacy 2.5GT Wagon 6MT RBP,craigslist_edmonton.csv
edmonton,2019,Honda,Accord Hybrid Touring,14888.0,,342533,gas,automatic,https://edmonton.craigslist.org/ctd/d/vancouver-2019-honda-accord-hybrid/7886647711.html,2019 Honda Accord Hybrid Touring,craigslist_edmonton.csv
edmonton,2004,ford,f150 lariat 4x4,3000.0,fair,338657,gas,automatic,https://edmonton.craigslist.org/cto/d/spruce-grove-north-ford-lariat/7886345211.html,Ford Lariat,craigslist_edmonton.csv
edmonton,2025,Trailer,hitch,900.0,new,1,other,other,https://edmonton.craigslist.org/cto/d/westlock-drop-hitch-ball-lbs-sway-bars/7886257414.html,Drop hitch 2-5/16s ball -10.000 lbs +sway bars,craigslist_edmonton.csv
edmonton,2021,Volkswagen,Jetta SEL,20999.0,like new,97000,gas,automatic,https://edmonton.craigslist.org/cto/d/edmonton-2021-volkswagen-jetta-highline/7885883523.html,2021 Volkswagen Jetta Highline Automatic,craigslist_edmonton.csv
edmonton,2005,Ford,Mustang GT,15500.0,like new,100584,gas,automatic,https://edmonton.craigslist.org/cto/d/central-okanagan-2005-mustang-gt/7856794813.html,2005 Mustang GT Convertible,craigslist_edmonton.csv
edmonton,2010,toyota,corolla s,6000.0,good,312000,gas,manual,https://edmonton.craigslist.org/cto/d/st-albert-2010-toyota-corolla/7885648194.html,2010 TOYOTA COROLLA S,craigslist_edmonton.csv
edmonton,2006,Chevrolet,Avalanche 2500,17500.0,excellent,168700,gas,automatic,https://edmonton.craigslist.org/cto/d/edmonton-chevrolet-avalanche-2500/7885618358.html,Chevrolet Avalanche 2500,craigslist_edmonton.csv
edmonton,2013,bmw,X6,9500.0,excellent,164400,gas,automatic,https://edmonton.craigslist.org/cto/d/edmonton-2013-bmw-x6-interior-package/7885530331.html,2013 BMW X6 M interior package,craigslist_edmonton.csv
edmonton,2014,chevrolet,silverado 1500,13000.0,good,310000,gas,automatic,https://edmonton.craigslist.org/cto/d/edmonton-2014-chevrolet-1500-silverado/7859952152.html,2014 Chevrolet 1500 Silverado LT,craigslist_edmonton.csv
edmonton,2006,porsche,911 carrera,23000.0,excellent,74000,gas,manual,https://edmonton.craigslist.org/cto/d/edmonton-porsche-911/7885240455.html,Porsche 911,craigslist_edmonton.csv
edmonton,2009,bmw,750i,10995.0,like new,1,gas,automatic,https://edmonton.craigslist.org/ctd/d/langley-2009-bmw-750i-sedan-automatic/7885095761.html,"2009 BMW 750i Sedan Automatic Super Clean, 4.4L, low km,",craigslist_edmonton.csv
edmonton,2011,Dodge,Journey Hatchback Tall SXT,5200.0,fair,210000,gas,automatic,https://edmonton.craigslist.org/cto/d/edmonton-dodge-journey-multiple-repairs/7885059003.html,Dodge Journey 2011 - Multiple repairs done,craigslist_edmonton.csv
edmonton,1999,chevy,blazer lt 4x4,5995.0,like new,1,gas,automatic,https://edmonton.craigslist.org/ctd/d/langley-1999-chevrolet-blazer-lt-4x4/7885034248.html,1999 Chevrolet Blazer LT 4x4 SUV 4 door Automatic No Rust Like NEW,craigslist_edmonton.csv
edmonton,2010,mercedes-benz,glk350,12500.0,,180000,gas,automatic,https://edmonton.craigslist.org/cto/d/ponoka-2010-mercedes-glk/7884885397.html,2010 Mercedes GLK,craigslist_edmonton.csv
edmonton,2011,cadillac,cts,8500.0,good,217500,gas,automatic,https://edmonton.craigslist.org/cto/d/edmonton-west-cadillac-cts-2011-awd/7884820653.html,Cadillac CTS 2011 AWD PREMIUM COUPE,craigslist_edmonton.csv
edmonton,2012,nissan,sentra sv sedan 4d,4500.0,excellent,235000,gas,automatic,https://edmonton.craigslist.org/cto/d/edmonton-2012-nissan-sentra-only/7883941956.html,"2012 NISSAN SENTRA! Only 235,0KMs, no leaks",craigslist_edmonton.csv
edmonton,2025,Other,?,500.0,good,123456,other,other,https://edmonton.craigslist.org/cto/d/edmonton-goodyear-winter-tires-r17-full/7883933787.html,Goodyear winter tires R17 full set,craigslist_edmonton.csv
edmonton,2006,lexus,is 350,10000.0,excellent,280124,gas,automatic,https://edmonton.craigslist.org/cto/d/edmonton-2006-lexus-is-350/7874400069.html,2006 Lexus IS 350,craigslist_edmonton.csv
edmonton,2024,Kia,Sportage EX,34388.0,,19707,gas,automatic,https://edmonton.craigslist.org/ctd/d/vancouver-2024-kia-sportage-ex-heated/7883469677.html,2024 Kia Sportage EX | Heated Seats | Sunroof | Leather,craigslist_edmonton.csv
edmonton,2025,Kia,Seltos LX,26388.0,,15185,gas,automatic,https://edmonton.craigslist.org/ctd/d/vancouver-2025-kia-seltos-lx-lane-keep/7883464229.html,2025 Kia Seltos LX | Lane Keep Assist | Backup Camera | Heated Sea,craigslist_edmonton.csv
edmonton,2025,Kia,K4 LX,24388.0,,7374,gas,automatic,https://edmonton.craigslist.org/ctd/d/vancouver-2025-kia-k4-lx-lane-keep/7883466950.html,2025 Kia K4 LX | Lane Keep Assist | Backup Camera | Heated Sea,craigslist_edmonton.csv
edmonton,2025,Kia,Niro EV Wind,37388.0,,12866,electric,automatic,https://edmonton.craigslist.org/ctd/d/vancouver-2025-kia-niro-ev-wind-heated/7883449895.html,2025 Kia Niro EV Wind | Heated Seats | Apple Car Play | Lane Keep A,craigslist_edmonton.csv
edmonton,2026,Kia,EV9 Light,60388.0,,10914,electric,automatic,https://edmonton.craigslist.org/ctd/d/vancouver-2026-kia-ev9-light-passenger/7883446137.html,2026 Kia EV9 Light | 7-passenger seating | Battery Heating Systs,craigslist_edmonton.csv
edmonton,2010,subaru,impreza wrx sti,21900.0,excellent,70900,gas,automatic,https://edmonton.craigslist.org/cto/d/edmonton-2010-subaru-wrx-sti-automatic/7880371410.html,2010 Subaru WRX STI - Automatic,craigslist_edmonton.csv
edmonton,2023,hyundai,tucson hybrid,36895.0,like new,40218,hybrid,automatic,https://edmonton.craigslist.org/ctd/d/coquitlam-2023-hyundai-tucson-luxury/7882538326.html,"2023 Hyundai Tucson Luxury Hybrid AWD CA$36,895",craigslist_edmonton.csv
edmonton,2023,Honda,Crv Touring Hybrid AWD,47850.0,like new,1620,hybrid,automatic,https://edmonton.craigslist.org/cto/d/edmonton-west-mint-condition-like-honda/7880721987.html,Mint Condition:  Like Honda CR-V Hybrid AWD-Fully Loaded 1620 Km Excel,craigslist_edmonton.csv
edmonton,2010,nissan,serena,10500.0,like new,55000,gas,automatic,https://edmonton.craigslist.org/cto/d/edmonton-cars/7881551492.html,Cars,craigslist_edmonton.csv
edmonton,2012,bmw,535i xdrive,16500.0,excellent,181000,gas,automatic,https://edmonton.craigslist.org/cto/d/edmonton-2012-bmw-535xi-sport/7880880642.html,2012 BMW 535Xi M sport,craigslist_edmonton.csv
edmonton,1987,cadillac,allante,9550.0,good,71000,gas,automatic,https://edmonton.craigslist.org/cto/d/wainwright-region-classic-door/7880637076.html,CLASSIC 2 DOOR CONVERTIBLE CADILLAC,craigslist_edmonton.csv
edmonton,2007,DODGE,RAM3500 DUALLY,16997.0,good,89492,diesel,other,https://edmonton.craigslist.org/cto/d/wainwright-region-mechanic-special/7880636549.html,MECHANIC SPECIAL,craigslist_edmonton.csv
edmonton,2012,honda,civic ex,6250.0,good,265380,gas,manual,https://edmonton.craigslist.org/cto/d/edmonton-2012-black-honda-civic-ex/7880621387.html,2012 Black Honda Civic EX Sedan Manual With Sunroof Clean Title,craigslist_edmonton.csv
edmonton,2003,cadillac,deville,4995.0,like new,1,gas,automatic,https://edmonton.craigslist.org/ctd/d/langley-2003-cadillac-deville-sedan-fwd/7880605104.html,2003 Cadillac Deville Sedan FWD  super clean low km,craigslist_edmonton.csv
edmonton,2025,Goodyear,wrangler,500.0,excellent,123456,other,automatic,https://edmonton.craigslist.org/cto/d/edmonton-goodyear-wrangler-winter-tires/7880462312.html,Goodyear wrangler winter tires set R17,craigslist_edmonton.csv
edmonton,1994,jaguar,xjs,35000.0,excellent,150000,gas,automatic,https://edmonton.craigslist.org/cto/d/sherwood-park-west-classic-1994-jaguar/7880301682.html,Classic 1994 Jaguar XJS Convertible,craigslist_edmonton.csv
edmonton,2017,dodge,ram 2500,35000.0,excellent,160000,diesel,automatic,https://edmonton.craigslist.org/cto/d/langley-township-north-ram/7879366743.html,Ram 2500 2017,craigslist_edmonton.csv
hamilton,1969,chevrolet,malibu,115000.0,like new,7675,gas,manual,https://hamilton.craigslist.org/cto/d/hamilton-1969-chevelle-ss/7861073500.html,1969 Chevelle SS,craigslist_hamilton.csv
hamilton,2019,Honda,Ridgeline Black EDITION,14990.0,excellent,75000,gas,automatic,https://hamilton.craigslist.org/cto/d/milton-2018-honda-ridgeline-black/7889295105.html,2018 Honda Ridgeline Black Edition,craigslist_hamilton.csv
hamilton,2003,bmw,x5,3000.0,excellent,119000,gas,automatic,https://hamilton.craigslist.org/cto/d/hamilton-bmw-x5/7885799293.html,BMW X5,craigslist_hamilton.csv
hamilton,2023,Ram,1500 Crew Cab,28900.0,fair,15233,gas,automatic,https://hamilton.craigslist.org/ctd/d/hamilton-2023-ram-1500-rebel-canadian/7882318596.html,"2023 Ram 1500 Rebel Canadian market, best price for Sale, 18050km",craigslist_hamilton.csv
hamilton,2025,dodge,ram 1500,65000.0,like new,7000,gas,automatic,https://hamilton.craigslist.org/cto/d/hamilton-2025-ram-1500-bighorn/7884047778.html,2025 RAM 1500 BIGHORN,craigslist_hamilton.csv
hamilton,2018,Nissan,Sentra,5500.0,fair,250000,gas,automatic,https://hamilton.craigslist.org/cto/d/ancaster-nissan-santra-2018-car/7881815393.html,nissan santra 2018 CAR,craigslist_hamilton.csv
hamilton,1999,mazda,protege,600.0,salvage,115000,gas,manual,https://hamilton.craigslist.org/cto/d/hamilton-running-standard-motor-for-sale/7881802185.html,Running standard motor for sale,craigslist_hamilton.csv
hamilton,2009,hyundai,elantra,3000.0,fair,224000,gas,manual,https://hamilton.craigslist.org/cto/d/burlington-northeast-2009-hyundai/7881593123.html,2009 Hyundai Elantra Touring,craigslist_hamilton.csv
saskatoon,2015,Chevrolet,Traverse 2015,18500.0,excellent,110000,gas,automatic,https://saskatoon.craigslist.org/cto/d/saskatoon-chevrolet-traverse-2015/7889696935.html,Chevrolet Traverse 2015,craigslist_saskatoon.csv
saskatoon,2000,Mazda,bongo FRIENDEE,17800.0,,125000,diesel,automatic,https://saskatoon.craigslist.org/cto/d/central-saskatchewan-turbo-diesel-2000/7889357935.html,TURBO DIESEL 2000 MAZDA BONGO FRIENDEE AUTO TOP 4x4,craigslist_saskatoon.csv
saskatoon,2009,Mitsubishi,Delica D5,14500.0,like new,139000,gas,automatic,https://saskatoon.craigslist.org/ctd/d/richmond-2009-mitsubishi-delica-d5-4wd/7888022227.html,"2009 Mitsubishi Delica D5 4WD w/Dual Sliding Door 139,000 km",craigslist_saskatoon.csv
saskatoon,2009,Mitsubishi,Delica D5,20000.0,like new,143000,gas,automatic,https://saskatoon.craigslist.org/ctd/d/richmond-2009-mitsubishi-delica-d5-4wd/7888019197.html,"2009 Mitsubishi Delica D5 4WD Lifted w/Dual Sliding Door 143,000 km",craigslist_saskatoon.csv
saskatoon,2007,Mitsubishi,Delica D5,13200.0,like new,153000,gas,automatic,https://saskatoon.craigslist.org/ctd/d/richmond-2007-mitsubishi-delica-d5-4wd/7888018271.html,"2007 Mitsubishi Delica D5 4WD w/Dual Sliding Door 153,000 km",craigslist_saskatoon.csv
saskatoon,2008,Mitsubishi,Delica D5,17000.0,like new,160000,gas,automatic,https://saskatoon.craigslist.org/ctd/d/richmond-2008-mitsubishi-delica-d5-4wd/7888016657.html,"2008 Mitsubishi Delica D5 4WD Chamonix w/Dual Sliding Door 160,000 km",craigslist_saskatoon.csv
saskatoon,2007,Mitsubishi,Delica D5,14000.0,like new,193000,gas,automatic,https://saskatoon.craigslist.org/ctd/d/richmond-2007-mitsubishi-delica-d5-4wd/7888014982.html,"2007 Mitsubishi Delica D5 4WD Lift w/Dual Sliding Door 193,000 km",craigslist_saskatoon.csv
saskatoon,2009,Toyota,BB Hatchback G-Package,7000.0,like new,48000,gas,automatic,https://saskatoon.craigslist.org/ctd/d/richmond-2009-toyota-bb-hatchback/7888732516.html,"2009 Toyota BB Hatchback G-Package LOW Mileage 48,000 km",craigslist_saskatoon.csv
saskatoon,2017,ford,f150 4x4,25898.0,like new,156018,gas,automatic,https://saskatoon.craigslist.org/ctd/d/port-alberni-2017-fotrd-f150-liter-4wd/7880772333.html,2017 FOTRD F150 5 LITER 4WD CREW CAB ONLY 156 K,craigslist_saskatoon.csv
saskatoon,2017,ram,1500 crew cab,18898.0,like new,182019,gas,automatic,https://saskatoon.craigslist.org/ctd/d/port-alberni-2017-ram-1500-hemi-4wd/7880538288.html,2017 ram 1500 hemi 4wd,craigslist_saskatoon.csv
saskatoon,2018,ford,transit cargo van,25000.0,excellent,100000,gas,automatic,https://saskatoon.craigslist.org/cto/d/saskatoon-northeast-central-ford/7869407724.html,Ford Transit Cargo 2018 Excellent Condition For sale,craigslist_saskatoon.csv
saskatoon,2025,Ford,F-550 F-Series,147759.0,new,14,diesel,automatic,https://saskatoon.craigslist.org/ctd/d/trail-2025-ford-chassis-cab-550-xl-with/7884137520.html,2025 Ford Chassis Cab F-550 XL with 9' Dump Body and Fisher Snowplow,craigslist_saskatoon.csv
saskatoon,2002,ford,f550 super duty,23800.0,good,168193,gas,automatic,https://saskatoon.craigslist.org/ctd/d/saskatoon-ex-govt-dump-truck/7881775577.html,Ex Gov't Dump Truck,craigslist_saskatoon.csv
saskatoon,2011,ford,f550 super duty,49500.0,excellent,200000,gas,automatic,https://saskatoon.craigslist.org/ctd/d/saskatoon-north-central-ex-wildfire/7880750580.html,Ex Wildfire Truck,craigslist_saskatoon.csv
saskatoon,2004,freightliner,?,55900.0,good,75418,diesel,automatic,https://saskatoon.craigslist.org/ctd/d/saskatoon-north-central-ex-govt-bucket/7880737105.html,Ex Gov't Bucket Truck,craigslist_saskatoon.csv
halifax,2007,toyota,camry,1000.0,,105354,gas,automatic,https://halifax.craigslist.org/cto/d/halifax-lower-harbour-2007-toyota/7889657777.html,2007 Toyota,craigslist_halifax.csv
halifax,1985,Toyota,?,45000.0,good,350000,diesel,manual,https://halifax.craigslist.org/cto/d/fabreville-toyota/7889061738.html,Toyota,craigslist_halifax.csv
halifax,2012,Jaguar,XJ6,20000.0,excellent,76000,gas,automatic,https://halifax.craigslist.org/cto/d/halifax-central-1986-jaguar-xj6/7885965118.html,1986 Jaguar XJ6,craigslist_halifax.csv
halifax,2009,honda,civic,3900.0,fair,249000,gas,automatic,https://halifax.craigslist.org/cto/d/halifax-honda-civic-2009-dx/7883790429.html,Honda Civic 2009 DX,craigslist_halifax.csv
halifax,2008,infiniti,g37s,11000.0,,221000,gas,automatic,https://halifax.craigslist.org/cto/d/halifax-2008-infinti-g37-sport-no-trades/7882133112.html,2008 Infinti G37 sport (no trades),craigslist_halifax.csv
halifax,2023,Porche,Macan,90900.0,excellent,47000,gas,automatic,https://halifax.craigslist.org/cto/d/bedford-macan-gts-2023/7882142383.html,Macan GTS 2023,craigslist_halifax.csv
victoria,2016,Ram,3500,,,216000,diesel,automatic,https://victoria.craigslist.org/ctd/d/surrey-east-2016-ram-3500-crew-cab-box/7889823133.html,2016 Ram 3500 Crew Cab 8'' Box Diesel,craigslist_victoria.csv
victoria,2018,Mercedes,GLA 250,,,114000,other,automatic,https://victoria.craigslist.org/ctd/d/surrey-east-2018-mercedes-gla-250-4matic/7889823080.html,2018 Mercedes GLA 250 4Matic,craigslist_victoria.csv
victoria,2016,LAND,ROVER RANGE ROVER,,,132261,diesel,automatic,https://victoria.craigslist.org/ctd/d/vancouver-2016-land-rover-range-rover/7889822819.html,2016 LAND ROVER RANGE ROVER HSE For Sale Vancouver BC,craigslist_victoria.csv
victoria,2011,BMW,550,17888.0,,99877,gas,automatic,https://victoria.craigslist.org/ctd/d/vancouver-2011-bmw-550-for-sale/7889822753.html,2011 BMW 550 I For Sale Vancouver BC,craigslist_victoria.csv
victoria,2016,Toyota,Prius,,,149800,other,automatic,https://victoria.craigslist.org/ctd/d/vancouver-2016-toyota-prius-for-sale/7889822348.html,2016 Toyota Prius	For Sale Vancouver BC,craigslist_victoria.csv
victoria,2007,BMW,750i,9888.0,,128945,other,automatic,https://victoria.craigslist.org/ctd/d/vancouver-2009-bmw-750i-for-sale/7889822313.html,2009 BMW 750i For Sale Vancouver BC,craigslist_victoria.csv
victoria,2016,Volkswagen,Jetta,,,177188,other,manual,https://victoria.craigslist.org/ctd/d/vancouver-2016-volkswagen-jetta-sedan/7889822274.html,2016 Volkswagen Jetta Sedan For Sale Vancouver BC,craigslist_victoria.csv
victoria,2014,FERRARI,458,229888.0,,97706,gas,automatic,https://victoria.craigslist.org/ctd/d/vancouver-2014-ferrari-458-spider-for/7889822086.html,2014 FERRARI 458 SPIDER For Sale Vancouver BC,craigslist_victoria.csv
victoria,2014,LAND,ROVER RANGE ROVER,35995.0,,110913,other,automatic,https://victoria.craigslist.org/ctd/d/vancouver-2014-land-rover-range-rover/7889821858.html,2014 LAND ROVER RANGE ROVER AUTOBIOGRAPHY For Sale Vancouver BC,craigslist_victoria.csv
victoria,2002,WILLYS,SP&SP,,,1102,other,manual,https://victoria.craigslist.org/ctd/d/vancouver-2002-willys-spsp/7889821627.html,2002 WILLYS SP&SP,craigslist_victoria.csv
victoria,2016,TOYOTA,PRIUS C,12888.0,,148278,hybrid,automatic,https://victoria.craigslist.org/ctd/d/vancouver-2016-toyota-prius-nhp10l-for/7889821434.html,2016 TOYOTA PRIUS C NHP10L For Sale Vancouver BC,craigslist_victoria.csv
victoria,2009,mercedes-benz,s-class,9995.0,excellent,200000,gas,automatic,https://victoria.craigslist.org/cto/d/north-vancouver-outer-east-2009/7889810647.html,2009 Mercedes-Benz S450 4 Matic AWD S Class Sonderklasse,craigslist_victoria.csv
victoria,2012,ford,mustang gt,22900.0,excellent,129000,gas,automatic,https://victoria.craigslist.org/cto/d/saanich-central-mustang-coyote-gt/7863239276.html,Mustang  Coyote GT,craigslist_victoria.csv
victoria,1970,Ford,Cortina 1600E,22900.0,excellent,75000,gas,manual,https://victoria.craigslist.org/cto/d/saanich-central-ford-cortina-mk2-1600e/7853638686.html,Ford Cortina Mk2  1600E,craigslist_victoria.csv
victoria,1990,mercedes,benz sl500,16999.0,excellent,109000,gas,automatic,https://victoria.craigslist.org/cto/d/central-island-mercedes-benz-500sl/7881826153.html,Mercedes-Benz 500SL Roadster,craigslist_victoria.csv
victoria,2022,toyota,corolla le,23000.0,,104000,gas,automatic,https://victoria.craigslist.org/cto/d/highlands-2022-toyota-corolla-le/7889773848.html,2022 Toyota Corolla LE,craigslist_victoria.csv
victoria,2009,Nissan,370z,15500.0,excellent,143000,gas,automatic,https://victoria.craigslist.org/cto/d/highlands-2009-nissan-370z/7885267273.html,2009 Nissan 370z,craigslist_victoria.csv
victoria,2018,Honda,Civic Type R,35888.0,good,127000,gas,automatic,https://victoria.craigslist.org/ctd/d/richmond-2018-honda-civic-type-good/7889749935.html,2018 Honda Civic Type R - Good Price -,craigslist_victoria.csv
victoria,2022,Toyota,GR86,28995.0,excellent,62489,gas,automatic,https://victoria.craigslist.org/ctd/d/burnaby-2022-toyota-gr86-manual-one/7889745081.html,"2022 Toyota GR86  Manual - One owner, No accidents, ENTHUSIAST CAR, Fu",craigslist_victoria.csv
victoria,2005,mazda,6,3100.0,good,286201,gas,automatic,https://victoria.craigslist.org/cto/d/central-saanich-2005-mazda-6i-sport/7889724460.html,2005 Mazda 6i Sport *Great First Car*,craigslist_victoria.csv
victoria,2010,pontiac,vibe,2200.0,good,206861,gas,manual,https://victoria.craigslist.org/cto/d/sooke-2010-pontiac-vibe/7889715282.html,2010 Pontiac Vibe,craigslist_victoria.csv
victoria,2005,toyota,corolla,6600.0,excellent,180000,gas,automatic,https://victoria.craigslist.org/cto/d/highlands-2005-corolla/7889646229.html,2005 corolla,craigslist_victoria.csv
victoria,2016,Jeep,Patriot,12869.0,,115000,other,automatic,https://victoria.craigslist.org/ctd/d/surrey-east-2016-jeep-patriot-sport/7888672176.html,2016 Jeep Patriot Sport/North,craigslist_victoria.csv
victoria,2019,Honda,Civic,23869.0,,36000,other,automatic,https://victoria.craigslist.org/ctd/d/surrey-east-2019-honda-civic-sedan-lx/7888689365.html,2019 Honda Civic Sedan LX,craigslist_victoria.csv
victoria,2016,Porsche,Macan,,,117000,other,automatic,https://victoria.craigslist.org/ctd/d/surrey-east-2016-porsche-macan-awd/7888690598.html,2016 Porsche Macan S AWD,craigslist_victoria.csv
victoria,2016,Porsche,Macan,24869.0,,117000,other,automatic,https://victoria.craigslist.org/ctd/d/surrey-east-2016-porsche-macan-awd/7888690608.html,2016 Porsche Macan S AWD,craigslist_victoria.csv
victoria,2014,Honda,Odyssey,,,201000,other,automatic,https://victoria.craigslist.org/ctd/d/surrey-east-2014-honda-odyssey-touring/7888690583.html,2014 Honda Odyssey Touring W/RES & NAVI,craigslist_victoria.csv
victoria,2019,Honda,Civic,,,36000,other,automatic,https://victoria.craigslist.org/ctd/d/surrey-east-2019-honda-civic-sedan-lx/7888689516.html,2019 Honda Civic Sedan LX,craigslist_victoria.csv
victoria,2014,Honda,Odyssey,16869.0,,201000,other,automatic,https://victoria.craigslist.org/ctd/d/surrey-east-2014-honda-odyssey-touring/7888689808.html,2014 Honda Odyssey Touring W/RES & NAVI,craigslist_victoria.csv
victoria,2014,Kia,Optima,,,140000,other,automatic,https://victoria.craigslist.org/ctd/d/surrey-east-2014-kia-optima-sx-turbo/7888689044.html,2014 Kia Optima SX Turbo Auto,craigslist_victoria.csv
victoria,2014,Kia,Optima,10869.0,,140000,other,automatic,https://victoria.craigslist.org/ctd/d/surrey-east-2014-kia-optima-sx-turbo/7888688860.html,2014 Kia Optima SX Turbo Auto,craigslist_victoria.csv
victoria,2019,Toyota,Tacoma,,,170000,other,automatic,https://victoria.craigslist.org/ctd/d/surrey-east-2019-toyota-tacoma-double/7888688611.html,2019 Toyota Tacoma Double Cab 4X4,craigslist_victoria.csv
victoria,2019,Toyota,Tacoma,35869.0,,170000,other,automatic,https://victoria.craigslist.org/ctd/d/surrey-east-2019-toyota-tacoma-double/7888688450.html,2019 Toyota Tacoma Double Cab 4X4,craigslist_victoria.csv
victoria,2021,Ram,1500 Classic,36869.0,,102000,other,automatic,https://victoria.craigslist.org/ctd/d/surrey-east-2021-ram-1500-classic/7888672603.html,2021 Ram 1500 Classic Warlock 4X4,craigslist_victoria.csv
victoria,2016,Toyota,Prius C,,,155000,other,automatic,https://victoria.craigslist.org/ctd/d/surrey-east-2016-toyota-prius/7888671997.html,2016 Toyota Prius C Technology Package,craigslist_victoria.csv
victoria,2017,Mercedes,S550,,,102000,other,automatic,https://victoria.craigslist.org/ctd/d/surrey-east-2017-mercedes-s550-4matic/7888688167.html,2017 Mercedes S550 4Matic LWB,craigslist_victoria.csv
victoria,2017,Mercedes,S550,38869.0,,102000,other,automatic,https://victoria.craigslist.org/ctd/d/surrey-east-2017-mercedes-s550-4matic/7888687748.html,2017 Mercedes S550 4Matic LWB,craigslist_victoria.csv
victoria,2021,Ford,F-150,44869.0,,101000,other,automatic,https://victoria.craigslist.org/ctd/d/surrey-east-2021-ford-150-lariat-4x4/7888687246.html,2021 Ford F-150 Lariat 4X4 Ecoboost,craigslist_victoria.csv
victoria,2019,Ram,1500 Classic,,,98000,other,automatic,https://victoria.craigslist.org/ctd/d/surrey-east-2019-ram-1500-classic-slt/7888686648.html,2019 Ram 1500 Classic SLT 4X4 6''4 Box,craigslist_victoria.csv
victoria,2016,Volkswagen,Golf,11869.0,,152000,other,automatic,https://victoria.craigslist.org/ctd/d/surrey-east-2016-volkswagen-golf/7888686586.html,2016 Volkswagen Golf Sportwagon 1.8 TSI,craigslist_victoria.csv
victoria,2016,MERCEDES-BENZ,GLE,25869.0,,134000,diesel,automatic,https://victoria.craigslist.org/ctd/d/surrey-east-2016-mercedes-benz-gle-350d/7888686570.html,2016 MERCEDES-BENZ GLE 350D 4MATIC Used Car Surrey,craigslist_victoria.csv
victoria,2016,Porsche,Cayenne,37869.0,,123000,other,automatic,https://victoria.craigslist.org/ctd/d/surrey-east-2016-porsche-cayenne-gts/7888672543.html,2016 Porsche Cayenne GTS,craigslist_victoria.csv
victoria,2016,Porsche,Cayenne,,,123000,other,automatic,https://victoria.craigslist.org/ctd/d/surrey-east-2016-porsche-cayenne-gts/7888673504.html,2016 Porsche Cayenne GTS,craigslist_victoria.csv
victoria,2019,Volkswagen,Jetta,18869.0,,121000,other,automatic,https://victoria.craigslist.org/ctd/d/surrey-east-2019-volkswagen-jetta/7888672499.html,2019 Volkswagen Jetta Highline 1.4L TSI,craigslist_victoria.csv
victoria,2021,ROLLS-ROYCE,CULLINAN,448869.0,,18000,gas,automatic,https://victoria.craigslist.org/ctd/d/surrey-east-2021-rolls-royce-cullinan/7888672326.html,2021 ROLLS-ROYCE CULLINAN NOVITEC OVER PKG,craigslist_victoria.csv
victoria,2019,Mazda,CX-5,31869.0,,41000,other,automatic,https://victoria.craigslist.org/ctd/d/surrey-east-2019-mazda-cx-signature-awd/7883994265.html,2019 Mazda CX-5 Signature AWD,craigslist_victoria.csv
victoria,2019,Hyundai,Sonata,19869.0,,126000,other,automatic,https://victoria.craigslist.org/ctd/d/surrey-east-2019-hyundai-sonata/7885902372.html,2019 Hyundai Sonata Essential 2.4L W/Sport Package,craigslist_victoria.csv
victoria,2016,Mercedes,Benz E-250,18869.0,,127000,diesel,automatic,https://victoria.craigslist.org/ctd/d/surrey-east-2016-mercedes-benz-250/7884004226.html,2016 Mercedes Benz E-250 Bluetec 4Matic,craigslist_victoria.csv
victoria,2024,Toyota,Camry,,,51000,other,automatic,https://victoria.craigslist.org/ctd/d/surrey-east-2024-toyota-camry-se-awd/7883997410.html,2024 Toyota Camry SE AWD,craigslist_victoria.csv
victoria,2024,Toyota,Camry,34869.0,,51000,other,automatic,https://victoria.craigslist.org/ctd/d/surrey-east-2024-toyota-camry-se-awd/7883996875.html,2024 Toyota Camry SE AWD,craigslist_victoria.csv
victoria,2018,Ram,1500,28869.0,,172000,diesel,automatic,https://victoria.craigslist.org/ctd/d/surrey-east-2018-ram-1500-crew-cab/7883257546.html,2018 Ram 1500 Crew Cab Laramie 6''4 Box,craigslist_victoria.csv
victoria,2019,Hyundai,Sonata,,,126000,other,automatic,https://victoria.craigslist.org/ctd/d/surrey-east-2019-hyundai-sonata/7885902908.html,2019 Hyundai Sonata Essential 2.4L W/Sport Package,craigslist_victoria.csv
victoria,2023,Ford,F-150,,,89000,other,automatic,https://victoria.craigslist.org/ctd/d/surrey-east-2023-ford-150-xlt-supercrew/7885902150.html,2023 Ford F-150 XLT Supercrew 5.5' Box,craigslist_victoria.csv
victoria,2023,Ford,F-150,44869.0,,89000,other,automatic,https://victoria.craigslist.org/ctd/d/surrey-east-2023-ford-150-xlt-supercrew/7885902001.html,2023 Ford F-150 XLT Supercrew 5.5' Box,craigslist_victoria.csv
victoria,2014,Volkswagen,Touareg,,,317000,diesel,automatic,https://victoria.craigslist.org/ctd/d/surrey-east-2014-volkswagen-touareg-tdi/7885896117.html,2014 Volkswagen Touareg TDI Sport,craigslist_victoria.csv
victoria,2021,Ford,F-150,39869.0,,113000,other,automatic,https://victoria.craigslist.org/ctd/d/surrey-east-2021-ford-150-xlt-302a/7885900667.html,2021 Ford F-150 XLT W/302a Premium Package,craigslist_victoria.csv
victoria,2021,Mercedes,C300,,,113000,other,automatic,https://victoria.craigslist.org/ctd/d/surrey-east-2021-mercedes-c300-4matic/7885901467.html,2021 Mercedes C300 4Matic AMG Package,craigslist_victoria.csv
victoria,2021,Mercedes,C300,32869.0,,113000,other,automatic,https://victoria.craigslist.org/ctd/d/surrey-east-2021-mercedes-c300-4matic/7885901349.html,2021 Mercedes C300 4Matic AMG Package,craigslist_victoria.csv
victoria,2021,Ford,F-150,,,113000,other,automatic,https://victoria.craigslist.org/ctd/d/surrey-east-2021-ford-150-xlt-302a/7885900766.html,2021 Ford F-150 XLT W/302a Premium Package,craigslist_victoria.csv
victoria,2016,Jeep,Patriot,,,115000,other,automatic,https://victoria.craigslist.org/ctd/d/surrey-east-2016-jeep-patriot-sport/7885896512.html,2016 Jeep Patriot Sport/North,craigslist_victoria.csv
victoria,2016,Volkswagen,Golf,,,152000,other,automatic,https://victoria.craigslist.org/ctd/d/surrey-east-2016-volkswagen-golf/7885896381.html,2016 Volkswagen Golf Sportwagon 1.8 TSI,craigslist_victoria.csv
victoria,2021,ROLLS-ROYCE,CULLINAN,,,18000,gas,automatic,https://victoria.craigslist.org/ctd/d/surrey-east-2021-rolls-royce-cullinan/7885896428.html,2021 ROLLS-ROYCE CULLINAN NOVITEC OVER PKG,craigslist_victoria.csv
victoria,2018,Mercedes,GLA 250,20869.0,,114000,other,automatic,https://victoria.craigslist.org/ctd/d/surrey-east-2018-mercedes-gla-250-4matic/7883257430.html,2018 Mercedes GLA 250 4Matic,craigslist_victoria.csv
victoria,2016,Dodge,Journey,12869.0,,150000,other,automatic,https://victoria.craigslist.org/ctd/d/surrey-east-2016-dodge-journey-sxt/7883257436.html,2016 Dodge Journey SXT,craigslist_victoria.csv
victoria,2019,Ram,1500 Classic,29869.0,,98000,other,automatic,https://victoria.craigslist.org/ctd/d/surrey-east-2019-ram-1500-classic-slt/7883257061.html,2019 Ram 1500 Classic SLT 4X4 6''4 Box,craigslist_victoria.csv
victoria,2019,Chevrolet,Equinox,21869.0,,110000,other,automatic,https://victoria.craigslist.org/ctd/d/surrey-east-2019-chevrolet-equinox/7883257362.html,2019 Chevrolet Equinox Premier AWD,craigslist_victoria.csv
victoria,2018,Land,Rover Discovery Sport,,,178000,other,automatic,https://victoria.craigslist.org/ctd/d/surrey-east-2018-land-rover-discovery/7883257228.html,2018 Land Rover Discovery Sport HSE,craigslist_victoria.csv
victoria,2019,Hyundai,Elantra,,,57000,other,automatic,https://victoria.craigslist.org/ctd/d/surrey-east-2019-hyundai-elantra/7884009488.html,2019 Hyundai Elantra Preferred,craigslist_victoria.csv
victoria,2017,Ram,1500,,,138000,diesel,automatic,https://victoria.craigslist.org/ctd/d/surrey-east-2017-ram-1500-crew-cab/7884007107.html,2017 Ram 1500 Crew Cab Laramie Ecodiesel,craigslist_victoria.csv
victoria,2014,Volkswagen,Touareg,12869.0,,317000,diesel,automatic,https://victoria.craigslist.org/ctd/d/surrey-east-2014-volkswagen-touareg-tdi/7883257122.html,2014 Volkswagen Touareg TDI Sport,craigslist_victoria.csv
victoria,2018,Ram,1500,,,172000,diesel,automatic,https://victoria.craigslist.org/ctd/d/surrey-east-2018-ram-1500-crew-cab/7883257388.html,2018 Ram 1500 Crew Cab Laramie 6''4 Box,craigslist_victoria.csv
victoria,2018,Nissan,Rogue,12869.0,,188000,other,automatic,https://victoria.craigslist.org/ctd/d/surrey-east-2018-nissan-rogue-sv-awd/7883257351.html,2018 Nissan Rogue SV AWD,craigslist_victoria.csv
victoria,2016,Dodge,Journey,,,150000,other,automatic,https://victoria.craigslist.org/ctd/d/surrey-east-2016-dodge-journey-sxt/7883257310.html,2016 Dodge Journey SXT,craigslist_victoria.csv
victoria,2016,Mercedes,Benz E-250,,,127000,diesel,automatic,https://victoria.craigslist.org/ctd/d/surrey-east-2016-mercedes-benz-250/7884000986.html,2016 Mercedes Benz E-250 Bluetec 4Matic,craigslist_victoria.csv
victoria,2016,Ram,1500,25869.0,,182000,diesel,automatic,https://victoria.craigslist.org/ctd/d/surrey-east-2016-ram-1500-crew-cab/7884004189.html,2016 Ram 1500 Crew Cab Laramie Longhorn 4X4,craigslist_victoria.csv
victoria,2019,Hyundai,Elantra,19869.0,,57000,other,automatic,https://victoria.craigslist.org/ctd/d/surrey-east-2019-hyundai-elantra/7884009507.html,2019 Hyundai Elantra Preferred,craigslist_victoria.csv
victoria,2018,Jeep,Wrangler Unlimited,,,123000,other,automatic,https://victoria.craigslist.org/ctd/d/surrey-east-2018-jeep-wrangler/7884000816.html,2018 Jeep Wrangler Unlimited Sahara 4X4,craigslist_victoria.csv
victoria,2019,Chevrolet,Equinox,,,110000,other,automatic,https://victoria.craigslist.org/ctd/d/surrey-east-2019-chevrolet-equinox/7883257588.html,2019 Chevrolet Equinox Premier AWD,craigslist_victoria.csv
victoria,2016,Ram,1500,,,182000,diesel,automatic,https://victoria.craigslist.org/ctd/d/surrey-east-2016-ram-1500-crew-cab/7884004188.html,2016 Ram 1500 Crew Cab Laramie Longhorn 4X4,craigslist_victoria.csv
victoria,2016,Ram,3500,36869.0,,216000,diesel,automatic,https://victoria.craigslist.org/ctd/d/surrey-east-2016-ram-3500-crew-cab-box/7883995365.html,2016 Ram 3500 Crew Cab 8'' Box Diesel,craigslist_victoria.csv
victoria,2019,Volkswagen,Jetta,,,121000,other,automatic,https://victoria.craigslist.org/ctd/d/surrey-east-2019-volkswagen-jetta/7883257541.html,2019 Volkswagen Jetta Highline 1.4L TSI,craigslist_victoria.csv
victoria,2022,Aston,Martin Vantage,199869.0,,7000,other,automatic,https://victoria.craigslist.org/ctd/d/surrey-east-2022-aston-martin-vantage/7887059196.html,2022 Aston Martin Vantage F1 Edition,craigslist_victoria.csv
victoria,2019,Audi,Q8,43869.0,,92000,other,other,https://victoria.craigslist.org/ctd/d/surrey-east-2019-audi-q8-prestige-55/7887056173.html,2019 Audi Q8 Prestige 55 TFSI Quattro,craigslist_victoria.csv
victoria,2019,Ram,1500,,,174000,diesel,automatic,https://victoria.craigslist.org/ctd/d/surrey-east-2019-ram-1500-slt-4x4-crew/7887056114.html,2019 Ram 1500 SLT 4X4 Crew Cab,craigslist_victoria.csv
victoria,2019,Land,Rover Range Rover,,,86000,diesel,automatic,https://victoria.craigslist.org/ctd/d/surrey-east-2019-land-rover-range-rover/7887059498.html,2019 Land Rover Range Rover Sport TD6,craigslist_victoria.csv
victoria,2022,Aston,Martin Vantage,,,7000,other,automatic,https://victoria.craigslist.org/ctd/d/surrey-east-2022-aston-martin-vantage/7887059239.html,2022 Aston Martin Vantage F1 Edition,craigslist_victoria.csv
victoria,2015,Mercedes,ML350,15869.0,,168000,diesel,automatic,https://victoria.craigslist.org/ctd/d/surrey-east-2015-mercedes-ml350-bluetec/7887057692.html,2015 Mercedes ML350 Bluetec,craigslist_victoria.csv
victoria,2017,Ram,1500,32869.0,,138000,diesel,automatic,https://victoria.craigslist.org/ctd/d/surrey-east-2017-ram-1500-crew-cab/7884007226.html,2017 Ram 1500 Crew Cab Laramie Ecodiesel,craigslist_victoria.csv
victoria,2019,Land,Rover Range Rover,37869.0,,86000,diesel,automatic,https://victoria.craigslist.org/ctd/d/surrey-east-2019-land-rover-range-rover/7887059402.html,2019 Land Rover Range Rover Sport TD6,craigslist_victoria.csv
victoria,2019,Mazda,CX-5,,,41000,other,automatic,https://victoria.craigslist.org/ctd/d/surrey-east-2019-mazda-cx-signature-awd/7883994685.html,2019 Mazda CX-5 Signature AWD,craigslist_victoria.csv
victoria,2021,Hyundai,Elantra,,,67000,other,automatic,https://victoria.craigslist.org/ctd/d/surrey-east-2021-hyundai-elantra/7887059050.html,2021 Hyundai Elantra Preferred W/Sun & Tech Package,craigslist_victoria.csv
victoria,2019,BMW,7 Series,,,66000,other,automatic,https://victoria.craigslist.org/ctd/d/surrey-east-2019-bmw-series-750li-xdrive/7887057723.html,2019 BMW 7 Series 750LI Xdrive,craigslist_victoria.csv
victoria,2021,Hyundai,Elantra,22869.0,,67000,other,automatic,https://victoria.craigslist.org/ctd/d/surrey-east-2021-hyundai-elantra/7887058900.html,2021 Hyundai Elantra Preferred W/Sun & Tech Package,craigslist_victoria.csv
victoria,2021,Ford,F-150,,,101000,other,automatic,https://victoria.craigslist.org/ctd/d/surrey-east-2021-ford-150-lariat-4x4/7887057384.html,2021 Ford F-150 Lariat 4X4 Ecoboost,craigslist_victoria.csv
victoria,2019,BMW,7 Series,54869.0,,66000,other,automatic,https://victoria.craigslist.org/ctd/d/surrey-east-2019-bmw-series-750li-xdrive/7887056871.html,2019 BMW 7 Series 750LI Xdrive,craigslist_victoria.csv
victoria,2018,Jeep,Wrangler Unlimited,27869.0,,123000,other,automatic,https://victoria.craigslist.org/ctd/d/surrey-east-2018-jeep-wrangler/7884000968.html,2018 Jeep Wrangler Unlimited Sahara 4X4,craigslist_victoria.csv
victoria,2019,Ram,1500,26869.0,,174000,diesel,automatic,https://victoria.craigslist.org/ctd/d/surrey-east-2019-ram-1500-slt-4x4-crew/7887057180.html,2019 Ram 1500 SLT 4X4 Crew Cab,craigslist_victoria.csv
victoria,2019,Audi,Q8,,,92000,other,automatic,https://victoria.craigslist.org/ctd/d/surrey-east-2019-audi-q8-prestige-55/7887056932.html,2019 Audi Q8 Prestige 55 TFSI Quattro,craigslist_victoria.csv
victoria,2021,Land,Rover Range Rover,44869.0,,95000,diesel,automatic,https://victoria.craigslist.org/ctd/d/surrey-east-2021-land-rover-range-rover/7887056289.html,2021 Land Rover Range Rover Sport HSE Silver TD6,craigslist_victoria.csv
victoria,2016,MERCEDES-BENZ,GLE,,,134000,diesel,automatic,https://victoria.craigslist.org/ctd/d/surrey-east-2016-mercedes-benz-gle-350d/7887056150.html,2016 MERCEDES-BENZ GLE 350D 4MATIC,craigslist_victoria.csv
victoria,2015,Mercedes,ML350,,,168000,diesel,automatic,https://victoria.craigslist.org/ctd/d/surrey-east-2015-mercedes-ml350-bluetec/7887056230.html,2015 Mercedes ML350 Bluetec,craigslist_victoria.csv
victoria,2018,Land,Rover Discovery Sport,13869.0,,178000,other,automatic,https://victoria.craigslist.org/ctd/d/surrey-east-2018-land-rover-discovery/7883257644.html,2018 Land Rover Discovery Sport HSE,craigslist_victoria.csv
victoria,2018,Nissan,Rogue,,,188000,other,automatic,https://victoria.craigslist.org/ctd/d/surrey-east-2018-nissan-rogue-sv-awd/7883257490.html,2018 Nissan Rogue SV AWD,craigslist_victoria.csv
victoria,2013,HYUNDAI,SANTA FE,6888.0,,217000,gas,automatic,https://victoria.craigslist.org/ctd/d/vancouver-2013-hyundai-santa-fe-sport/7888692851.html,2013 HYUNDAI SANTA FE SPORT Sport Popular / Sport Leather / Sport Tech,craigslist_victoria.csv
victoria,2013,BMW,X5,,,243268,diesel,automatic,https://victoria.craigslist.org/ctd/d/vancouver-2013-bmw-x5-for-sale/7888692131.html,2013 BMW X5 For Sale Vancouver BC,craigslist_victoria.csv
victoria,2012,MINI,COOPER,,,116081,gas,manual,https://victoria.craigslist.org/ctd/d/vancouver-2012-mini-cooper-cooper-for/7888691496.html,2012 MINI COOPER Cooper For Sale Vancouver BC,craigslist_victoria.csv
victoria,2014,MASERATI,QUATROPORTE,18999.0,,105530,gas,automatic,https://victoria.craigslist.org/ctd/d/vancouver-2014-maserati-quatroporte/7888690940.html,2014 MASERATI QUATROPORTE,craigslist_victoria.csv
victoria,2014,BMW,750,,,176390,gas,automatic,https://victoria.craigslist.org/ctd/d/vancouver-2014-bmw-750-xi-for-sale/7888692919.html,2014 BMW 750 XI	For Sale Vancouver BC,craigslist_victoria.csv
victoria,2015,HONDA,CIVIC,,,176201,gas,manual,https://victoria.craigslist.org/ctd/d/vancouver-2015-honda-civic-si-for-sale/7888692726.html,2015 HONDA	CIVIC	SI	For Sale Vancouver BC,craigslist_victoria.csv
victoria,2019,TESLA,MODEL 3,28888.0,,162000,electric,automatic,https://victoria.craigslist.org/ctd/d/vancouver-2019-tesla-model-for-sale/7888692688.html,2019 TESLA MODEL 3 For Sale Vancouver BC,craigslist_victoria.csv
victoria,2012,CHEVROLET,ORLANDO,,,239386,other,automatic,https://victoria.craigslist.org/ctd/d/vancouver-2012-chevrolet-orlando-lt-for/7888692642.html,2012 CHEVROLET ORLANDO LT For Sale Vancouver BC,craigslist_victoria.csv
victoria,2017,HYUNDAI,TUCSON,,,171563,gas,automatic,https://victoria.craigslist.org/ctd/d/vancouver-2017-hyundai-tucson-limited/7888692613.html,2017 HYUNDAI TUCSON LIMITED	For Sale Vancouver BC,craigslist_victoria.csv
victoria,2016,Volkswagen,Jetta,7888.0,,177188,other,manual,https://victoria.craigslist.org/ctd/d/vancouver-2016-volkswagen-jetta-sedan/7888692591.html,2016 Volkswagen Jetta Sedan For Sale Vancouver BC,craigslist_victoria.csv
victoria,2019,TESLA,MODEL 3,,,214257,electric,automatic,https://victoria.craigslist.org/ctd/d/vancouver-2019-tesla-model-for-sale/7888692261.html,2019 TESLA MODEL 3	 For Sale Vancouver BC,craigslist_victoria.csv
victoria,2007,VOLKSWAGEN,EOS,,,116068,gas,manual,https://victoria.craigslist.org/ctd/d/vancouver-2007-volkswagen-eos-20t/7888692139.html,2007 VOLKSWAGEN EOS 2.0T LUXURY For Sale Vancouver BC,craigslist_victoria.csv
victoria,2018,SUBARU,WRX,25888.0,,83138,gas,manual,https://victoria.craigslist.org/ctd/d/vancouver-2018-subaru-wrx-sti-limited/7888692079.html,2018 SUBARU WRX STI LIMITED For Sale Vancouver BC,craigslist_victoria.csv
victoria,2014,BMW,750,14888.0,,176390,gas,automatic,https://victoria.craigslist.org/ctd/d/vancouver-2014-bmw-750-xi-for-sale/7888692078.html,2014 BMW 750 XI For Sale Vancouver BC,craigslist_victoria.csv
victoria,2017,Dodge,Caravan,,,199368,other,automatic,https://victoria.craigslist.org/ctd/d/vancouver-2017-dodge-caravan-regular/7888691654.html,2017 Dodge Caravan Regular For Sale Vancouver BC,craigslist_victoria.csv
victoria,2017,Dodge,Caravan,11999.0,,199368,other,automatic,https://victoria.craigslist.org/ctd/d/vancouver-2017-dodge-caravan-regular/7888691502.html,2017 Dodge Caravan Regular For Sale Vancouver BC,craigslist_victoria.csv
victoria,2014,MASERATI,QUATROPORTE,,,105530,gas,automatic,https://victoria.craigslist.org/ctd/d/vancouver-2014-maserati-quatroporte/7888691316.html,2014 MASERATI QUATROPORTE,craigslist_victoria.csv
victoria,2015,DODGE,DURANGO,,,218784,other,automatic,https://victoria.craigslist.org/ctd/d/vancouver-2015-dodge-durango-limited/7888691258.html,2015 DODGE DURANGO LIMITED,craigslist_victoria.csv
victoria,2015,DODGE,DURANGO,10888.0,,218784,other,automatic,https://victoria.craigslist.org/ctd/d/vancouver-2015-dodge-durango-limited/7888691247.html,2015 DODGE DURANGO LIMITED,craigslist_victoria.csv
victoria,2017,HYUNDAI,TUCSON,12888.0,,171563,gas,automatic,https://victoria.craigslist.org/ctd/d/vancouver-2017-hyundai-tucson-limited/7888691093.html,2017 HYUNDAI TUCSON LIMITED For Sale Vancouver BC,craigslist_victoria.csv
victoria,2014,MINI,COOPER,,,70768,gas,automatic,https://victoria.craigslist.org/ctd/d/vancouver-2014-mini-cooper-hardtop-for/7888690991.html,2014 MINI COOPER HARDTOP	For Sale Vancouver BC,craigslist_victoria.csv
victoria,2017,RAM,1500,,,261624,gas,automatic,https://victoria.craigslist.org/ctd/d/vancouver-2017-ram-1500-sport-for-sale/7885898279.html,2017 RAM 1500 SPORT For Sale Vancouver BC,craigslist_victoria.csv
victoria,2016,FORD,EXPLORER,7888.0,,191193,gas,automatic,https://victoria.craigslist.org/ctd/d/vancouver-2016-ford-explorer-police/7883233060.html,2016 FORD EXPLORER POLICE INTERCEPTOR,craigslist_victoria.csv
victoria,2008,FORD,F350,,,270711,diesel,automatic,https://victoria.craigslist.org/ctd/d/vancouver-2008-ford-f350-srw-super-duty/7887062222.html,2008 FORD F350 SRW SUPER DUTY For Sale Vancouver BC,craigslist_victoria.csv
victoria,2016,Toyota,Prius,13888.0,,149800,other,automatic,https://victoria.craigslist.org/ctd/d/vancouver-2016-toyota-prius-for-sale/7884014235.html,2016 Toyota Prius For Sale Vancouver BC,craigslist_victoria.csv
victoria,2019,TESLA,MODEL 3,18999.0,,214257,electric,automatic,https://victoria.craigslist.org/ctd/d/vancouver-2019-tesla-model-for-sale/7884013261.html,2019 TESLA MODEL 3 For Sale Vancouver BC,craigslist_victoria.csv
victoria,2011,CHEVROLET,CAMARO,,,182375,gas,manual,https://victoria.craigslist.org/ctd/d/vancouver-2011-chevrolet-camaro-ls-for/7887062280.html,2011 CHEVROLET CAMARO LS For Sale Vancouver BC,craigslist_victoria.csv
victoria,2017,HONDA,CIVIC,,,276735,gas,automatic,https://victoria.craigslist.org/ctd/d/vancouver-2017-honda-civic-touring-for/7887062257.html,2017 HONDA	CIVIC TOURING For Sale Vancouver BC,craigslist_victoria.csv
victoria,2013,BMW,X5,12999.0,,243268,diesel,automatic,https://victoria.craigslist.org/ctd/d/vancouver-2013-bmw-x5-for-sale/7884013513.html,2013 BMW X5 For Sale Vancouver BC,craigslist_victoria.csv
victoria,2012,CHEVROLET,ORLANDO,4888.0,,239386,gas,automatic,https://victoria.craigslist.org/ctd/d/vancouver-2012-chevrolet-orlando-lt-for/7883241773.html,2012 CHEVROLET ORLANDO LT For Sale Vancouver BC,craigslist_victoria.csv
victoria,2015,HONDA,CIVIC,13888.0,,176201,gas,manual,https://victoria.craigslist.org/ctd/d/vancouver-2015-honda-civic-si-for-sale/7885898234.html,2015 HONDA CIVIC SI	For Sale Vancouver BC,craigslist_victoria.csv
victoria,2020,FORD,MUSTANG,32888.0,,54479,gas,automatic,https://victoria.craigslist.org/ctd/d/vancouver-2020-ford-mustang-i4/7885898551.html,2020 FORD MUSTANG I4 Convertible For Sale Vancouver BC,craigslist_victoria.csv
victoria,2016,LAND,ROVER RANGE ROVER,29888.0,,132261,diesel,automatic,https://victoria.craigslist.org/ctd/d/vancouver-2016-land-rover-range-rover/7885898339.html,2016 LAND ROVER RANGE ROVER HSE For Sale Vancouver BC,craigslist_victoria.csv
victoria,2016,TOYOTA,PRIUS C,,,148278,hybrid,automatic,https://victoria.craigslist.org/ctd/d/vancouver-2016-toyota-prius-nhp10l-for/7885898257.html,2016 TOYOTA PRIUS C NHP10L For Sale Vancouver BC,craigslist_victoria.csv
victoria,2011,MASERATI,GRANTURISMO,39888.0,,99888,gas,automatic,https://victoria.craigslist.org/ctd/d/vancouver-2011-maserati-granturismo-for/7885898507.html,2011 Maserati	GRANTURISMO S For Sale Vancouver BC,craigslist_victoria.csv
victoria,2017,RAM,1500,19888.0,,261624,gas,automatic,https://victoria.craigslist.org/ctd/d/vancouver-2017-ram-1500-sport-for-sale/7885898289.html,2017 RAM 1500 SPORT For Sale Vancouver BC,craigslist_victoria.csv
victoria,2015,LAND,ROVER RANGE ROVER,33888.0,,119260,other,automatic,https://victoria.craigslist.org/ctd/d/vancouver-2015-land-rover-range-rover/7887060137.html,2015 LAND ROVER RANGE ROVER AUTOBIOGRAPHY,craigslist_victoria.csv
victoria,2015,BMW,X5,18888.0,,192589,diesel,automatic,https://victoria.craigslist.org/ctd/d/vancouver-2015-bmw-x5-xdrive35d-for/7883239663.html,2015 BMW X5 XDRIVE35D For Sale Vancouver BC,craigslist_victoria.csv
victoria,2010,MERCEDES-BENZ,S 450,,,148569,gas,automatic,https://victoria.craigslist.org/ctd/d/vancouver-2010-mercedes-benz-450-4matic/7883234405.html,2010 MERCEDES-BENZ S 450 4MATIC For Sale Vancouver BC,craigslist_victoria.csv
victoria,2015,LAND,ROVER RANGE ROVER,,,119260,other,automatic,https://victoria.craigslist.org/ctd/d/vancouver-2015-land-rover-range-rover/7887060232.html,2015 LAND ROVER RANGE ROVER AUTOBIOGRAPHY,craigslist_victoria.csv
victoria,2007,BMW,750i,,,128945,other,automatic,https://victoria.craigslist.org/ctd/d/vancouver-2009-bmw-750i-for-sale/7883239949.html,2009 BMW 750i For Sale Vancouver BC,craigslist_victoria.csv
victoria,2012,BMW,M6,29888.0,,112197,gas,automatic,https://victoria.craigslist.org/ctd/d/vancouver-2012-bmw-m6-for-sale/7883237970.html,2012 BMW M6 For Sale Vancouver BC,craigslist_victoria.csv
victoria,2008,FORD,F350,16888.0,,270711,diesel,automatic,https://victoria.craigslist.org/ctd/d/vancouver-2008-ford-f350-srw-super-duty/7883234841.html,2008 FORD F350 SRW SUPER DUTY For Sale Vancouver BC,craigslist_victoria.csv
victoria,2020,FORD,MUSTANG,,,54479,gas,automatic,https://victoria.craigslist.org/ctd/d/vancouver-2020-ford-mustang-i4/7883234179.html,2020 FORD MUSTANG I4 Convertible	For Sale Vancouver BC,craigslist_victoria.csv
victoria,2015,BMW,X5,,,192589,diesel,automatic,https://victoria.craigslist.org/ctd/d/vancouver-2015-bmw-x5-xdrive35d-for/7883232857.html,2015 BMW X5 XDRIVE35D For Sale Vancouver BC,craigslist_victoria.csv
victoria,2011,BMW,550,,,99877,gas,automatic,https://victoria.craigslist.org/ctd/d/vancouver-2011-bmw-550-for-sale/7884014265.html,2011 BMW 550 I For Sale Vancouver BC,craigslist_victoria.csv
victoria,2011,MASERATI,GRANTURISMO,,,99888,gas,automatic,https://victoria.craigslist.org/ctd/d/vancouver-2011-maserati-granturismo-for/7884013451.html,2011 Maserati	GRANTURISMO S For Sale Vancouver BC,craigslist_victoria.csv
victoria,2018,DODGE,GRAND CARAVAN,14888.0,,161181,other,automatic,https://victoria.craigslist.org/ctd/d/vancouver-2018-dodge-grand-caravan-gt/7883255159.html,2018 DODGE GRAND CARAVAN GT,craigslist_victoria.csv
victoria,2018,DODGE,GRAND CARAVAN,,,161181,other,automatic,https://victoria.craigslist.org/ctd/d/vancouver-2018-dodge-grand-caravan-gt/7884013891.html,2018 DODGE GRAND CARAVAN GT,craigslist_victoria.csv
victoria,2020,GMC,SIERRA C1500,,,98392,gas,automatic,https://victoria.craigslist.org/ctd/d/vancouver-2020-gmc-sierra-c1500/7887061837.html,2020 GMC SIERRA C1500,craigslist_victoria.csv
victoria,2012,MINI,COOPER,6999.0,,116081,gas,manual,https://victoria.craigslist.org/ctd/d/vancouver-2012-mini-cooper-cooper-for/7887061538.html,2012 MINI COOPER Cooper For Sale Vancouver BC,craigslist_victoria.csv
victoria,2015,NISSAN,ROGUE,,,218519,gas,automatic,https://victoria.craigslist.org/ctd/d/vancouver-2015-nissan-rogue-for-sale/7887061471.html,2015 NISSAN	ROGUE	S For Sale Vancouver BC,craigslist_victoria.csv
victoria,2014,FORD,MUSTANG,9888.0,,167355,gas,manual,https://victoria.craigslist.org/ctd/d/vancouver-2014-ford-mustang/7885898115.html,2014 FORD MUSTANG,craigslist_victoria.csv
victoria,2018,SUBARU,WRX,,,83138,gas,manual,https://victoria.craigslist.org/ctd/d/vancouver-2018-subaru-wrx-sti-limited/7885898084.html,2018 SUBARU WRX STI LIMITED For Sale Vancouver BC,craigslist_victoria.csv
victoria,2013,HYUNDAI,SANTA FE,,,217000,gas,automatic,https://victoria.craigslist.org/ctd/d/vancouver-2013-hyundai-santa-fe-sport/7885898079.html,2013 HYUNDAI SANTA FE SPORT Sport Popular / Sport Leather / Sport Tech,craigslist_victoria.csv
victoria,2014,MINI,COOPER,13888.0,,70768,gas,automatic,https://victoria.craigslist.org/ctd/d/vancouver-2014-mini-cooper-hardtop-for/7885898005.html,2014 MINI COOPER HARDTOP		For Sale Vancouver BC,craigslist_victoria.csv
victoria,2011,CHEVROLET,CAMARO,9999.0,,182375,gas,manual,https://victoria.craigslist.org/ctd/d/vancouver-2011-chevrolet-camaro-ls-for/7885897843.html,2011 CHEVROLET CAMARO LS For Sale Vancouver BC,craigslist_victoria.csv
victoria,2014,FORD,MUSTANG,,,167355,gas,manual,https://victoria.craigslist.org/ctd/d/vancouver-2014-ford-mustang/7885897789.html,2014 FORD MUSTANG,craigslist_victoria.csv
victoria,2012,BMW,M6,,,112197,gas,automatic,https://victoria.craigslist.org/ctd/d/vancouver-2012-bmw-m6-for-sale/7885897753.html,2012 BMW M6 For Sale Vancouver BC,craigslist_victoria.csv
victoria,2007,Toyota,Yaris Hatchback 4dr. Automatic,6998.0,excellent,200210,gas,automatic,https://victoria.craigslist.org/ctd/d/burnaby-2007-toyota-yaris-hatch-back/7889640651.html,2007 Toyota Yaris Hatch Back 4Dr - Automatic,craigslist_victoria.csv
victoria,2018,Nissan,Rogue,17024.0,excellent,155925,gas,automatic,https://victoria.craigslist.org/ctd/d/chilliwack-central-2018-nissan-rogue-sv/7885707224.html,"2018 Nissan Rogue SV AWD SUV: CARPLAY, CLEAN UNIT",craigslist_victoria.csv
victoria,2023,Nissan,Murano,14999.0,excellent,150109,gas,automatic,https://victoria.craigslist.org/ctd/d/chilliwack-central-2014-nissan-murano/7888688542.html,"2014 Nissan Murano SL AWD SUV: BC LOCAL, 1-OWNER",craigslist_victoria.csv
victoria,2018,Dodge,Grand Caravan,21999.0,excellent,135746,gas,automatic,https://victoria.craigslist.org/ctd/d/chilliwack-central-2018-dodge-grand/7886687301.html,2018 Dodge Grand Caravan GT 2WD Minivan: CLEAN CARFAX!,craigslist_victoria.csv
victoria,2016,Jeep,Cherokee North,19999.0,excellent,135480,gas,automatic,https://victoria.craigslist.org/ctd/d/chilliwack-central-2016-jeep-cherokee/7886697230.html,"2016 Jeep Cherokee North 4WD SUV: BC LOCAL, LOW KMS",craigslist_victoria.csv
victoria,2023,Jeep,Wrangler Rubicon,43707.0,excellent,105134,gas,automatic,https://victoria.craigslist.org/ctd/d/chilliwack-central-2023-jeep-wrangler/7887780571.html,2023 Jeep Wrangler Rubicon 4 Door 4x4 SUV: NO ACCIDENTS!,craigslist_victoria.csv
victoria,2023,Nissan,Qashqai,25999.0,excellent,96304,gas,automatic,https://victoria.craigslist.org/ctd/d/chilliwack-central-2023-nissan-qashqai/7886686805.html,"2023 Nissan Qashqai SV CVT AWD SUV: LOCAL, MINT UNIT",craigslist_victoria.csv
victoria,2023,Jeep,Wrangler Unlimited Sport Altitude,36999.0,excellent,93431,gas,automatic,https://victoria.craigslist.org/ctd/d/chilliwack-central-2021-jeep-wrangler/7887282399.html,2021 Jeep Wrangler Unlimited Sport Altitude SUV: CLEAN CARFAX,craigslist_victoria.csv
victoria,2021,Jeep,Compass Trailhawk,28999.0,excellent,88722,gas,automatic,https://victoria.craigslist.org/ctd/d/chilliwack-central-2021-jeep-compass/7888688103.html,"2021 Jeep Compass Trailhawk 4x4 SUV: LOCAL, NO ACCIDENTS",craigslist_victoria.csv
victoria,2022,Jeep,Wagoneer Series III,62999.0,excellent,85428,gas,automatic,https://victoria.craigslist.org/ctd/d/chilliwack-central-2022-jeep-wagoneer/7885706545.html,"2022 Jeep Wagoneer Series III 4x4 SUV: LOCAL, NO ACCIDENTS",craigslist_victoria.csv
victoria,2019,Kia,Sorento,24701.0,excellent,84808,gas,automatic,https://victoria.craigslist.org/ctd/d/chilliwack-central-2019-kia-sorento-ex/7885706674.html,2019 Kia Sorento EX 2.4 AWD SUV: CLEAN CARFAX,craigslist_victoria.csv
victoria,2023,Ram,ProMaster Cargo Van 2500,41984.0,excellent,80923,gas,automatic,https://victoria.craigslist.org/ctd/d/chilliwack-central-2023-ram-promaster/7885709384.html,"2023 Ram ProMaster Cargo Van 2500 High Roof 159"" WB: CLEAN CARFAX",craigslist_victoria.csv
victoria,2022,Ram,1500 Classic Warlock,43051.0,excellent,69659,gas,automatic,https://victoria.craigslist.org/ctd/d/chilliwack-central-2022-ram-1500/7885705930.html,"2022 Ram 1500 Classic Warlock 4x4 Crew Cab 5'7"" Box: LOCAL, LOW KMS",craigslist_victoria.csv
victoria,2023,Audi,Q5 Technik,48998.0,excellent,63166,gas,automatic,https://victoria.craigslist.org/ctd/d/chilliwack-central-2023-audi-q5-technik/7885705674.html,"2023 Audi Q5 Technik 45 TFSI quattro  SUV: S-LINE, LOCAL UNIT",craigslist_victoria.csv
victoria,2023,Ford,Edge Titanium,34999.0,excellent,59111,gas,automatic,https://victoria.craigslist.org/ctd/d/chilliwack-central-2023-ford-edge/7888689233.html,"2023 Ford Edge Titanium AWD SUV: LOCAL, NO ACCIDENTS",craigslist_victoria.csv
victoria,2022,Ram,1500 Classic SLT,37777.0,excellent,58455,gas,automatic,https://victoria.craigslist.org/ctd/d/chilliwack-central-2022-ram-1500/7888687256.html,"2022 Ram 1500 Classic SLT 4x4 Crew Cab 5'7"" Box | CLEAN CARFAX!",craigslist_victoria.csv
victoria,2023,Nissan,Murano Platinum,35999.0,excellent,58355,gas,automatic,https://victoria.craigslist.org/ctd/d/chilliwack-central-2023-nissan-murano/7888687191.html,"2023 Nissan Murano Platinum AWD SUV: LOCAL, LOW KMS!",craigslist_victoria.csv
victoria,2024,BMW,X1,39947.0,excellent,58314,gas,automatic,https://victoria.craigslist.org/ctd/d/chilliwack-central-2024-bmw-x1/7885705490.html,"2024 BMW X1 xDrive28i SAV: SPOTLESS CARFAX, WARRANTY",craigslist_victoria.csv
victoria,2023,GMC,Yukon Denali Ultimate,95462.0,excellent,54495,gas,automatic,https://victoria.craigslist.org/ctd/d/chilliwack-central-2023-gmc-yukon/7886691655.html,"2023 GMC Yukon Denali Ultimate SUV: NO ACCIDENTS, LOW KMS",craigslist_victoria.csv
victoria,2023,Lexus,RX 350,58444.0,excellent,54131,gas,automatic,https://victoria.craigslist.org/ctd/d/chilliwack-central-2023-lexus-rx-350/7888690821.html,"2023 Lexus RX 350 F SPORT 3 SUV: LOW KMS, NO ACCIDENTS!",craigslist_victoria.csv
victoria,2023,Nissan,Kicks,23999.0,excellent,52912,gas,automatic,https://victoria.craigslist.org/ctd/d/chilliwack-central-2023-nissan-kicks-sv/7888686784.html,"2023 Nissan Kicks SV SV FWD SUV: CLEAN TITLE, LOW KMS",craigslist_victoria.csv
victoria,2024,Ford,Escape Platinum,35999.0,excellent,49226,gas,automatic,https://victoria.craigslist.org/ctd/d/chilliwack-central-2024-ford-escape/7888686588.html,2024 Ford Escape Platinum AWD SUV: CLEAN CARFAX,craigslist_victoria.csv
victoria,2024,Ford,Escape,34999.0,excellent,42660,hybrid,automatic,https://victoria.craigslist.org/ctd/d/chilliwack-central-2024-ford-escape/7888686456.html,"2024 Ford Escape PHEV FWD SUV: LOCAL, NO ACCIDENTS",craigslist_victoria.csv
victoria,2023,Mazda,CX-5 Signature,36888.0,excellent,41799,gas,automatic,https://victoria.craigslist.org/ctd/d/chilliwack-central-2023-mazda-cx/7887759140.html,"2023 Mazda CX-5 Signature AWD SUV: LOCAL, LOW KMS",craigslist_victoria.csv
victoria,2023,Ford,F-150 Platinum,69311.0,excellent,40248,gas,automatic,https://victoria.craigslist.org/ctd/d/chilliwack-central-2023-ford-150/7886685077.html,2023 Ford F-150 Platinum 4WD SuperCrew 5.5' Box: ACCIDENT-FREE,craigslist_victoria.csv
victoria,2023,Ram,1500 Classic Warlock,45999.0,excellent,30987,gas,automatic,https://victoria.craigslist.org/ctd/d/chilliwack-central-2023-ram-1500/7888689245.html,"2023 Ram 1500 Classic Warlock 4x4 Quad Cab 6'4"" Box: ACCIDENT-FREE",craigslist_victoria.csv
victoria,2023,Volkswagen,Jetta,26999.0,excellent,29673,gas,automatic,https://victoria.craigslist.org/ctd/d/chilliwack-central-2023-volkswagen/7886677277.html,"2023 Volkswagen Jetta Comfortline Sedan: LOCAL, LOW KMS",craigslist_victoria.csv
victoria,2024,Subrau,Ascent Limited,49782.0,excellent,27131,gas,automatic,https://victoria.craigslist.org/ctd/d/chilliwack-central-2024-subrau-ascent/7885690165.html,"2024 Subrau Ascent Limited AWD SUV: 7-Passenger, NO ACCIDENTS",craigslist_victoria.csv
victoria,2024,Kia,Sorento,43999.0,excellent,22128,gas,automatic,https://victoria.craigslist.org/ctd/d/chilliwack-central-2024-kia-sorento-ex/7888685795.html,"2024 Kia Sorento EX AWD SUV: LOCAL, LOW KMS",craigslist_victoria.csv
victoria,2018,Ford,EcoSport Titanium,22342.0,excellent,21874,gas,automatic,https://victoria.craigslist.org/ctd/d/chilliwack-central-2018-ford-ecosport/7888691081.html,"2018 Ford EcoSport Titanium 4WD SUV: 1-OWNER, LOW KMS!",craigslist_victoria.csv
victoria,2024,Audi,Q8 e-tron,68802.0,excellent,21303,electric,automatic,https://victoria.craigslist.org/ctd/d/chilliwack-central-2024-audi-q8-tron/7885688540.html,"2024 Audi Q8 e-tron quattro SUV: LOW LOW KMS, BC LOCAL",craigslist_victoria.csv
victoria,2024,Volkswagen,Tiguan Highline R-Line,40009.0,excellent,20800,gas,automatic,https://victoria.craigslist.org/ctd/d/chilliwack-central-2024-volkswagen/7888690935.html,2024 Volkswagen Tiguan Highline R-Line 4MOTION SUV: MFR WARRANTY!,craigslist_victoria.csv
victoria,2022,Ram,3500 Laramie,69999.0,excellent,20266,gas,automatic,https://victoria.craigslist.org/ctd/d/chilliwack-central-2022-ram-3500/7888689187.html,"2022 Ram 3500 Laramie HEMI® V8 4x4 Crew Cab 6'4"" Box: LOW LOW KMS",craigslist_victoria.csv
victoria,2024,GMC,Canyon AT4X,67999.0,like new,16408,gas,automatic,https://victoria.craigslist.org/ctd/d/chilliwack-central-2024-gmc-canyon-at4x/7887754455.html,2024 GMC Canyon AT4X 5.14ft Box Length Pickup: LOW LOW KMS!,craigslist_victoria.csv
victoria,2024,Ford,Transit Cargo Van T-250,49999.0,excellent,15922,gas,automatic,https://victoria.craigslist.org/ctd/d/chilliwack-central-2024-ford-transit/7885688146.html,"2024 Ford Transit Cargo Van T-250 130"" Low Rf 9070 GVWR RWD: LOW KMS",craigslist_victoria.csv
victoria,2024,Ford,Bronco Badlands,67777.0,excellent,14160,gas,automatic,https://victoria.craigslist.org/ctd/d/chilliwack-central-2024-ford-bronco/7887754089.html,"2024 Ford Bronco Badlands 4x4 SUV: LOCAL, NO ACCIDENTS!",craigslist_victoria.csv
victoria,2025,Jeep,Compass Altitude,42999.0,excellent,11829,gas,automatic,https://victoria.craigslist.org/ctd/d/chilliwack-central-2025-jeep-compass/7888685362.html,"2025 Jeep Compass Altitude 4x4 SUV: LOW LOW KMS, NO ACCIDENTS",craigslist_victoria.csv
victoria,2025,Mitsubishi,Outlander,51997.0,excellent,10817,gas,automatic,https://victoria.craigslist.org/ctd/d/chilliwack-central-2025-mitsubishi/7885687998.html,2025 Mitsubishi Outlander Plug-In Hybrid GT S-AWC SUV: LIKE NEW!,craigslist_victoria.csv
victoria,2024,Lexus,RX 350h,68888.0,excellent,9221,hybrid,automatic,https://victoria.craigslist.org/ctd/d/chilliwack-central-2024-lexus-rx-350h/7887278929.html,2024 Lexus RX 350h AWD SUV: ULTRA LUXURY | 360 CAMERA | 21 INCH RIMS,craigslist_victoria.csv
victoria,2024,Jeep,Compass Sport,32999.0,excellent,8434,gas,automatic,https://victoria.craigslist.org/ctd/d/chilliwack-central-2024-jeep-compass/7888685053.html,2024 Jeep Compass Sport 4x4 SUV: LOW LOW KMS! LIKE NEW!,craigslist_victoria.csv
victoria,2024,Mazda,CX-50 GT,44637.0,excellent,7470,gas,automatic,https://victoria.craigslist.org/ctd/d/chilliwack-central-2024-mazda-cx-50-gt/7885687865.html,"2024 Mazda CX-50 GT AWD SUV: TONS OF WARRANTY, LOWEST KMS",craigslist_victoria.csv
victoria,2025,Volkswagen,Atlas Cross Sport Execline,57999.0,like new,5997,gas,automatic,https://victoria.craigslist.org/ctd/d/chilliwack-central-2025-volkswagen/7888684867.html,2025 Volkswagen Atlas Cross Sport Execline R-Line SUV: LIKE NEW!,craigslist_victoria.csv
victoria,2023,hyundai,kona,35142.0,excellent,5477,gas,automatic,https://victoria.craigslist.org/ctd/d/chilliwack-central-2023-hyundai-kona/7887278705.html,2023 Hyundai Kona N 2.0T SUV: LOW LOW KMS! CLEAN CARFAX!,craigslist_victoria.csv
victoria,2024,Jeep,Gladiator Willys,63666.0,like new,1568,gas,automatic,https://victoria.craigslist.org/ctd/d/chilliwack-central-2024-jeep-gladiator/7886670554.html,"2024 Jeep Gladiator Willys 4x4 Pickup: NO ACCIDENTS, LOW LOW KMS",craigslist_victoria.csv
victoria,2025,Ram,3500 Laramie,101999.0,like new,250,diesel,automatic,https://victoria.craigslist.org/ctd/d/chilliwack-central-2025-ram-3500/7886670370.html,2025 Ram 3500 Laramie 4x4 Crew Cab 8' Box:*AS NEW! SAVE $$$s!,craigslist_victoria.csv
victoria,2003,honda,crv ex-l,4250.0,good,276000,gas,automatic,https://victoria.craigslist.org/cto/d/highlands-2003-honda-cr-ex-auto-awd/7889625882.html,2003 Honda CR-V EX-L Auto AWD 276k kms,craigslist_victoria.csv
victoria,2004,ford,explorer xlt 4x4 suv,5995.0,excellent,1,gas,automatic,https://victoria.craigslist.org/ctd/d/langley-2004-ford-explorer-xlt-4x4/7889610824.html,2004 Ford Explorer XLT 4x4 Automatic 7 Passenger lots of new parts,craigslist_victoria.csv
victoria,2016,Kia,Soul,10900.0,excellent,70559,gas,manual,https://victoria.craigslist.org/cto/d/victoria-2016-kia-soul-lx/7889575668.html,2016 Kia Soul LX,craigslist_victoria.csv
victoria,2013,Fiat,500 Sport,7888.0,excellent,94138,gas,automatic,https://victoria.craigslist.org/ctd/d/coquitlam-2013-fiat-500-sport-hatchback/7888820088.html,2013 Fiat 500 Sport Hatchback,craigslist_victoria.csv
victoria,2023,Kia,Niro Wave,22888.0,like new,101120,electric,automatic,https://victoria.craigslist.org/ctd/d/coquitlam-2023-kia-niro-ev-wave/7888419475.html,2023 Kia Niro EV Wave,craigslist_victoria.csv
victoria,1994,Acura,Integra RS Coupe,7888.0,excellent,86008,gas,manual,https://victoria.craigslist.org/ctd/d/coquitlam-1994-acura-integra-rs-2door/7888430413.html,1994 Acura Integra RS 2Door Coupe - Manual,craigslist_victoria.csv
victoria,2007,Toyota,4-Runner SR5 Sport Edition,18988.0,excellent,151880,gas,automatic,https://victoria.craigslist.org/ctd/d/coquitlam-2007-toyota-4runner-sr5-sport/7882327979.html,2007 TOYOTA 4RUNNER SR5 Sport Edition 4WD,craigslist_victoria.csv
victoria,2022,Nissan,Sentra Grade SV,17888.0,excellent,54948,gas,automatic,https://victoria.craigslist.org/ctd/d/coquitlam-2022-nissan-sentra-sv-door/7885657806.html,2022 Nissan Sentra SV 4 Door Sedan,craigslist_victoria.csv
victoria,2010,Honda,CR-V EX,11999.0,excellent,191236,gas,automatic,https://victoria.craigslist.org/ctd/d/coquitlam-2010-honda-cr-4wd/7885086672.html,2010 Honda CR-V 4WD,craigslist_victoria.csv
victoria,2004,Toyota,Camry LE,5888.0,excellent,216395,gas,automatic,https://victoria.craigslist.org/ctd/d/coquitlam-2004-toyota-camry-le-v6/7883058631.html,2004 Toyota Camry LE V6,craigslist_victoria.csv
victoria,2012,Volkswagen,Jetta SportWagen,5988.0,excellent,210577,gas,automatic,https://victoria.craigslist.org/ctd/d/coquitlam-2012-volkswagen-golf-sport/7885086250.html,2012 Volkswagen Golf Sport Wagon 2.5 SE,craigslist_victoria.csv
victoria,2011,Toyota,Sienna,13988.0,excellent,195869,gas,automatic,https://victoria.craigslist.org/ctd/d/coquitlam-2011toyota-sienna-passenger/7882495472.html,2011Toyota Sienna 7 Passenger Sport Van,craigslist_victoria.csv
victoria,2011,Honda,CR-V 4WD,12888.0,excellent,185969,gas,automatic,https://victoria.craigslist.org/ctd/d/coquitlam-2011-honda-cr-4wd/7884019504.html,2011 Honda CR-V 4WD,craigslist_victoria.csv
victoria,2019,Toyota,RAV4 LE AWD Hybrid,26988.0,excellent,134282,hybrid,automatic,https://victoria.craigslist.org/ctd/d/coquitlam-2019-toyota-rav4-le-4wd-hybrid/7884512299.html,2019 Toyota RAV4 LE 4WD HYBRID,craigslist_victoria.csv
victoria,2015,Mercedes-Benz,GLA250 4Matic AWD,14988.0,excellent,142141,gas,automatic,https://victoria.craigslist.org/ctd/d/coquitlam-2015-mercedes-benz-gla250/7884512019.html,2015 Mercedes Benz GLA250 4Matic AWD,craigslist_victoria.csv
victoria,2020,Toyota,Tacoma 4WD Access Cab SR5,25988.0,excellent,225045,gas,automatic,https://victoria.craigslist.org/ctd/d/coquitlam-2020-toyota-tacoma-sr5-access/7881016747.html,2020 Toyota Tacoma SR5 Access Cab 4WD 6.6FT. Box,craigslist_victoria.csv
victoria,2011,Honda,Accord EX-Leather Sedan Automatic,7888.0,excellent,226266,gas,automatic,https://victoria.craigslist.org/ctd/d/coquitlam-2011-honda-accord-4dr-sedan/7882508746.html,2011 Honda Accord 4Dr Sedan EX-Leather,craigslist_victoria.csv
victoria,2011,Toyota,Venza AWD,13888.0,excellent,164774,gas,automatic,https://victoria.craigslist.org/ctd/d/coquitlam-2011-toyota-venza-awd/7882506773.html,2011 Toyota Venza AWD,craigslist_victoria.csv
victoria,2013,Toyota,Venza LE AWD,12888.0,excellent,149500,gas,automatic,https://victoria.craigslist.org/ctd/d/coquitlam-2013-toyota-venza-le-awd/7882506289.html,2013 Toyota Venza LE AWD,craigslist_victoria.csv
victoria,1992,ford,ranger,900.0,,300000,gas,manual,https://victoria.craigslist.org/cto/d/central-saanich-1992-ford-ranger/7889542286.html,1992 Ford Ranger,craigslist_victoria.csv
victoria,2004,Honda,Accord EX-Leather Interior,4995.0,excellent,287690,gas,automatic,https://victoria.craigslist.org/ctd/d/coquitlam-2004-honda-accord-ex-leather/7882587097.html,2004 Honda Accord EX-Leather 4 Door Sedan,craigslist_victoria.csv
victoria,2008,Honda,Civic 2Door Coupe,7988.0,excellent,162164,gas,automatic,https://victoria.craigslist.org/ctd/d/coquitlam-2008-honda-civic-door-coupe/7884721557.html,2008 Honda Civic 2 Door Coupe Automatic,craigslist_victoria.csv
victoria,2010,smart,Fortwo Cabriolet {Convertible},5999.0,excellent,121669,gas,automatic,https://victoria.craigslist.org/ctd/d/coquitlam-2010-smart-fortwo-passion/7887204509.html,2010 Smart Fortwo Passion Cabriolet,craigslist_victoria.csv
victoria,2009,Mazda,Mazda3 S Sport Automatic,5988.0,excellent,225185,gas,automatic,https://victoria.craigslist.org/ctd/d/coquitlam-2009-mazda-mazda3-sport/7885658909.html,2009 Mazda Mazda3 S Sport Automatic,craigslist_victoria.csv
victoria,2005,Ford,Ranger Extended Cab,10998.0,excellent,159595,gas,automatic,https://victoria.craigslist.org/ctd/d/coquitlam-2005-ford-ranger-ext-cab-rwd/7881018054.html,2005 Ford Ranger Ext. Cab RWD,craigslist_victoria.csv
victoria,2011,ford,escape,6995.0,excellent,162381,gas,automatic,https://victoria.craigslist.org/ctd/d/coquitlam-2011-ford-escape-xlt-25l-4cyl/7888911184.html,2011 Ford Escape XLT 2.5L 4Cyl Local No accident Clean escape,craigslist_victoria.csv
victoria,2013,Nissan,Sentra SV SEDAN,8888.0,excellent,137289,gas,automatic,https://victoria.craigslist.org/ctd/d/esquimalt-2013-nissan-sentra-sv-fuel/7889518084.html,"2013 Nissan Sentra SV (FUEL SAVING SEDAN, SUPER LOW 137 KMS, LOADED!!!",craigslist_victoria.csv
victoria,2008,ford,f-150,11000.0,good,212000,gas,automatic,https://victoria.craigslist.org/cto/d/victoria-2008-150-supercrew/7889518004.html,2008 f-150 supercrew,craigslist_victoria.csv
victoria,2016,Kia,Soul EX+,11500.0,excellent,110469,gas,automatic,https://victoria.craigslist.org/ctd/d/pitt-meadows-2016-kia-soul-5dr-wgn-auto/7886766455.html,2016 Kia Soul 5dr Wgn Auto EX+,craigslist_victoria.csv
victoria,2017,Volkswagen,Jetta SE,17500.0,excellent,43122,gas,manual,https://victoria.craigslist.org/ctd/d/pitt-meadows-2017-volkswagen-jetta/7887167896.html,2017 Volkswagen Jetta Wolfsburg Edition - Manual Shift - Low Kms,craigslist_victoria.csv
victoria,2021,Nissan,Kicks Grade SR,22500.0,excellent,43419,gas,automatic,https://victoria.craigslist.org/ctd/d/pitt-meadows-2021-nissan-kicks-sr-fwd/7887163234.html,2021 Nissan Kicks SR FWD - Great Commuter,craigslist_victoria.csv
victoria,2018,Jeep,Compass Trailhawk,23500.0,good,79401,gas,automatic,https://victoria.craigslist.org/ctd/d/pitt-meadows-2018-jeep-compass/7887123663.html,2018 Jeep Compass Trailhawk 4x4 - low kilometers for the year!,craigslist_victoria.csv
victoria,2023,Kia,Soul EX,25900.0,excellent,15216,gas,automatic,https://victoria.craigslist.org/ctd/d/pitt-meadows-2023-kia-soul-ex-low/7886751078.html,2023 Kia Soul EX - Low Kilometers!,craigslist_victoria.csv
victoria,2023,KIA,Forte EX+ Sedan,24500.0,excellent,67925,gas,automatic,https://victoria.craigslist.org/ctd/d/pitt-meadows-2023-kia-forte-ex-sedan/7886757243.html,2023 Kia Forte EX+ Sedan - Sunroof,craigslist_victoria.csv
victoria,2023,kia,sportage ex premium,29995.0,excellent,80350,gas,automatic,https://victoria.craigslist.org/ctd/d/pitt-meadows-2023-kia-sportage-ex/7882413520.html,2023 Kia Sportage EX Premium AWD,craigslist_victoria.csv
victoria,2024,Kia,Carnival LX+,42900.0,excellent,49792,gas,automatic,https://victoria.craigslist.org/ctd/d/pitt-meadows-2024-kia-carnival-lx-fwd/7886729812.html,2024 Kia Carnival LX+ FWD - Power liftgate and side slides,craigslist_victoria.csv
victoria,2024,Chevrolet,Colorado Trail Boss,48000.0,like new,28009,gas,automatic,https://victoria.craigslist.org/ctd/d/pitt-meadows-2024-chevrolet-colorado/7886888776.html,2024 Chevrolet Colorado 4WD Crew Cab Trail Boss,craigslist_victoria.csv
victoria,2023,Kia,EV6 GT-Line,43000.0,excellent,53284,electric,automatic,https://victoria.craigslist.org/ctd/d/pitt-meadows-2023-kia-ev6-awd-long/7889024097.html,2023 Kia EV6 AWD Long Range w-GT-Line Pkg One,craigslist_victoria.csv
victoria,2023,kia,seltos ex premium awd,27800.0,excellent,62689,gas,automatic,https://victoria.craigslist.org/ctd/d/pitt-meadows-2023-kia-seltos-ex-premium/7889024180.html,2023 Kia Seltos EX Premium AWD,craigslist_victoria.csv
victoria,2021,Kia,Seltos LX AWD,20500.0,excellent,84682,gas,automatic,https://victoria.craigslist.org/ctd/d/pitt-meadows-2021-kia-seltos-lx-awd/7886757983.html,2021 Kia Seltos LX AWD - Great on Fuel,craigslist_victoria.csv
victoria,2020,Kia,Soul EX Limited,18900.0,excellent,114971,gas,automatic,https://victoria.craigslist.org/ctd/d/pitt-meadows-2020-kia-soul-ex-limited/7886761274.html,2020 Kia Soul EX Limited - Great Options here,craigslist_victoria.csv
victoria,2023,Subaru,Outback Limited XT,38888.0,like new,28351,gas,automatic,https://victoria.craigslist.org/ctd/d/richmond-2023-subaru-outback-limited-xt/7889506953.html,2023 Subaru Outback Limited XT - Good Price -,craigslist_victoria.csv
victoria,2019,Honda,Civic Touring,21995.0,excellent,102147,gas,automatic,https://victoria.craigslist.org/ctd/d/burnaby-2019-honda-civic-sedan-touring/7887973486.html,"2019 Honda Civic Sedan Touring - Local,  No Accident, Leather seats, N",craigslist_victoria.csv
victoria,2020,Honda,Accord Touring,31495.0,like new,32515,gas,automatic,https://victoria.craigslist.org/ctd/d/burnaby-2020-honda-accord-sedan-touring/7888340909.html,"2020 Honda Accord Sedan Touring - Local, One Owner,NO accidents, Navig",craigslist_victoria.csv
victoria,2017,Honda,Civic LX,19995.0,excellent,75540,gas,automatic,https://victoria.craigslist.org/ctd/d/burnaby-2017-honda-civic-sedan-lx-no/7887459055.html,"2017 Honda Civic Sedan LX  - No accidents, full service record ,  Appl",craigslist_victoria.csv
victoria,2024,Kia,Niro Wave,48000.0,like new,1284,electric,automatic,https://victoria.craigslist.org/ctd/d/pitt-meadows-2024-kia-niro-ev-wave-fwd/7889506246.html,2024 Kia Niro EV Wave FWD - Top Trim,craigslist_victoria.csv
victoria,2023,nissan,qashqai sv,27900.0,like new,34310,gas,automatic,https://victoria.craigslist.org/ctd/d/pitt-meadows-2023-nissan-qashqai-awd-sv/7888614208.html,2023 Nissan Qashqai AWD SV - low kilometers,craigslist_victoria.csv
victoria,2023,Kia,Telluride X-Pro SUV,51000.0,excellent,30691,gas,automatic,https://victoria.craigslist.org/ctd/d/pitt-meadows-2023-kia-telluride-pro-awd/7888601464.html,2023 Kia Telluride X-Pro AWD w-Terracotta Brown Interior,craigslist_victoria.csv
victoria,2019,kia,niro l,19900.0,excellent,49110,hybrid,automatic,https://victoria.craigslist.org/ctd/d/pitt-meadows-2019-kia-niro-hybrid-fwd/7888602446.html,2019 Kia Niro HYBRID L FWD,craigslist_victoria.csv
victoria,2016,Audi,Q5 2.0T quattro Progressiv,19995.0,excellent,88803,gas,automatic,https://victoria.craigslist.org/ctd/d/burnaby-2016-audi-q5-quattro-20t/7886249981.html,"2016 Audi Q5 quattro 2.0T Progressiv - Local, One owner, lower mileage",craigslist_victoria.csv
victoria,2016,BMW,X5 edrive plug in hybrid Xdrive40e,27495.0,excellent,65551,hybrid,automatic,https://victoria.craigslist.org/ctd/d/burnaby-2016-bmw-x5-edrive-plug-in/7882437266.html,"2016 BMW X5 edrive plug in hybrid AWD 4dr xDrive40e- Local, Low mileag",craigslist_victoria.csv
victoria,2023,Honda,Civic Sport,29995.0,like new,23525,gas,automatic,https://victoria.craigslist.org/ctd/d/burnaby-2023-honda-civic-sedan-sport/7881468936.html,"2023 Honda Civic  Sedan Sport  w/Honda Sensing - sunroof, One owner,",craigslist_victoria.csv
victoria,2019,nissan,rogue sl awd,22495.0,excellent,91807,gas,automatic,https://victoria.craigslist.org/ctd/d/burnaby-2019-nissan-rogue-sl-awd/7888895306.html,"2019 Nissan Rogue SL AWD - Navigation, Leather seats, 360 backup camer",craigslist_victoria.csv
victoria,2025,Nissan,Kicks SV Premium AWD,29995.0,like new,231,gas,automatic,https://victoria.craigslist.org/ctd/d/burnaby-2025-nissan-kicks-sv-premium/7885820464.html,"2025 Nissan Kicks SV Premium  AWD - Local,One owner,  No accidents, Al",craigslist_victoria.csv
victoria,2024,Honda,CR-V Sport Touring hybrid,44995.0,like new,44495,hybrid,automatic,https://victoria.craigslist.org/ctd/d/burnaby-2024-honda-cr-touring-hybrid/7886793161.html,"2024 Honda CR-V Touring  Hybrid AWD - One owner, No accidents, Navigat",craigslist_victoria.csv
victoria,2023,jeep,wrangler sahara 4x4,41995.0,like new,65747,gas,automatic,https://victoria.craigslist.org/ctd/d/burnaby-2023-jeep-wrangler-unlimited/7886902235.html,"2023 Jeep Wrangler  Unlimited Sahara 4x4 -  Local, No accident,  Leath",craigslist_victoria.csv
victoria,2024,Honda,CR-V EX-L,41995.0,like new,16605,gas,automatic,https://victoria.craigslist.org/ctd/d/burnaby-2024-honda-cr-ex-awd-almost-new/7887419406.html,"2024 Honda CR-V EX-L AWD Almost new-Local, One owner,, Leather,Sunroof",craigslist_victoria.csv
victoria,2022,Ford,Maverick Lariat supercrew awd,29995.0,excellent,114911,gas,automatic,https://victoria.craigslist.org/ctd/d/burnaby-2022-ford-maverick-lariat/7887940329.html,"2022 Ford Maverick LARIAT supercrew  AWD - No accident,  WELL EQUIPPED",craigslist_victoria.csv
victoria,2023,Honda,Civic Sport,30495.0,like new,14370,gas,automatic,https://victoria.craigslist.org/ctd/d/burnaby-2023-honda-civic-sedan-sport/7888898597.html,"2023 Honda Civic  Sedan Sport  w/Honda Sensing - No accident,  sunroof",craigslist_victoria.csv
victoria,2023,Honda,Civic Si / SI Manual,26995.0,like new,17941,gas,manual,https://victoria.craigslist.org/ctd/d/burnaby-2023-honda-civic-si-sedan/7888913671.html,"2023  Honda Civic Si Sedan Manual - Local, ONE OWNER, Must See - Burna",craigslist_victoria.csv
victoria,2023,Toyota,Corolla,25295.0,excellent,54848,gas,automatic,https://victoria.craigslist.org/ctd/d/richmond-northeast-2023-toyota-corolla/7889496157.html,"2023 Toyota Corolla LE Sedan: BC LOCAL, LOW KMS",craigslist_victoria.csv
victoria,2022,Genesis,G70 3.3T Advanced,33995.0,excellent,54000,gas,automatic,https://victoria.craigslist.org/ctd/d/richmond-northeast-2022-genesis-g70-33t/7889494482.html,"2022 Genesis G70 3.3T Advanced AWD SUV: 1-OWNER, LOCAL",craigslist_victoria.csv
victoria,2023,Hyundai,IONIQ 5,41295.0,excellent,17300,electric,automatic,https://victoria.craigslist.org/ctd/d/richmond-northeast-2023-hyundai-ioniq/7889492749.html,2023 Hyundai IONIQ 5 Preferred RWD Hatchback Long Range: CLEAN TITLE,craigslist_victoria.csv
victoria,2022,Tesla,Model Y Performance,49995.0,excellent,35600,electric,automatic,https://victoria.craigslist.org/ctd/d/richmond-northeast-2022-tesla-model/7889491327.html,"2022 Tesla Model Y Performance AWD SUV: 1-OWNER, LOW KMS",craigslist_victoria.csv
victoria,2022,Hyundai,Santa Fe,33495.0,excellent,67800,hybrid,automatic,https://victoria.craigslist.org/ctd/d/richmond-northeast-2022-hyundai-santa/7889483330.html,"2022 Hyundai Santa Fe Plug-In Hybrid Luxury AWD SUV: LOCAL, 1-OWNER",craigslist_victoria.csv
victoria,2025,Genesis,G70 3.3T Sport,59600.0,like new,9238,gas,automatic,https://victoria.craigslist.org/ctd/d/richmond-northeast-2025-genesis-g70-33t/7889480820.html,"2025 Genesis G70 3.3T Sport AWD Sedan: LOW LOW KMS, LIKE NEW",craigslist_victoria.csv
victoria,2011,chevrolet,silverado 1500,13000.0,excellent,12346,gas,automatic,https://victoria.craigslist.org/cto/d/central-island-2011-chev-silverado/7879993110.html,2011 CHEV SILVERADO,craigslist_victoria.csv
victoria,2008,Lexus,GX 470 4WD,9995.0,excellent,256112,gas,automatic,https://victoria.craigslist.org/ctd/d/coquitlam-2008-lexus-gx-470-4wd/7889433546.html,2008 Lexus GX 470 4WD,craigslist_victoria.csv
victoria,2014,vw,tiguan,5500.0,good,240900,gas,automatic,https://victoria.craigslist.org/cto/d/victoria-2014-vw-tiguan-km/7889425043.html,2014 VW Tiguan - 240900km.,craigslist_victoria.csv
victoria,1998,MITSUBISHI,DELICA L400 4WD,9995.0,good,206309,gas,automatic,https://victoria.craigslist.org/ctd/d/parksville-right-had-drive-imported/7883767941.html,"Right Had Drive, Imported From Japan, 1998 MITSUBISHI DELICA L400",craigslist_victoria.csv
victoria,2011,Subaru,Outback,5800.0,,290898,gas,manual,https://victoria.craigslist.org/cto/d/victoria-south-2011-subaru-outback-awd/7889401494.html,"2011 Subaru Outback AWD Wgn, Rare 6-Speed, Winter-Ready, Needs Nothing",craigslist_victoria.csv
victoria,2016,dodge,charger,15000.0,good,240000,gas,automatic,https://victoria.craigslist.org/cto/d/victoria-dodge-charger-widebody/7885405622.html,Dodge charger widebody,craigslist_victoria.csv
victoria,1934,Plymouth,?,28500.0,excellent,1234,gas,manual,https://victoria.craigslist.org/cto/d/duncan-1934-plymouth-sedan/7878584547.html,1934 Plymouth Sedan,craigslist_victoria.csv
victoria,2005,honda,civic,6999.0,excellent,340000,gas,automatic,https://victoria.craigslist.org/cto/d/metchosin-honda-civic-2005/7889388072.html,Honda Civic 2005,craigslist_victoria.csv
victoria,2019,Audi,A3 Cabriolet Prestige,35998.0,,67862,gas,automatic,https://victoria.craigslist.org/ctd/d/courtenay-2019-audi-a3-cabriolet/7889385423.html,2019 Audi A3 Cabriolet Prestige | Crash Avoidance | Navigation System,craigslist_victoria.csv
victoria,2025,Honda,Ridgeline Black Edition,58998.0,,6026,gas,automatic,https://victoria.craigslist.org/ctd/d/courtenay-2025-honda-ridgeline-black/7889383459.html,2025 Honda Ridgeline Black Edition | Accident Free | Navigation System,craigslist_victoria.csv
victoria,2023,Volvo,XC40 B5 Ultimate,46800.0,like new,17398,hybrid,automatic,https://victoria.craigslist.org/ctd/d/nanaimo-north-like-new-volvo-xc40-b5/7889379192.html,LIKE NEW Volvo XC40 B5 AWD Ultimate Bright Theme,craigslist_victoria.csv
victoria,2025,Honda,CRV Hybrid EX-L,47998.0,,19860,hybrid,automatic,https://victoria.craigslist.org/ctd/d/courtenay-2025-honda-crv-hybrid-ex/7889377294.html,2025 Honda CRV Hybrid EX-L | Accident Free | One Owner,craigslist_victoria.csv
victoria,2018,Honda,Civic Coupe SI,29998.0,,62371,gas,manual,https://victoria.craigslist.org/ctd/d/courtenay-2018-honda-civic-coupe-si-one/7889377177.html,2018 Honda Civic Coupe SI | One Owner | Crash Avoidance,craigslist_victoria.csv
victoria,2022,Dodge,Durango Citadel,46998.0,,60932,gas,automatic,https://victoria.craigslist.org/ctd/d/courtenay-2022-dodge-durango-citadel/7889377060.html,2022 Dodge Durango Citadel | Accident Free | Crash Avoidance,craigslist_victoria.csv
victoria,2018,Kia,Sportage EX,15998.0,,140397,gas,automatic,https://victoria.craigslist.org/ctd/d/courtenay-2018-kia-sportage-ex-accident/7889376954.html,2018 Kia Sportage EX | Accident Free | One Owner,craigslist_victoria.csv
victoria,2016,Audi,A7 3.0T Technik,25998.0,,136236,gas,automatic,https://victoria.craigslist.org/ctd/d/courtenay-2016-audi-a7-30t-technik/7889376735.html,2016 Audi A7 3.0T Technik | Crash Avoidance | Navigation System,craigslist_victoria.csv
victoria,2019,Honda,CRV EX-L,29998.0,,130954,gas,automatic,https://victoria.craigslist.org/ctd/d/courtenay-2019-honda-crv-ex-crash/7889375656.html,2019 Honda CRV EX-L | Crash Avoidance | Leather Interior,craigslist_victoria.csv
victoria,2021,Cadillac,XT5 Premium Luxury,41998.0,,74694,gas,automatic,https://victoria.craigslist.org/ctd/d/courtenay-2021-cadillac-xt5-premium/7889375431.html,2021 Cadillac XT5 Premium Luxury | Accident Free | Navigation System,craigslist_victoria.csv
victoria,2021,Audi,e-tron SUV quattro Premium,47800.0,like new,43200,electric,automatic,https://victoria.craigslist.org/ctd/d/nanaimo-north-beautiful-audi-tron/7888567733.html,Beautiful Audi E-Tron Quattro Progressiv,craigslist_victoria.csv
victoria,2021,Toyota,Corolla L,22998.0,,57638,gas,automatic,https://victoria.craigslist.org/ctd/d/courtenay-2021-toyota-corolla-bluetooth/7889374998.html,2021 Toyota Corolla L | Bluetooth | Crash Avoidance,craigslist_victoria.csv
victoria,2016,Mazda,Mazda3 GS,19998.0,,62801,gas,automatic,https://victoria.craigslist.org/ctd/d/courtenay-2016-mazda-mazda3-gs-accident/7889374957.html,2016 Mazda Mazda3 GS | Accident Free | Navigation System,craigslist_victoria.csv
victoria,2021,Audi,Q8 Progressiv,51998.0,,92671,gas,automatic,https://victoria.craigslist.org/ctd/d/courtenay-2021-audi-q8-progressiv/7889374805.html,2021 Audi Q8 Progressiv | Accident Free | Crash Avoidance,craigslist_victoria.csv
victoria,2022,Acura,TLX Platinum Elite,42998.0,,17773,gas,automatic,https://victoria.craigslist.org/ctd/d/courtenay-2022-acura-tlx-platinum-elite/7889374690.html,2022 Acura TLX Platinum Elite | Accident Free | One Owner,craigslist_victoria.csv
victoria,2025,Toyota,4-Runner,86979.0,like new,2350,hybrid,automatic,https://victoria.craigslist.org/ctd/d/campbell-river-2025-toyota-tacoma-trd/7888800801.html,2025 Toyota Tacoma TRD Off Road Hybrid,craigslist_victoria.csv
victoria,2024,Toyota,Tacoma TRD Off Road,64998.0,,7237,gas,automatic,https://victoria.craigslist.org/ctd/d/courtenay-2024-toyota-tacoma-trd-off/7889374568.html,2024 Toyota Tacoma TRD Off Road | Accident Free | Crash Avoidance,craigslist_victoria.csv
victoria,2023,Chevrolet,Silverado 1500 RST,55999.0,excellent,63050,gas,automatic,https://victoria.craigslist.org/ctd/d/campbell-river-2023-chevrolet-silverado/7886095446.html,2023 Chevrolet Silverado 1500 RST Z71,craigslist_victoria.csv
victoria,2021,Ford,F-150 F-Series,45488.0,excellent,95892,gas,automatic,https://victoria.craigslist.org/ctd/d/campbell-river-2021-150-xlt-302a-sport/7886103420.html,2021 F-150 XLT 302A Sport FX4 – Max Tow,craigslist_victoria.csv
victoria,2022,Ford,F-150 SuperCrew,46932.0,excellent,19650,gas,automatic,https://victoria.craigslist.org/ctd/d/campbell-river-2022-ford-150-xlt-27/7886279991.html,2022 Ford F-150 XLT 2.7 EcoBoost,craigslist_victoria.csv
victoria,2023,Toyota,Tacoma SR5,51999.0,excellent,32300,gas,automatic,https://victoria.craigslist.org/ctd/d/campbell-river-2023-toyota-tacoma-trd/7882467673.html,2023 Toyota Tacoma TRD Off-Road,craigslist_victoria.csv
victoria,2022,Ford,F-150 SuperCrew,59981.0,excellent,45200,gas,automatic,https://victoria.craigslist.org/ctd/d/campbell-river-2022-ford-150-tremor/7882437489.html,2022 Ford F-150 TREMOR,craigslist_victoria.csv
victoria,2019,Audi,Q8 S Line quattro Prestige,44300.0,excellent,71260,gas,automatic,https://victoria.craigslist.org/ctd/d/campbell-river-2019-audi-q8-technik/7887202979.html,2019 Audi Q8 Technik Quattro S-Line,craigslist_victoria.csv
victoria,2010,Nissan,370Z,20999.0,excellent,49607,gas,automatic,https://victoria.craigslist.org/ctd/d/campbell-river-2010-nissan-370z-touring/7879383649.html,2010 Nissan 370Z Touring Sport Auto – LOW KM’s!,craigslist_victoria.csv
victoria,2013,Subaru,Impreza,10980.0,good,209540,gas,automatic,https://victoria.craigslist.org/ctd/d/campbell-river-2013-subaru-impreza-awd/7886308785.html,2013 Subaru Impreza AWD,craigslist_victoria.csv
victoria,2021,Ford,F-350 F-Series Super Duty - Single Rear Wheel,68999.0,excellent,129800,diesel,automatic,https://victoria.craigslist.org/ctd/d/campbell-river-2021-ford-350-lariat/7888837792.html,2021 Ford F-350 Lariat Sport Ultimate Diesel 8ft Box,craigslist_victoria.csv
victoria,2021,kia,forte gt,24888.0,,89297,gas,automatic,https://victoria.craigslist.org/ctd/d/victoria-2021-kia-forte-gt-only-89/7881692630.html,2021 Kia Forte GT — 🔑 Only 89 K! Great Deal - Quick Financing,craigslist_victoria.csv
victoria,2017,Mercedes-Benz,C300-4M,20999.0,excellent,99400,gas,automatic,https://victoria.craigslist.org/ctd/d/campbell-river-2017-mercedes-c300-4matic/7889372258.html,2017 Mercedes C300 4MATIC,craigslist_victoria.csv
victoria,2023,lexus,ux 250h,43888.0,,14473,hybrid,automatic,https://victoria.craigslist.org/ctd/d/victoria-lexus-ux-250h-sport/7881703029.html,Lexus UX 250h F Sport,craigslist_victoria.csv
victoria,2021,maserati,levante,52888.0,,88551,gas,automatic,https://victoria.craigslist.org/ctd/d/victoria-2021-maserati-levante-luxury/7881704393.html,2021 Maserati Levante — Luxury SUV 💎 | Low km | No accidents!,craigslist_victoria.csv
victoria,2020,kia,forte5 ex,18888.0,,65312,gas,automatic,https://victoria.craigslist.org/ctd/d/victoria-2020-kia-forte5-ex-hatchback/7881692251.html,"2020 Kia Forte5 EX Hatchback — Only 65 K! Local BC, No Accidents!",craigslist_victoria.csv
victoria,2019,volkswagen,jetta s,16888.0,,98084,gas,automatic,https://victoria.craigslist.org/ctd/d/victoria-2019-volkswagen-jetta-only-98/7881721537.html,2019 Volkswagen Jetta S — Only 98 K! Great Value & Easy Approval!,craigslist_victoria.csv
victoria,2018,volkswagen,tiguan,19888.0,,116445,gas,automatic,https://victoria.craigslist.org/ctd/d/victoria-2018-volkswagen-tiguan-se/7883665446.html,2018 Volkswagen Tiguan SE 4Motion 🚗 🔑 Flexible financing options,craigslist_victoria.csv
victoria,2018,volkswagen,atlas,20888.0,,120055,gas,automatic,https://victoria.craigslist.org/ctd/d/victoria-2018-volkswagen-atlas-spacious/7881716066.html,2018 Volkswagen Atlas 💎 Spacious 7-Seater — Perfect for Families!,craigslist_victoria.csv
victoria,2017,mitsubishi,mirage g4,9995.0,,123885,gas,automatic,https://victoria.craigslist.org/ctd/d/victoria-2017-mitsubishi-mirage-g4-es/7881708762.html,"2017 Mitsubishi Mirage G4 ES — Affordable, Reliable, and Efficient!",craigslist_victoria.csv
victoria,2017,bmw,x3 xdrive28i,16888.0,,135004,gas,automatic,https://victoria.craigslist.org/ctd/d/victoria-2017-bmw-x3-xdrive28i-suv-awd/7880809562.html,2017 BMW X3 xDrive28i SUV — AWD Luxury 🔷 - Quick Approval!,craigslist_victoria.csv
victoria,2016,jeep,cherokee sport,12888.0,,128078,gas,automatic,https://victoria.craigslist.org/ctd/d/victoria-2016-jeep-cherokee-sport-no/7881690512.html,2016 Jeep Cherokee Sport — No Accidents🚘 - Quick Approval Financing!,craigslist_victoria.csv
victoria,2023,jeep,wrangler rubicon,49888.0,,27813,hybrid,automatic,https://victoria.craigslist.org/ctd/d/victoria-2023-jeep-wrangler-rubicon/7881691248.html,2023 Jeep Wrangler Rubicon — 🔋Hybrid 4x4 - Easy Financing!,craigslist_victoria.csv
victoria,2022,dodge,durango r/t,43888.0,,88765,gas,automatic,https://victoria.craigslist.org/ctd/d/victoria-2022-dodge-durango-t-plus/7880813200.html,2022 Dodge Durango R/T Plus — 💫 Sporty & Powerful - Easy Financing!,craigslist_victoria.csv
victoria,2015,dodge,grand caravan,9995.0,,156085,gas,automatic,https://victoria.craigslist.org/ctd/d/victoria-2015-dodge-grand-caravan/7880812819.html,2015 Dodge Grand Caravan — Family Van 🚐 Easy Financing Available,craigslist_victoria.csv
victoria,2024,nissan,versa s,19995.0,,32155,gas,automatic,https://victoria.craigslist.org/ctd/d/victoria-2024-nissan-versa-no-accidents/7881709971.html,2024 Nissan Versa S — 💫 No Accidents - Easy Financing,craigslist_victoria.csv
victoria,2023,ford,escape active,25888.0,,59459,gas,automatic,https://victoria.craigslist.org/ctd/d/victoria-2023-ford-escape-active-only/7880814362.html,"2023 Ford Escape Active — ⚪ Only 59 K, No Accidents - Easy Financing",craigslist_victoria.csv
victoria,2019,ford,escape sel,19995.0,,90661,gas,automatic,https://victoria.craigslist.org/ctd/d/victoria-2019-ford-escape-sel-low-km/7880815578.html,"2019 Ford Escape SEL — 💥 Low KM AWD - Great Deal, Easy Financing",craigslist_victoria.csv
victoria,2022,tesla,3,36888.0,,104053,electric,automatic,https://victoria.craigslist.org/ctd/d/victoria-2022-tesla-model-electric/7881711303.html,"2022 Tesla Model 3 — 🔋Electric Drive - Great Deal, Easy Financing!",craigslist_victoria.csv
victoria,2018,audi,q3,16888.0,,144532,gas,automatic,https://victoria.craigslist.org/ctd/d/surrey-2018-audi-q3-quattro-great-suv/7883661410.html,"2018 Audi Q3 Quattro — 🖤 Great SUV, Great Price, Easy Financing",craigslist_victoria.csv
victoria,2012,dodge,challenger r/t,19995.0,,121238,gas,automatic,https://victoria.craigslist.org/ctd/d/victoria-2012-dodge-challenger-t-coupe/7880811789.html,2012 Dodge Challenger R/T Coupe — Muscle Icon ♠️ Easy Financing!,craigslist_victoria.csv
victoria,2017,BMW,330i,21500.0,excellent,63500,gas,automatic,https://victoria.craigslist.org/ctd/d/campbell-river-bmw-330i-xdrive-all/7889370923.html,BMW 330i xDrive All-Wheel Drive – LOW KM’s,craigslist_victoria.csv
victoria,2020,gmc,sierra 1500,39888.0,,45715,gas,automatic,https://victoria.craigslist.org/ctd/d/victoria-2020-gmc-sierra-1500-lifted/7888605860.html,2020 GMC Sierra 1500 LIFTED — 🚗 Strong 4x4 Only 45 K - Easy Financing,craigslist_victoria.csv
victoria,2023,ford,escape plug-in hybrid,28888.0,,81091,hybrid,automatic,https://victoria.craigslist.org/ctd/d/victoria-2023-ford-escape-plug-in/7888608886.html,"2023 Ford Escape Plug-In Hybrid — Only 81K! Local BC, No Accidents!",craigslist_victoria.csv
victoria,2016,land,rover range rover sport,22888.0,,131750,gas,automatic,https://victoria.craigslist.org/ctd/d/victoria-2016-land-rover-range-rover/7888614851.html,2016 Land Rover Range Rover Sport — AWD Luxury & Comfort 🛡,craigslist_victoria.csv
montreal,2013,hyundai,elantra gls,4495.0,excellent,155 000,,manuel,https://montreal.craigslist.org/ctd/d/roxboro-2013-hyundai-elantra-coupe-gls/7889753244.html,2013 Hyundai Elantra Coupe GLS 2dr Cpe Man GLS *Ltd Avail*,craigslist_montreal.csv
montreal,2013,MERCEDES,BENZ C300,11495.0,excellent,127 000,,automatique,https://montreal.craigslist.org/ctd/d/roxboro-2013-mercedes-benz-class-300/7889752624.html,2013 Mercedes-Benz C-Class C 300 C 300 4MATIC Sedan,craigslist_montreal.csv
montreal,2009,Nissan,Versa,2995.0,excellent,155 000,,automatique,https://montreal.craigslist.org/ctd/d/roxboro-2009-nissan-versa-18-5dr-hb-i4/7889752519.html,2009 Nissan Versa 1.8 S 5dr HB I4 Auto 1.8 S,craigslist_montreal.csv
montreal,2008,toyota,sienna,3495.0,excellent,255 000,,automatique,https://montreal.craigslist.org/ctd/d/roxboro-2008-toyota-sienna-ce-5dr-pass/7889752425.html,2008 Toyota Sienna CE 5dr 7-Pass Van CE,craigslist_montreal.csv
montreal,2012,hyundai,tuscon awd,5495.0,excellent,159 000,,automatique,https://montreal.craigslist.org/ctd/d/roxboro-2012-hyundai-tucson-gls-awd-4dr/7889752301.html,2012 Hyundai Tucson GLS AWD 4dr I4 Auto GLS,craigslist_montreal.csv
montreal,2006,toyota,avalon xls,3995.0,excellent,159 000,,automatique,https://montreal.craigslist.org/ctd/d/roxboro-2006-toyota-avalon-xls-4dr-sdn/7889752217.html,2006 Toyota Avalon XLS 4dr Sdn XLS,craigslist_montreal.csv
montreal,2011,Ram,1500,9900.0,excellent,138 000,,automatique,https://montreal.craigslist.org/ctd/d/roxboro-2011-ram-1500-sxt-crew-cab-4wd/7889752145.html,2011 RAM 1500 SXT Crew Cab 4WD,craigslist_montreal.csv
montreal,2010,Subaru,Forester,5495.0,excellent,157 000,,automatique,https://montreal.craigslist.org/ctd/d/roxboro-2010-subaru-forester-limited/7889752080.html,2010 Subaru Forester X Limited w/Multimedia Option 5dr Wgn Auto 2.5X L,craigslist_montreal.csv
montreal,2012,audi,a4 quattro,6995.0,excellent,137 000,,automatique,https://montreal.craigslist.org/ctd/d/roxboro-2012-audi-a4-20t-premium-4dr/7889751999.html,2012 Audi A4 2.0T Premium 4dr Sdn Auto quattro 2.0T Premium,craigslist_montreal.csv
montreal,2013,subaru,impreza,4495.0,excellent,213 000,,automatique,https://montreal.craigslist.org/ctd/d/roxboro-2013-subaru-impreza-20i-touring/7889751930.html,2013 Subaru Impreza 2.0i w/Touring Pkg 5dr HB CVT 2.0i w/Touring Pkg,craigslist_montreal.csv
montreal,2012,honda,civic,5995.0,excellent,134 000,,manuel,https://montreal.craigslist.org/ctd/d/roxboro-2012-honda-civic-sdn-lx/7889751832.html,2012 Honda Civic Sdn LX,craigslist_montreal.csv
montreal,2012,toyota,rav4 awd,9900.0,excellent,159 000,,automatique,https://montreal.craigslist.org/ctd/d/roxboro-2012-toyota-rav4-4wd-4dr-i4/7889751739.html,2012 Toyota RAV4  4WD 4dr I4,craigslist_montreal.csv
montreal,2009,audi,q5 premium plus,7495.0,excellent,178 000,,automatique,https://montreal.craigslist.org/ctd/d/roxboro-2009-audi-q5-premium-quattro/7889751588.html,2009 Audi Q5 Premium quattro 4dr 3.2L Premium,craigslist_montreal.csv
montreal,2006,bmw,650i convertible,10495.0,excellent,168 000,,automatique,https://montreal.craigslist.org/ctd/d/roxboro-2006-bmw-series-650ci-cabriolet/7889751483.html,2006 BMW 6 Series 650Ci Cabriolet,craigslist_montreal.csv
montreal,2008,cadillac,cts,4995.0,excellent,159 000,,automatique,https://montreal.craigslist.org/ctd/d/roxboro-2008-cadillac-cts-1sa-4dr-sdn/7889751395.html,2008 Cadillac CTS w/1SA 4dr Sdn w/1SA,craigslist_montreal.csv
montreal,2013,BMW,X3,10495.0,excellent,126 000,,automatique,https://montreal.craigslist.org/ctd/d/roxboro-2013-bmw-x3-28i-awd-4dr-suv/7889751310.html,2013 BMW X3 28i AWD 4dr SUV,craigslist_montreal.csv
montreal,2011,nissan,quest s,6795.0,excellent,158 000,,automatique,https://montreal.craigslist.org/ctd/d/roxboro-2011-nissan-quest-4dr/7889751199.html,2011 Nissan Quest S 4dr S,craigslist_montreal.csv
montreal,2012,chevrolet,equinox,3495.0,excellent,121 000,,automatique,https://montreal.craigslist.org/ctd/d/roxboro-2012-chevrolet-equinox-ls/7889751109.html,2012 Chevrolet Equinox LS,craigslist_montreal.csv
montreal,2007,bmw,3 series,5995.0,excellent,115 000,,automatique,https://montreal.craigslist.org/ctd/d/roxboro-2007-bmw-series-328i-coupe/7889750972.html,2007 BMW 3 Series 328i Coupe,craigslist_montreal.csv
montreal,2023,Toyota,Camry,34995.0,excellent,82 000,,automatique,https://montreal.craigslist.org/ctd/d/roxboro-2023-toyota-camry-hybrid-se/7889097375.html,2023 Toyota Camry Hybrid SE Hybrid SE,craigslist_montreal.csv
montreal,2014,volkswagen,tiguan 4-motion,9900.0,excellent,156 000,,automatique,https://montreal.craigslist.org/ctd/d/roxboro-2014-volkswagen-tiguan/7879112664.html,2014 Volkswagen Tiguan Comfortline 4MOTION 4dr,craigslist_montreal.csv
montreal,2013,hyundai,accent,2995.0,excellent,210 000,,automatique,https://montreal.craigslist.org/ctd/d/roxboro-2013-hyundai-accent-4dr-sdn/7879113200.html,2013 Hyundai Accent 4dr Sdn,craigslist_montreal.csv
montreal,2013,hyundai,elantra gls,4495.0,excellent,155 000,,manuel,https://montreal.craigslist.org/ctd/d/roxboro-2013-hyundai-elantra-coupe-gls/7880344514.html,2013 Hyundai Elantra Coupe GLS 2dr Cpe Man GLS *Ltd Avail*,craigslist_montreal.csv
montreal,2007,bmw,3 series,6495.0,excellent,115 000,,automatique,https://montreal.craigslist.org/ctd/d/roxboro-2007-bmw-series-328i-coupe/7882905983.html,2007 BMW 3 Series 328i Coupe,craigslist_montreal.csv
montreal,2007,MAZDA,CX-7,2795.0,excellent,231 000,,automatique,https://montreal.craigslist.org/ctd/d/roxboro-2007-mazda-cx-gt/7885722688.html,2007 Mazda CX-7 GT,craigslist_montreal.csv
montreal,2012,hyundai,tuscon awd,5495.0,excellent,159 000,,automatique,https://montreal.craigslist.org/ctd/d/roxboro-2012-hyundai-tucson-gls-awd-4dr/7882907292.html,2012 Hyundai Tucson GLS AWD 4dr I4 Auto GLS,craigslist_montreal.csv
montreal,2006,toyota,avalon xls,3995.0,excellent,159 000,,automatique,https://montreal.craigslist.org/ctd/d/roxboro-2006-toyota-avalon-xls-4dr-sdn/7882906888.html,2006 Toyota Avalon XLS 4dr Sdn XLS,craigslist_montreal.csv
montreal,2013,hyundai,elantra gls,4495.0,excellent,155 000,,manuel,https://montreal.craigslist.org/ctd/d/roxboro-2013-hyundai-elantra-coupe-gls/7882909578.html,2013 Hyundai Elantra Coupe GLS 2dr Cpe Man GLS *Ltd Avail*,craigslist_montreal.csv
montreal,2011,nissan,quest s,6995.0,excellent,158 000,,automatique,https://montreal.craigslist.org/ctd/d/roxboro-2011-nissan-quest-4dr/7882908532.html,2011 Nissan Quest S 4dr S,craigslist_montreal.csv
montreal,2010,Subaru,Forester,5495.0,excellent,157 000,,automatique,https://montreal.craigslist.org/ctd/d/roxboro-2010-subaru-forester-limited/7882907414.html,2010 Subaru Forester X Limited w/Multimedia Option 5dr Wgn Auto 2.5X L,craigslist_montreal.csv
montreal,2009,audi,q5 premium plus,7995.0,excellent,178 000,,automatique,https://montreal.craigslist.org/ctd/d/roxboro-2009-audi-q5-premium-quattro/7882906340.html,2009 Audi Q5 Premium quattro 4dr 3.2L Premium,craigslist_montreal.csv
montreal,2002,Toyota,Camry,1995.0,excellent,163 000,,automatique,https://montreal.craigslist.org/ctd/d/roxboro-2002-toyota-camry-le-4dr-sdn-le/7882906723.html,2002 Toyota Camry LE 4dr Sdn LE Auto,craigslist_montreal.csv
montreal,2012,honda,civic,6495.0,excellent,134 000,,manuel,https://montreal.craigslist.org/ctd/d/roxboro-2012-honda-civic-sdn-lx/7882906209.html,2012 Honda Civic Sdn LX,craigslist_montreal.csv
montreal,2013,BMW,X3,10995.0,excellent,126 000,,automatique,https://montreal.craigslist.org/ctd/d/roxboro-2013-bmw-x3-28i-awd-4dr-suv/7882907529.html,2013 BMW X3 28i AWD 4dr SUV,craigslist_montreal.csv
montreal,2008,cadillac,cts,4995.0,excellent,159 000,,automatique,https://montreal.craigslist.org/ctd/d/roxboro-2008-cadillac-cts-1sa-4dr-sdn/7882907735.html,2008 Cadillac CTS w/1SA 4dr Sdn w/1SA,craigslist_montreal.csv
montreal,2010,subaru,impreza 2.5i,4995.0,excellent,159 000,,automatique,https://montreal.craigslist.org/ctd/d/roxboro-2010-subaru-impreza-25i-5dr-hb/7887942672.html,2010 Subaru Impreza 2.5i 5dr HB,craigslist_montreal.csv
montreal,2013,Nissan,Sentra SR,5995.0,excellent,131 000,,automatique,https://montreal.craigslist.org/ctd/d/roxboro-2013-nissan-sentra-sr-4dr-sdn/7887943254.html,2013 Nissan Sentra SR 4dr Sdn,craigslist_montreal.csv
montreal,2011,ford,f150 super cab,8995.0,excellent,274 000,,automatique,https://montreal.craigslist.org/ctd/d/roxboro-2011-ford-150-xlt-4wd-supercab/7889121299.html,2011 Ford F-150 XLT 4WD SuperCab Styleside 6-1/2 Ft Box XLT,craigslist_montreal.csv
montreal,2012,Honda,Civic,5995.0,excellent,135 000,,manuel,https://montreal.craigslist.org/ctd/d/roxboro-2012-honda-civic-lx/7888826119.html,2012 Honda Civic LX,craigslist_montreal.csv
montreal,2020,Mitsubishi,Mirage G4 ES,14995.0,excellent,30 000,,automatique,https://montreal.craigslist.org/ctd/d/roxboro-2020-mitsubishi-mirage-g4-es/7887751035.html,2020 Mitsubishi Mirage G4 ES,craigslist_montreal.csv
montreal,2014,ford,fusion energi,9900.0,excellent,158 000,,automatique,https://montreal.craigslist.org/ctd/d/roxboro-2014-ford-fusion-energi-se/7887750293.html,2014 Ford Fusion Energi SE Luxury 4dr Sdn,craigslist_montreal.csv
montreal,2016,honda,civic,12995.0,excellent,159 000,,automatique,https://montreal.craigslist.org/ctd/d/roxboro-2016-honda-civic-sedan-lx/7885777490.html,2016 Honda Civic Sedan LX,craigslist_montreal.csv
montreal,2014,Audi,a4 2.0t quattro,9900.0,excellent,149 000,,automatique,https://montreal.craigslist.org/ctd/d/roxboro-2014-audi-a4-komfort-4dr-sdn/7885783216.html,2014 Audi A4 Komfort 4dr Sdn Auto Komfort quattro,craigslist_montreal.csv
montreal,2012,HONDA,CIVIC,5495.0,excellent,159 000,,manuel,https://montreal.craigslist.org/ctd/d/roxboro-2012-honda-civic-sdn-ex/7888275871.html,2012 Honda Civic Sdn EX,craigslist_montreal.csv
montreal,2013,BMW,X3,10995.0,excellent,126 000,,automatique,https://montreal.craigslist.org/ctd/d/roxboro-2013-bmw-x3-28i-awd-4dr-suv/7882942576.html,2013 BMW X3 28i AWD 4dr SUV,craigslist_montreal.csv
montreal,2012,audi,a4 quattro,6995.0,excellent,137 000,,automatique,https://montreal.craigslist.org/ctd/d/roxboro-2012-audi-a4-20t-premium-4dr/7882936803.html,2012 Audi A4 2.0T Premium 4dr Sdn Auto quattro 2.0T Premium,craigslist_montreal.csv
montreal,2006,toyota,avalon xls,3995.0,excellent,159 000,,automatique,https://montreal.craigslist.org/ctd/d/roxboro-2006-toyota-avalon-xls-4dr-sdn/7882929727.html,2006 Toyota Avalon XLS 4dr Sdn XLS,craigslist_montreal.csv
montreal,2010,Mercedes-Benz,GLK-Class GLK 350,9495.0,excellent,155 000,,automatique,https://montreal.craigslist.org/ctd/d/roxboro-2010-mercedes-benz-glk-class/7888276047.html,2010 Mercedes-Benz GLK-Class GLK 350,craigslist_montreal.csv
montreal,2016,Dodge,Journey,7995.0,excellent,156 000,,automatique,https://montreal.craigslist.org/ctd/d/roxboro-2016-dodge-journey-4dr-sxt/7888276168.html,2016 Dodge Journey 4dr SXT,craigslist_montreal.csv
montreal,2012,HYUNDAI,TUSCON,5495.0,excellent,159 000,,automatique,https://montreal.craigslist.org/ctd/d/roxboro-2012-hyundai-tucson-gls-awd-4dr/7888276738.html,2012 Hyundai Tucson GLS AWD 4dr I4 Auto GLS,craigslist_montreal.csv
montreal,2010,Subaru,Forester,5495.0,excellent,157 000,,automatique,https://montreal.craigslist.org/ctd/d/roxboro-2010-subaru-forester-limited/7888277239.html,2010 Subaru Forester X Limited w/Multimedia Option 5dr Wgn Auto 2.5X L,craigslist_montreal.csv
montreal,2007,MAZDA,CX-7,2495.0,excellent,231 000,,automatique,https://montreal.craigslist.org/ctd/d/roxboro-2007-mazda-cx-gt/7888277942.html,2007 Mazda CX-7 GT,craigslist_montreal.csv
montreal,2013,chevrolet,sonic lt,3990.0,excellent,110 000,,manuel,https://montreal.craigslist.org/ctd/d/notre-dame-de-grce-northeast-chevrolet/7888859213.html,CHEVROLET SONIC LTZ,craigslist_montreal.csv
montreal,2010,Toyota,Corolla,6770.0,excellent,106 000,,automatique,https://montreal.craigslist.org/ctd/d/montreal-2010-toyota-corolla-ce-km/7889066079.html,2010 Toyota COROLLA  CE----106.000km,craigslist_montreal.csv
montreal,2003,Toyota,Corolla 2003 CE,2800.0,bon,163 000,,automatique,https://montreal.craigslist.org/cto/d/saint-laurent-toyota-corolla-2003-ce/7889637958.html,Toyota Corolla 2003 CE for sale,craigslist_montreal.csv
montreal,2007,toyota,yaris sedan,4300.0,bon,170 000,,automatique,https://montreal.craigslist.org/cto/d/mercier-west-2007-toyota-yaris/7889613454.html,2007 Toyota Yaris,craigslist_montreal.csv
montreal,2016,chevrolet,cruze lt ecotec turbo,5990.0,excellent,112 000,,automatique,https://montreal.craigslist.org/ctd/d/montreal-2016-chevrolet-cruze-lt/7888854402.html,2016 Chevrolet CRUZE LT,craigslist_montreal.csv
montreal,2013,subaru,forester 2.5xt limited,7000.0,excellent,229 000,,automatique,https://montreal.craigslist.org/cto/d/saint-jean-sur-richelieu-east-subaru/7861409952.html,SUBARU FORESTER AWD XT LIMITED 2013,craigslist_montreal.csv
montreal,2008,mitsubishi,eclipse,3000.0,bon,185 000,,automatique,https://montreal.craigslist.org/cto/d/sainte-dorothe-mitsubishi-eclipse/7877165349.html,"2 MITSUBISHI ECLIPSE CONVERTIBLE 2008""""""POUR MECANICIENS""""""",craigslist_montreal.csv
montreal,2015,audi,q5,7999.0,excellent,250 000,,automatique,https://montreal.craigslist.org/ctd/d/2015-audi-q5-tfsi-quattro-4x4/7889430997.html,"2015 AUDI Q5 ,TFSI , QUATTRO , 4X4 , AUTOMATIQUE , 4 CYLINDRES 2.0 LIT",craigslist_montreal.csv
montreal,2016,volkswagen,tiguan,6499.0,excellent,200 000,,automatique,https://montreal.craigslist.org/ctd/d/2016-volkswagen-tiguan-tsi-4x4/7889430004.html,"2016 VOLKSWAGEN  TIGUAN TSI , 4X4 , AUTOMATIQUE , 4 CYLINDRES 2.0 LITR",craigslist_montreal.csv
montreal,2014,nissan,sentra,4799.0,excellent,139 000,,automatique,https://montreal.craigslist.org/ctd/d/2014-nissan-sentra-automatique/7889429449.html,"2014 NISSAN SENTRA , AUTOMATIQUE , 4 CYLINDRES 1.8 LITRES  , AIR CLIMA",craigslist_montreal.csv
montreal,2013,chevrolet,sonic,3999.0,excellent,198 000,,automatique,https://montreal.craigslist.org/ctd/d/2013-chevrolet-sonic-hatchback/7889429047.html,"2013 CHEVROLET  SONIC , HATCHBACK  , AUTOMATIQUE , 4 CYLINDRES 1.8 LIT",craigslist_montreal.csv
montreal,2018,ford,fusion,7799.0,excellent,200 000,,automatique,https://montreal.craigslist.org/ctd/d/2018-ford-fusion-nergie-plug-in/7889428556.html,"2018 FORD FUSION , ÉNERGIE PLUG IN , AUTOMATIQUE , 4 CYLINDRES 2.0 LIT",craigslist_montreal.csv
montreal,2015,NISSAN,MICRA,5999.0,excellent,108 000,,automatique,https://montreal.craigslist.org/ctd/d/2015-nissan-micra-automatique-km/7889427873.html,"2015 NISSAN MICRA , AUTOMATIQUE , 108.000 KM , 4 CYLINDERS 1.5  LITRES",craigslist_montreal.csv
montreal,2011,volkswagen,jetta,2499.0,excellent,230 000,,manuel,https://montreal.craigslist.org/ctd/d/2011-volkswagen-jetta-automatique/7889426372.html,"2011 VOLKSWAGEN JETTA , AUTOMATIQUE , 4 CYLINDRES 2.5  LITRES  , AIR",craigslist_montreal.csv
montreal,2014,honda,civic,7999.0,excellent,200 000,,automatique,https://montreal.craigslist.org/ctd/d/2014-honda-civic-automatique-cylindres/7889425414.html,"2014  HONDA CIVIC , AUTOMATIQUE , 4 CYLINDRES 1.8 LITRES  , AIR CLIMAT",craigslist_montreal.csv
montreal,2017,ford,escape,4999.0,excellent,188 000,,automatique,https://montreal.craigslist.org/ctd/d/2014-kia-rio-automatique-sieges-cuir/7889424884.html,"2014 KIA RIO , AUTOMATIQUE , SIEGES  CUIR CHAUFFANTS , 4 CYLINDRES 1.6",craigslist_montreal.csv
montreal,2014,Nissan,Pathfinder,7990.0,excellent,165 000,,automatique,https://montreal.craigslist.org/ctd/d/notre-dame-de-grce-northeast-nissan/7887409354.html,Nissan Pathfinder SL-----CUIR-TOIT-MAGS-7PLACES,craigslist_montreal.csv
montreal,2009,Honda,CR-V EX,5770.0,excellent,198 000,,automatique,https://montreal.craigslist.org/ctd/d/montreal-honda-cr-2009/7889346470.html,Honda CR-V  2009,craigslist_montreal.csv
montreal,2012,mercedes-benz,c350,11495.0,excellent,163 000,,automatique,https://montreal.craigslist.org/ctd/d/roxboro-2012-mercedes-benz-class-350/7885007700.html,2012 Mercedes-Benz C-Class C 350 C 350 4MATIC Coupe,craigslist_montreal.csv
montreal,2004,chrysler,crossfire sport coupe,9900.0,excellent,115 000,,automatique,https://montreal.craigslist.org/ctd/d/roxboro-2004-chrysler-crossfire-2dr-cpe/7885009740.html,2004 Chrysler Crossfire 2dr Cpe,craigslist_montreal.csv
montreal,2012,audi,a4 quattro,6995.0,excellent,137 000,,automatique,https://montreal.craigslist.org/ctd/d/roxboro-2012-audi-a4-20t-premium-4dr/7885009017.html,2012 Audi A4 2.0T Premium 4dr Sdn Auto quattro 2.0T Premium,craigslist_montreal.csv
montreal,2011,nissan,quest,6995.0,excellent,158 000,,automatique,https://montreal.craigslist.org/ctd/d/roxboro-2011-nissan-quest-4dr/7885484692.html,2011 Nissan Quest S 4dr S,craigslist_montreal.csv
montreal,2007,Mazda,CX-7,2795.0,excellent,231 000,,automatique,https://montreal.craigslist.org/ctd/d/roxboro-2007-mazda-cx-gt-4dr/7885484326.html,2007 Mazda CX-7 GT  4dr,craigslist_montreal.csv
montreal,2010,Subaru,Forester,5495.0,excellent,157 000,,automatique,https://montreal.craigslist.org/ctd/d/roxboro-2010-subaru-forester-limited/7885484460.html,2010 Subaru Forester X Limited w/Multimedia Option 5dr Wgn Auto 2.5X L,craigslist_montreal.csv
montreal,2012,honda,civic lx,6495.0,excellent,133 000,,manuel,https://montreal.craigslist.org/ctd/d/roxboro-2012-honda-civic-sdn-lx/7885484563.html,2012 Honda Civic Sdn LX,craigslist_montreal.csv
montreal,2009,nissan,versa,2995.0,excellent,155 000,,automatique,https://montreal.craigslist.org/ctd/d/roxboro-2009-nissan-versa-18-5dr-hb-i4/7881458295.html,2009 Nissan Versa 1.8 S 5dr HB I4 Auto 1.8 S,craigslist_montreal.csv
montreal,2008,cadillac,cts,4995.0,excellent,159 000,,automatique,https://montreal.craigslist.org/ctd/d/roxboro-2008-cadillac-cts-1sa-4dr-sdn/7881458193.html,2008 Cadillac CTS w/1SA 4dr Sdn w/1SA,craigslist_montreal.csv
montreal,2011,nissan,quest,6995.0,excellent,158 000,,automatique,https://montreal.craigslist.org/ctd/d/roxboro-2011-nissan-quest-4dr/7881457914.html,2011 Nissan Quest S 4dr S,craigslist_montreal.csv
montreal,2006,toyota,avalon xls,3995.0,excellent,159 000,,automatique,https://montreal.craigslist.org/ctd/d/roxboro-2006-toyota-avalon-xls/7881457765.html,2006 Toyota Avalon XLS,craigslist_montreal.csv
montreal,2011,dodge,ram 1500,9900.0,excellent,138 000,,automatique,https://montreal.craigslist.org/ctd/d/roxboro-2011-ram-1500-big-horn-4wd-crew/7881457650.html,"2011 Ram 1500 Big Horn 4WD Crew Cab 140.5"" Big Horn",craigslist_montreal.csv
montreal,2010,bmw,5 series 535i xdrive,11495.0,excellent,116 000,,automatique,https://montreal.craigslist.org/ctd/d/roxboro-2010-bmw-series-535i-xdrive/7881457448.html,2010 BMW 5 Series 535i xDrive Sedan,craigslist_montreal.csv
montreal,2009,nissan,versa,2995.0,excellent,155 000,,automatique,https://montreal.craigslist.org/ctd/d/roxboro-2009-nissan-versa-18-5dr-hb-i4/7885005956.html,2009 Nissan Versa 1.8 S 5dr HB I4 Auto 1.8 S,craigslist_montreal.csv
montreal,2004,chrysler,crossfire sport coupe,8495.0,excellent,115 000,,automatique,https://montreal.craigslist.org/ctd/d/roxboro-2004-chrysler-crossfire-2dr-cpe/7888589522.html,2004 Chrysler Crossfire 2dr Cpe,craigslist_montreal.csv
montreal,2011,volkswagen,tiguan 4-motion,9900.0,excellent,50 000,,automatique,https://montreal.craigslist.org/ctd/d/roxboro-2011-volkswagen-tiguan/7886660655.html,2011 Volkswagen Tiguan Comfortline 4dr Auto Comfortline 4Motion,craigslist_montreal.csv
montreal,2012,audi,a4 quattro,6995.0,excellent,137 000,,automatique,https://montreal.craigslist.org/ctd/d/roxboro-2012-audi-a4-20t-premium-4dr/7880990756.html,2012 Audi A4 2.0T Premium 4dr Sdn Auto quattro 2.0T Premium,craigslist_montreal.csv
montreal,2007,bmw,3 series 328i,6495.0,excellent,115 000,,automatique,https://montreal.craigslist.org/ctd/d/roxboro-2007-bmw-series-328i-coupe/7880991211.html,2007 BMW 3 Series 328i Coupe,craigslist_montreal.csv
montreal,2010,Subaru,Forester,5495.0,excellent,157 000,,automatique,https://montreal.craigslist.org/ctd/d/roxboro-2010-subaru-forester-limited/7880991534.html,2010 Subaru Forester X Limited w/Multimedia Option 5dr Wgn Auto 2.5X L,craigslist_montreal.csv
montreal,2011,nissan,quest,6995.0,excellent,158 000,,automatique,https://montreal.craigslist.org/ctd/d/roxboro-2011-nissan-quest-4dr/7886438043.html,2011 Nissan Quest S 4dr S,craigslist_montreal.csv
montreal,2006,toyota,avalon xls,3995.0,excellent,159 000,,automatique,https://montreal.craigslist.org/ctd/d/roxboro-2006-toyota-avalon-xls/7880991804.html,2006 Toyota Avalon XLS,craigslist_montreal.csv
montreal,2006,bmw,650i convertible,10995.0,excellent,168 000,,automatique,https://montreal.craigslist.org/ctd/d/roxboro-2006-bmw-series-650ci-cabriolet/7880992468.html,2006 BMW 6 Series 650Ci Cabriolet,craigslist_montreal.csv
montreal,2013,bmw,x3 xdrive28i,10995.0,excellent,126 000,,automatique,https://montreal.craigslist.org/ctd/d/roxboro-2013-bmw-x3-28i-awd-4dr-suv/7886429906.html,2013 BMW X3 28i AWD 4dr SUV,craigslist_montreal.csv
montreal,2007,bmw,3 series 328i,6495.0,excellent,115 000,,automatique,https://montreal.craigslist.org/ctd/d/roxboro-2007-bmw-series-328i-coupe/7886430003.html,2007 BMW 3 Series 328i Coupe,craigslist_montreal.csv
montreal,2012,toyota,rav4,9900.0,excellent,159 000,,automatique,https://montreal.craigslist.org/ctd/d/roxboro-2012-toyota-rav4-4wd-4dr-i4/7886430175.html,2012 Toyota RAV4  4WD 4dr I4,craigslist_montreal.csv
montreal,2010,bmw,5 series 535i xdrive,11495.0,excellent,116 000,,automatique,https://montreal.craigslist.org/ctd/d/roxboro-2010-bmw-series-535i-xdrive/7886430284.html,2010 BMW 5 Series 535i xDrive Sedan,craigslist_montreal.csv
montreal,2006,bmw,650i convertible,10995.0,excellent,168 000,,automatique,https://montreal.craigslist.org/ctd/d/roxboro-2006-bmw-series-650ci-cabriolet/7886430397.html,2006 BMW 6 Series 650Ci Cabriolet,craigslist_montreal.csv
montreal,2006,toyota,avalon xls,3995.0,excellent,159 000,,automatique,https://montreal.craigslist.org/ctd/d/roxboro-2006-toyota-avalon-xls/7886430473.html,2006 Toyota Avalon XLS,craigslist_montreal.csv
montreal,2008,cadillac,cts,4995.0,excellent,159 000,,automatique,https://montreal.craigslist.org/ctd/d/roxboro-2008-cadillac-cts-1sa-4dr-sdn/7886430571.html,2008 Cadillac CTS w/1SA 4dr Sdn w/1SA,craigslist_montreal.csv
montreal,2011,dodge,ram 1500,9900.0,excellent,138 000,,automatique,https://montreal.craigslist.org/ctd/d/roxboro-2011-ram-1500-big-horn-4wd-crew/7886430658.html,"2011 Ram 1500 Big Horn 4WD Crew Cab 140.5"" Big Horn",craigslist_montreal.csv
montreal,2009,nissan,versa,2995.0,excellent,155 000,,automatique,https://montreal.craigslist.org/ctd/d/roxboro-2009-nissan-versa-18-5dr-hb-i4/7886436841.html,2009 Nissan Versa 1.8 S 5dr HB I4 Auto 1.8 S,craigslist_montreal.csv
montreal,2010,GMC,SIERRA 1500,5995.0,excellent,172 000,,automatique,https://montreal.craigslist.org/ctd/d/roxboro-2010-gmc-sierra-1500-wt-regular/7886437257.html,2010 GMC Sierra 1500 WT` Regular Cab Long Box,craigslist_montreal.csv
montreal,2012,honda,civic lx,6495.0,excellent,134 000,,manuel,https://montreal.craigslist.org/ctd/d/roxboro-2012-honda-civic-sdn-lx/7886437693.html,2012 Honda Civic Sdn LX,craigslist_montreal.csv
montreal,2010,honda,civic sport,3300.0,excellent,279 000,,automatique,https://montreal.craigslist.org/ctd/d/notre-dame-de-grce-northeast-2010-honda/7889092314.html,2010 HONDA CIVIC SPORT,craigslist_montreal.csv
montreal,1985,Toyota,?,45000.0,bon,350 000,,manuel,https://montreal.craigslist.org/cto/d/fabreville-toyota/7889058718.html,Toyota,craigslist_montreal.csv
montreal,2012,Kia,Soul GL,2200.0,excellent,207 000,,manuel,https://montreal.craigslist.org/ctd/d/montreal-kia-soul-u2/7889017146.html,KIA SOUL U2,craigslist_montreal.csv
montreal,2002,lexus,sc430,13990.0,excellent,128 000,,automatique,https://montreal.craigslist.org/ctd/d/notre-dame-de-grce-northeast-lexus/7888883788.html,Lexus SC430  Convertible,craigslist_montreal.csv
montreal,2015,infiniti,q50s,11990.0,excellent,159 000,,automatique,https://montreal.craigslist.org/ctd/d/notre-dame-de-grce-northeast-infiniti/7888882986.html,Infiniti Q50 S-------NAVIGATION-CUIR*TOIT*MAGS,craigslist_montreal.csv
montreal,2010,Lexus,RX 450h,13990.0,excellent,151 000,,automatique,https://montreal.craigslist.org/ctd/d/montreal-2010-lexus-rx450h-ultra/7888881788.html,2010 LEXUS RX450h ULTRA PREMUIM 2,craigslist_montreal.csv
montreal,2009,ford,fusion sel,2990.0,excellent,177 000,,automatique,https://montreal.craigslist.org/ctd/d/notre-dame-de-grce-northeast-ford/7888881665.html,Ford FUSION SEL,craigslist_montreal.csv
montreal,2012,MITSUSBISHI,OUTLANDER AWD,4990.0,excellent,175 000,,automatique,https://montreal.craigslist.org/ctd/d/montreal-2012-mitsusbishi-outlander-awd/7888300253.html,2012 MITSUSBISHI OUTLANDER AWD,craigslist_montreal.csv
montreal,2017,honda,accord se,11990.0,excellent,179 000,,automatique,https://montreal.craigslist.org/ctd/d/montreal-honda-accord-se-2017/7888875790.html,HONDA ACCORD SE  2017,craigslist_montreal.csv
montreal,2014,nissan,leaf s,5990.0,excellent,68 000,,automatique,https://montreal.craigslist.org/ctd/d/notre-dame-de-grce-northeast-2014/7888875680.html,2014 Nissan LEAF,craigslist_montreal.csv
montreal,2010,Toyota,Corolla Matrix,3990.0,excellent,277 000,,manuel,https://montreal.craigslist.org/ctd/d/notre-dame-de-grce-northeast-toyota/7888858106.html,Toyota MATRIX  XR,craigslist_montreal.csv
montreal,2013,ford,explorer limited,6880.0,excellent,207 000,,automatique,https://montreal.craigslist.org/ctd/d/notre-dame-de-grce-northeast-2013-ford/7888126450.html,2013 Ford Explorer LIMITED----NAVIGATION-CAMERA,craigslist_montreal.csv
montreal,2015,chevrolet,cruze lt,5770.0,excellent,109 000,,automatique,https://montreal.craigslist.org/ctd/d/montreal-2015-chevrolet-cruze-lt/7888852864.html,2015 Chevrolet CRUZE LT,craigslist_montreal.csv
montreal,2014,subaru,xv crosstrek limited,7700.0,excellent,180 000,,automatique,https://montreal.craigslist.org/ctd/d/notre-dame-de-grce-northeast-2014/7888852459.html,2014 Subaru XV Crosstrek Limited Edition,craigslist_montreal.csv
montreal,2013,toyota,rav4 xle,11990.0,excellent,212 000,,automatique,https://montreal.craigslist.org/ctd/d/notre-dame-de-grce-northeast-2013/7888852307.html,2013 TOYOTA RAV4 LE,craigslist_montreal.csv
montreal,2012,Kia,Sorento GL,4990.0,excellent,158 000,,automatique,https://montreal.craigslist.org/ctd/d/montreal-2012-kia-sorento-awd/7888852160.html,2012 KIA SORENTO  AWD,craigslist_montreal.csv
montreal,2013,Hyundai,Elantra,3990.0,excellent,212 000,,automatique,https://montreal.craigslist.org/ctd/d/notre-dame-de-grce-northeast-2013/7888852030.html,2013 Hyundai Elantra GL,craigslist_montreal.csv
montreal,2008,toyota,corolla se,3990.0,excellent,202 000,,automatique,https://montreal.craigslist.org/ctd/d/notre-dame-de-grce-northeast-2008/7888851927.html,2008 TOYOTA COROLLA  CE,craigslist_montreal.csv
montreal,2015,hyundai,santa fe sport awd,7700.0,excellent,224 000,,automatique,https://montreal.craigslist.org/ctd/d/notre-dame-de-grce-northeast-2015/7888851727.html,2015 Hyundai Santa Fe AWD SPORT,craigslist_montreal.csv
montreal,2010,Lexus,RX 350,9990.0,excellent,190 000,,automatique,https://montreal.craigslist.org/ctd/d/notre-dame-de-grce-northeast-2010-lexus/7888851218.html,2010 LEXUS  RX350-----CUIR*TOIT*MAGS-CAMERA,craigslist_montreal.csv
montreal,2009,Honda,?,2990.0,excellent,292 000,,manuel,https://montreal.craigslist.org/ctd/d/notre-dame-de-grce-northeast-honda/7888850979.html,HONDA CIVIC SPORT,craigslist_montreal.csv
montreal,2011,chevrolet,equinox lt awd,3300.0,excellent,157 000,,automatique,https://montreal.craigslist.org/ctd/d/2011-chevrolet-equinox-ls/7888850563.html,2011 CHEVROLET EQUINOX LS,craigslist_montreal.csv
montreal,2009,Toyota,Corolla LE,4990.0,excellent,298 000,,automatique,https://montreal.craigslist.org/ctd/d/notre-dame-de-grce-northeast-toyota/7888849104.html,TOYOTA COROLLA  LE,craigslist_montreal.csv
montreal,2012,Lexus,CT 200h,7700.0,excellent,212 000,,automatique,https://montreal.craigslist.org/ctd/d/montreal-lexus-ct200-hybride-navigation/7888785457.html,Lexus CT200 Hybride----Navigation,craigslist_montreal.csv
montreal,1994,FORD,?,1595.0,bon,291 250,,automatique,https://montreal.craigslist.org/ctd/d/notre-dame-de-grce-northeast-1994-ford/7883607828.html,1994 FORD E-350 CUBE VAN,craigslist_montreal.csv
montreal,2015,ford,explorer,17500.0,,183 000,,automatique,https://montreal.craigslist.org/cto/d/sainte-thrse-de-blainville-north-ford/7888519402.html,"Ford explorer sport V6 turbo 3,5L ecoboost",craigslist_montreal.csv
montreal,2011,Mitsubishi,Outlander XLS 2011,9199.0,excellent,100 000,,automatique,https://montreal.craigslist.org/cto/d/dollard-des-ormeaux-mitsubishi/7877528804.html,"Mitsubishi Outlander XLS: V6, ALL options, AWD, 3500lbs towing",craigslist_montreal.csv
montreal,2018,subaru,forester 2.5i limited,9595.0,bon,152 900,,automatique,https://montreal.craigslist.org/ctd/d/montreal-2018-subaru-forester-ltd/7881808576.html,2018 Subaru Forester Ltd.,craigslist_montreal.csv
montreal,2009,chrysler,sebring,2500.0,bon,240 000,,automatique,https://montreal.craigslist.org/cto/d/montreal-chrysler-sebring-convertible/7888158950.html,Chrysler Sebring Convertible 2009,craigslist_montreal.csv
montreal,2014,nissan,sentra,3800.0,bon,120 000,,manuel,https://montreal.craigslist.org/ctd/d/notre-dame-de-grce-northeast-2014/7887952825.html,"2014 Nissan Sentra, 6 Speed Manual, 120,000 km, Auto Adis",craigslist_montreal.csv
montreal,2012,chrysler,town and country,4995.0,bon,218 000,,automatique,https://montreal.craigslist.org/ctd/d/notre-dame-de-grce-northeast-2012/7887939550.html,"2012 Chrysler Town and Country, Stow 'n Go, DVD",craigslist_montreal.csv
montreal,1996,land,rover defender 110,1.0,comme neuf,240 000,,manuel,https://montreal.craigslist.org/cto/d/saint-eustache-southwest-land-rover/7887523144.html,Land Rover Defender 110,craigslist_montreal.csv
montreal,2016,Volkswagen,Golf SportWagen,5990.0,excellent,187 000,,automatique,https://montreal.craigslist.org/ctd/d/notre-dame-de-grce-northeast-2016/7887482244.html,2016 Volkswagen Golf Sportwagon Trendline TSI,craigslist_montreal.csv
montreal,2014,Hyundai,Santa Fe,7700.0,excellent,212 000,,automatique,https://montreal.craigslist.org/ctd/d/notre-dame-de-grce-northeast-2014/7887482088.html,2014 Hyundai Santa Fe SPORT,craigslist_montreal.csv
montreal,2012,hyundai,elantra gls,4990.0,excellent,171 000,,automatique,https://montreal.craigslist.org/ctd/d/notre-dame-de-grce-northeast-2012/7886000144.html,2012 Hyundai Elantra GL,craigslist_montreal.csv
montreal,2011,Mercedes-Benz,E350,11990.0,excellent,133 000,,automatique,https://montreal.craigslist.org/ctd/d/montreal-mercedes-benz-e350/7887410079.html,MERCEDES-BENZ E350,craigslist_montreal.csv
montreal,2025,JTDACACU4S3052264,?,45792.0,,4 700,,automatique,https://montreal.craigslist.org/ctd/d/la-prairie-2025-toyota-prius-prime/7887370544.html,2025 Toyota prius prime,craigslist_montreal.csv
montreal,2011,Mercedes-Benz,C250W 4-M,9254.0,,123 990,,automatique,https://montreal.craigslist.org/ctd/d/la-prairie-2011-mercedes-benz-class/7887369693.html,2011 Mercedes-Benz c-class,craigslist_montreal.csv
montreal,2024,Volkswagen,ID.4 Pro S,38774.0,,35 000,,automatique,https://montreal.craigslist.org/ctd/d/la-prairie-2024-volkswagen-id4-pro/7887369255.html,2024 Volkswagen id.4 pro s,craigslist_montreal.csv
montreal,2023,3N1CP5CV5PL535533,?,21752.0,,64 123,,automatique,https://montreal.craigslist.org/ctd/d/la-prairie-nissan-kicks-sv-2023/7887368606.html,Nissan Kicks SV 2023,craigslist_montreal.csv
montreal,2023,Toyota,RAV4,43756.0,,25 457,,automatique,https://montreal.craigslist.org/ctd/d/la-prairie-2023-toyota-rav4-limited-awd/7887367999.html,2023 Toyota rav4 limited awd,craigslist_montreal.csv
montreal,2024,JTDACACU6R3015629,?,34489.0,,35 368,,automatique,https://montreal.craigslist.org/ctd/d/la-prairie-2024-toyota-prius-prime-se/7887367537.html,2024 Toyota prius prime se,craigslist_montreal.csv
montreal,2022,Toyota,Corolla SE,27139.0,,15 455,,automatique,https://montreal.craigslist.org/ctd/d/la-prairie-2022-toyota-corolla-se/7887367090.html,2022 Toyota corolla se,craigslist_montreal.csv
montreal,2015,Kia,Sorento GL,9995.0,,133 379,,automatique,https://montreal.craigslist.org/ctd/d/la-prairie-2015-kia-sorento-lx/7887366107.html,2015 Kia sorento lx,craigslist_montreal.csv
montreal,2020,Hyundai,Kona,18490.0,,97 072,,automatique,https://montreal.craigslist.org/ctd/d/la-prairie-2020-hyundai-kona-electric/7887360743.html,2020 Hyundai kona electric preferred,craigslist_montreal.csv
montreal,2021,Toyota,?,29504.0,,111 906,,automatique,https://montreal.craigslist.org/ctd/d/la-prairie-2021-toyota-camry-hybrid-se/7887357760.html,2021 Toyota camry hybrid se,craigslist_montreal.csv
montreal,2024,Toyota,Corolla Cross LE,34995.0,,27 198,,automatique,https://montreal.craigslist.org/ctd/d/la-prairie-toyota-corolla-cross-le-awd/7887345642.html,Toyota Corolla Cross LE AWD 2024,craigslist_montreal.csv
montreal,2008,gislaved,?,25.0,,185,,automatique,https://montreal.craigslist.org/cto/d/chteauguay-north-tires-hiver-185-r15/7887330486.html,tires d hiver 185 r15 gislaved,craigslist_montreal.csv
montreal,1992,gmc,sonoma,10500.0,bon,192 000,,automatique,https://montreal.craigslist.org/ctd/d/lachine-1992-gmc-sonoma-pickup/7887291305.html,1992 GMC Sonoma Pickup Collectible,craigslist_montreal.csv
montreal,2009,suzuki,sx4,2295.0,excellent,242 000,,automatique,https://montreal.craigslist.org/ctd/d/lachine-2009-suzuki-sx4-hatchback/7878977012.html,2009 Suzuki SX4 Hatchback,craigslist_montreal.csv
montreal,2010,nissan,versa,2495.0,bon,220 457,,automatique,https://montreal.craigslist.org/ctd/d/lachine-2010-nissan-versa-hatchback/7887289839.html,2010 Nissan Versa Hatchback,craigslist_montreal.csv
montreal,2013,ford,edge sel,3990.0,excellent,190 000,,automatique,https://montreal.craigslist.org/ctd/d/notre-dame-de-grce-northeast-ford-edge/7887264599.html,FORD EDGE  SEL  AWD,craigslist_montreal.csv
montreal,2014,nissan,juke sv,5990.0,excellent,177 000,,automatique,https://montreal.craigslist.org/ctd/d/notre-dame-de-grce-northeast-2014/7887264324.html,2014 Nissan Juke SV,craigslist_montreal.csv
montreal,2009,TOYOTA,yaris le,4990.0,excellent,101 000,,automatique,https://montreal.craigslist.org/ctd/d/montreal-toyota-yaris-le-groupe/7887260251.html,TOYOTA YARIS LE ----GROUPE ELECTRIQUE,craigslist_montreal.csv
montreal,2011,Volkswagen,Tiguan Trendline,3990.0,excellent,216 000,,automatique,https://montreal.craigslist.org/ctd/d/montreal-volkswagen-tiguan-trendline-awd/7887260105.html,Volkswagen Tiguan Trendline AWD,craigslist_montreal.csv
montreal,2012,nissan,juke sv,4990.0,excellent,179 000,,automatique,https://montreal.craigslist.org/ctd/d/notre-dame-de-grce-northeast-2012/7887259493.html,2012 Nissan Juke SV AWD,craigslist_montreal.csv
montreal,2004,TOYOTA,HIGHLANDER AWD,3990.0,excellent,228 000,,automatique,https://montreal.craigslist.org/ctd/d/montreal-toyota-highlander-awd/7887258894.html,TOYOTA HIGHLANDER  AWD,craigslist_montreal.csv
montreal,2008,chevrolet,malibu,2200.0,excellent,191 000,,automatique,https://montreal.craigslist.org/ctd/d/notre-dame-de-grce-northeast-chevrolet/7887258829.html,CHEVROLET MALIBU LS,craigslist_montreal.csv
montreal,2015,nissan,rogue sv awd,7990.0,excellent,202 000,,automatique,https://montreal.craigslist.org/ctd/d/notre-dame-de-grce-northeast-nissan/7887255628.html,Nissan Rogue AWD----NAVIGATION*TOIT*MAGS,craigslist_montreal.csv
montreal,2013,hyundai,elantra touring,4770.0,excellent,209 000,,automatique,https://montreal.craigslist.org/ctd/d/montreal-hyundai-elantra-gt-2013/7887252770.html,Hyundai ELANTRA GT 2013,craigslist_montreal.csv
montreal,2012,Toyota,Sienna,9990.0,excellent,173 000,,automatique,https://montreal.craigslist.org/ctd/d/2012-toyota-sienna-le/7887236879.html,2012 TOYOTA SIENNA LE,craigslist_montreal.csv
montreal,2010,dodge,grand caravan se,2990.0,excellent,174 000,,automatique,https://montreal.craigslist.org/ctd/d/montreal-dodge-grand-caravan-stow-go/7885937481.html,Dodge Grand Caravan STOW N GO,craigslist_montreal.csv
montreal,2011,Dodge,Charger SE,4990.0,excellent,225 000,,automatique,https://montreal.craigslist.org/ctd/d/notre-dame-de-grce-northeast-2011-dodge/7887220934.html,2011 Dodge Charger SXT,craigslist_montreal.csv
montreal,2012,Honda,Civic LX,4990.0,excellent,207 000,,automatique,https://montreal.craigslist.org/ctd/d/montreal-honda-civic-coup-2012/7887220652.html,Honda Civic Coupé 2012,craigslist_montreal.csv
montreal,2011,toyota,corolla s sedan,4990.0,excellent,247 000,,manuel,https://montreal.craigslist.org/ctd/d/montreal-toyota-corolla/7887220169.html,Toyota COROLLA  S,craigslist_montreal.csv
montreal,2015,hyundai,tucson gls,6550.0,excellent,165 000,,automatique,https://montreal.craigslist.org/ctd/d/notre-dame-de-grce-northeast-2015/7887219959.html,2015 Hyundai Tucson GL,craigslist_montreal.csv
montreal,2010,honda,accord coupe,2990.0,excellent,327 000,,automatique,https://montreal.craigslist.org/ctd/d/montreal-honda-accord-coupe-ex/7887219493.html,HONDA ACCORD COUPE EX-L-----NAVIGATION,craigslist_montreal.csv
montreal,2014,kia,forte lx,4990.0,excellent,167 000,,automatique,https://montreal.craigslist.org/ctd/d/montreal-2014-kia-forte-lx-plus/7887219372.html,2014 KIA FORTE LX Plus,craigslist_montreal.csv
montreal,2012,volkswagen,jetta gli,4990.0,excellent,131 000,,manuel,https://montreal.craigslist.org/ctd/d/notre-dame-de-grce-northeast-2012/7887214648.html,2012 Volkswagen JETTA GLI,craigslist_montreal.csv
montreal,2011,toyota,corolla ce,4990.0,excellent,296 000,,automatique,https://montreal.craigslist.org/ctd/d/notre-dame-de-grce-northeast-2011/7887214229.html,2011 Toyota COROLLA CE,craigslist_montreal.csv
montreal,2014,Ford,Fiesta SE,3300.0,excellent,154 000,,manuel,https://montreal.craigslist.org/ctd/d/montreal-2014-ford-fiesta-se/7887212892.html,2014 Ford Fiesta SE,craigslist_montreal.csv
montreal,2015,Nissan,Rogue,9990.0,excellent,78 000,,automatique,https://montreal.craigslist.org/ctd/d/notre-dame-de-grce-northeast-2015/7887212721.html,2015 Nissan Rogue SL AWD----NAVI-CUIR*TOIT*MAGS,craigslist_montreal.csv
montreal,2013,hyundai,veloster,3990.0,excellent,198 000,,manuel,https://montreal.craigslist.org/ctd/d/notre-dame-de-grce-northeast-2013/7887212028.html,2013 Hyundai Veloster,craigslist_montreal.csv
montreal,2013,Infiniti,JX35,7990.0,excellent,149 000,,automatique,https://montreal.craigslist.org/ctd/d/montreal-2013-infiniti-qx60-deluxe/7887208423.html,2013 Infiniti QX60 Deluxe-------NAVIGATION-CUIR*TOIT*MAGS,craigslist_montreal.csv
montreal,2013,Honda,Odyssey,7990.0,excellent,219 000,,automatique,https://montreal.craigslist.org/ctd/d/montreal-honda-odyssey-ex-dvd-toit-cuir/7887207906.html,HONDA ODYSSEY EX-L-----DVD-TOIT-CUIR-MAGS-8 PASSAGERS,craigslist_montreal.csv
montreal,2021,subaru,crosstrek,26000.0,comme neuf,42 000,,automatique,https://montreal.craigslist.org/ctd/d/lasalle-southeast-subaru-crosstrek/7887001099.html,Subaru Crosstrek Premium 2021,craigslist_montreal.csv
montreal,2008,hyundai,accent,2990.0,excellent,130 000,,automatique,https://montreal.craigslist.org/ctd/d/montreal-hyundai-accent-gl-2008/7885433223.html,Hyundai Accent GL  2008,craigslist_montreal.csv
montreal,2012,Chevrolet,Orlando LT,3990.0,excellent,195 000,,automatique,https://montreal.craigslist.org/ctd/d/montreal-2012-chevrolet-orlando-lt/7886726861.html,2012 Chevrolet Orlando LT,craigslist_montreal.csv
montreal,2015,Ford,Fiesta SE,6999.0,bon,99 100,,automatique,https://montreal.craigslist.org/cto/d/dollard-des-ormeaux-2015-ford-fiesta-se/7886633655.html,2015 FORD FIESTA SE,craigslist_montreal.csv
montreal,2014,toyota,corolla,9499.0,comme neuf,204 000,,automatique,https://montreal.craigslist.org/cto/d/saint-leonard-toyota-corolla-2014/7886578844.html,TOYOTA COROLLA S 2014,craigslist_montreal.csv
montreal,2016,Audi,S3 Prestige Teknic,19500.0,,185 000,,manuel,https://montreal.craigslist.org/cto/d/beloeil-audi-s3-prestige-teknic/7886496908.html,Audi S3 Prestige Teknic,craigslist_montreal.csv
montreal,2008,Honda,civic ex coupe,180.0,comme neuf,140 000,,automatique,https://montreal.craigslist.org/cto/d/cte-des-neiges-north-mint-front-pass/7886313156.html,Mint front pass seat and whole back seat 2008 Honda civic ex coupe,craigslist_montreal.csv
montreal,2016,jeep,wrangler,9000.0,,99 320,,automatique,https://montreal.craigslist.org/cto/d/montreal-nord-2016-jeep-wrangler-sport/7886104026.html,2016 Jeep Wrangler Sport,craigslist_montreal.csv
montreal,1975,ford,bronco,50000.0,excellent,45 153,,manuel,https://montreal.craigslist.org/cto/d/montreal-1975-ford-bronco/7886028973.html,1975 Ford Bronco,craigslist_montreal.csv
montreal,2018,Lexus,RX 350/350 F Sport,32990.0,comme neuf,109 000,,automatique,https://montreal.craigslist.org/ctd/d/notre-dame-de-grce-northeast-2018-lexus/7885471703.html,2018 Lexus RX350 EXECUTIVE,craigslist_montreal.csv
montreal,2001,Chevrolet,Silverado,1000.0,nouv,120 000,,automatique,https://montreal.craigslist.org/cto/d/sainte-julie-2001-chevrolet-silverado/7885984935.html,2001 Chevrolet Silverado 1500,craigslist_montreal.csv
montreal,2009,toyota,yaris,2990.0,excellent,224 000,,manuel,https://montreal.craigslist.org/ctd/d/montreal-2009-toyota-yaris/7885945816.html,2009 TOYOTA YARIS,craigslist_montreal.csv
montreal,2015,chevrolet,cruze,3999.0,excellent,3 999,,automatique,https://montreal.craigslist.org/ctd/d/2015-chevrolet-cruze-automatique/7885891277.html,"2015 CHEVROLET  CRUZE , AUTOMATIQUE  , 4 CYLINDRES 1.8 LITRES ,  AIR C",craigslist_montreal.csv
montreal,2012,honda,civic,5999.0,excellent,220 000,,automatique,https://montreal.craigslist.org/ctd/d/2012-honda-civic-automatique-cylindres/7885889879.html,"2012 HONDA CIVIC , AUTOMATIQUE  , 4 CYLINDRES 1.8 LITRES ,  AIR CLIMAT",craigslist_montreal.csv
montreal,2010,hyundai,elantra,1999.0,excellent,240 000,,automatique,https://montreal.craigslist.org/ctd/d/2010-hyundai-elantra-automatique/7885888788.html,"2010 HYUNDAI ELANTRA  , AUTOMATIQUE  , 4 CYLINDRES 2.0  LITRES ,  AIR",craigslist_montreal.csv
montreal,2014,hyundai,elantra,3999.0,excellent,178 000,,automatique,https://montreal.craigslist.org/ctd/d/2014-hyundai-elantra-manuel-cylindres/7885887710.html,"2014  HYUNDAI  ELANTRA , MANUEL  4 CYLINDRES  1.8 LITRES  , ( PORTES/M",craigslist_montreal.csv
montreal,2021,toyota,corolla,14999.0,excellent,190 000,,automatique,https://montreal.craigslist.org/ctd/d/2021-toyota-corolla-automatique/7885887006.html,"2021 TOYOTA COROLLA  , AUTOMATIQUE , 4 CYLINDRES 1.8  LITRES ,  CAMERA",craigslist_montreal.csv
montreal,2013,mazda,cx-5,7499.0,excellent,155 000,,automatique,https://montreal.craigslist.org/ctd/d/2013-mazda-cx5-automatique-cylindres-20/7885886218.html,"2013 MAZDA CX5   , AUTOMATIQUE , 4 CYLINDRES 2.0 LITRES ,  CAMERA  REC",craigslist_montreal.csv
montreal,2010,hyundai,accent,2990.0,excellent,212 000,,automatique,https://montreal.craigslist.org/ctd/d/montreal-hyundai-accent-gl-2010/7885433314.html,Hyundai Accent GL  2010,craigslist_montreal.csv
montreal,2010,mini,cooper clubman,5900.0,excellent,150 000,,manuel,https://montreal.craigslist.org/cto/d/hochelaga-mini-cooper-clubman-2010/7880427562.html,Mini Cooper Clubman 2010,craigslist_montreal.csv
montreal,2012,toyota,rav4,4500.0,comme neuf,3,,manuel,https://montreal.craigslist.org/cto/d/montreal-ouest-bmw-320d-f30-184ch-de/7864233356.html,Bmw 320d F30 184ch de 2012,craigslist_montreal.csv
montreal,1967,chevrolet,chevelle convertible,75000.0,excellent,1,,automatique,https://montreal.craigslist.org/cto/d/saint-jrme-west-1967-chevelle/7885163931.html,1967 Chevelle convertible 396,craigslist_montreal.csv
montreal,1999,saab,9-3,1500.0,bon,364 000,,automatique,https://montreal.craigslist.org/cto/d/pincourt-1999-saab-3-convertible/7874140840.html,1999 Saab 9-3 convertible,craigslist_montreal.csv
montreal,2004,lexus,sc430 convertible,12999.0,excellent,231 000,,automatique,https://montreal.craigslist.org/cto/d/lle-dorval-2004-lexus-sc-430/7884915942.html,2004 Lexus SC 430,craigslist_montreal.csv
montreal,2017,volvo,v60 cross country,19500.0,comme neuf,154 231,,automatique,https://montreal.craigslist.org/cto/d/dollard-des-ormeaux-volvo-2017/7884750069.html,Volvo 2017,craigslist_montreal.csv
montreal,2024,kia,seltos lx,30000.0,comme neuf,17 500,,automatique,https://montreal.craigslist.org/cto/d/montreal-nord-kia-seltos-vendre/7884667552.html,Kia Seltos 2024 à vendre,craigslist_montreal.csv
montreal,2014,dodge,grand caravan rt,5995.0,bon,230 000,,automatique,https://montreal.craigslist.org/ctd/d/la-prairie-dodge-caravan-rt/7884641816.html,Dodge Caravan RT,craigslist_montreal.csv
montreal,1992,gmc,?,10500.0,,192 000,,automatique,https://montreal.craigslist.org/ctd/d/lachine-1992-gmc-senoma-for-sale-with/7884476985.html,1992 GMC Senoma for sale  With 350 engine modified with racing can,craigslist_montreal.csv
montreal,2009,hyundai,elantra,3000.0,,190 000,,manuel,https://montreal.craigslist.org/ctd/d/montreal-dpart-vente-rapide-hyundai/7884454765.html,"Départ, vente rapide Hyundai Elantra 20093000$",craigslist_montreal.csv
montreal,1990,Gm,champion 331,7500.0,assez bon,191 420,,automatique,https://montreal.craigslist.org/cto/d/vaudreuil-dorion-vr-party-bus-limosine/7884424146.html,VR party bus limosine 25 passagers,craigslist_montreal.csv
montreal,2011,jeep,compass,5295.0,bon,208 000,,automatique,https://montreal.craigslist.org/ctd/d/notre-dame-de-grce-northeast-2011-jeep/7883618439.html,"2011 JEEP COMPASS 4 X 4, AUTOMATIC, 2.4 l., Bonne Etat",craigslist_montreal.csv
montreal,2022,Kia,Seltos EX Premium AWD,26000.0,comme neuf,26 000,,automatique,https://montreal.craigslist.org/ctd/d/laval-kia-seltos-2022-ex-premium-awd/7883569382.html,Kia Seltos 2022 EX PREMIUM/AWD/CUIR/TOIT/CARPLAY,craigslist_montreal.csv
montreal,2013,nissan,frontier,10999.0,excellent,198 000,,automatique,https://montreal.craigslist.org/ctd/d/2013-nissan-frontier-4x4-automatique/7883547827.html,"2013 NISSAN FRONTIER , 4X4 , AUTOMATIQUE  , AIR CLIMATISÉ , CAMÉRA REC",craigslist_montreal.csv
montreal,2012,mitsubishi,lancer,1799.0,excellent,280 000,,manuel,https://montreal.craigslist.org/ctd/d/2012-mitsubishi-lancer-limited-manuel/7882309786.html,"2012 MITSUBISHI  LANCER , LIMITED , MANUEL  , SIEGES  CUIR CHAUFFANTS",craigslist_montreal.csv
montreal,2014,chevrolet,equinox,6499.0,excellent,79 000,,automatique,https://montreal.craigslist.org/ctd/d/2014-chevrolet-equinox-km-automatique/7882309024.html,"2014 CHEVROLET EQUINOX , 79.000 KM , AUTOMATIQUE , 4 CYLINDRES 2.4  LI",craigslist_montreal.csv
montreal,2017,chevrolet,express,4299.0,excellent,270 000,,manuel,https://montreal.craigslist.org/ctd/d/2017-volkswagen-jetta-manuel-cylindres/7882310489.html,"2017 VOLKSWAGEN  JETTA , MANUEL  , 4 CYLINDRES  1.4  LITRES  , AIR CLI",craigslist_montreal.csv
montreal,2018,ford,edge sel,11999.0,excellent,138 000,,automatique,https://montreal.craigslist.org/ctd/d/2018-ford-edge-km-4x4-automatique/7882311283.html,"2018  FORD EDGE  , 138.000 KM , 4X4 , AUTOMATIQUE , 4 CYLINDRES 2.0 LI",craigslist_montreal.csv
montreal,2013,mitsubishi,lancer RALLIART,6999.0,excellent,198 000,,automatique,https://montreal.craigslist.org/ctd/d/2013-mitsubishi-lancer-ralliart-4x4/7882314048.html,"2013 MITSUBISHI LANCER , RALLIART , 4X4  , AUTOMATIQUE , 4 CYLINDRES",craigslist_montreal.csv
montreal,2010,volkswagen,golf,1999.0,excellent,350 000,,automatique,https://montreal.craigslist.org/ctd/d/2010-volkswagen-golf-diesel-automatique/7882316347.html,"2010 VOLKSWAGEN GOLF , DIESEL , AUTOMATIQUE , HATCHBACK  , 4 CYLINDRES",craigslist_montreal.csv
montreal,2007,Honda,civic,2000.0,assez bon,206 000,,automatique,https://montreal.craigslist.org/cto/d/pierrefonds-2007-honda-civic-dx/7883283078.html,2007 Honda civic dx,craigslist_montreal.csv
montreal,2007,Toyota,Solara convertible,5500.0,comme neuf,125 000,,automatique,https://montreal.craigslist.org/cto/d/cte-saint-luc-west-quebec-car-in/7883050987.html,Quebec car in S Florida red Toyota Solara 2007,craigslist_montreal.csv
montreal,2014,Toyota,Corolla L/LE,10000.0,bon,162 266,,automatique,https://montreal.craigslist.org/cto/d/laval-toyota-corolla-2014-le-trs-bon/7882975722.html,"🚗 Toyota Corolla 2014 LE — Très bon état, jamais accidentée",craigslist_montreal.csv
montreal,2013,ford,escape,4799.0,excellent,190 000,,automatique,https://montreal.craigslist.org/ctd/d/2013-ford-escape-4x4-automatique-sieges/7882313093.html,"2013 FORD ESCAPE  , 4X4  , AUTOMATIQUE ,  SIEGES CUIR CHAUFFANTS  , 4",craigslist_montreal.csv
montreal,2009,nissan,rogue,3499.0,excellent,290 000,,automatique,https://montreal.craigslist.org/ctd/d/2009-nissan-rogue-4x4-automatique/7882312838.html,"2009 NISSAN ROGUE , 4X4  , AUTOMATIQUE , 4 CYLINDRES 2.5 LITRES  , TOI",craigslist_montreal.csv
montreal,2011,toyota,corolla,6499.0,excellent,168 000,,manuel,https://montreal.craigslist.org/ctd/d/2011-toyota-corolla-manuel-cylindres-18/7882307304.html,"2011 TOYOTA COROLLA , S, MANUEL , 4 CYLINDRES  1.8 LITRES , AIR CLIMAT",craigslist_montreal.csv
montreal,2014,bmw,320i xdrive,15450.0,comme neuf,58 000,,automatique,https://montreal.craigslist.org/cto/d/dollard-des-ormeaux-low-km-2014-bmw/7882006195.html,*LOW KM* 2014 BMW 320i xDrive,craigslist_montreal.csv
montreal,2010,dodge,charger r/t,10000.0,bon,200 000,,automatique,https://montreal.craigslist.org/cto/d/dollard-des-ormeaux-2010-dodge-charger-t/7882005420.html,2010 dodge charger r/t,craigslist_montreal.csv
montreal,2006,Ford,F-250 Super Duty - Single Rear Wheel,3000.0,bon,267 000,,automatique,https://montreal.craigslist.org/ctd/d/notre-dame-de-grce-northeast-2006-ford/7881735556.html,"2006 Ford Econoline F250 CUBE VAN, gasoline engine",craigslist_montreal.csv
montreal,2012,honda,odyssey lx,12595.0,assez bon,130 500,,automatique,https://montreal.craigslist.org/ctd/d/notre-dame-de-grce-northeast-2012-honda/7881713172.html,"2012 Honda Odyssey, 130,500 seulement",craigslist_montreal.csv
montreal,2017,bmw,x3,20900.0,comme neuf,76 000,,automatique,https://montreal.craigslist.org/cto/d/downtown-montreal-south-west-bmw-for/7881366478.html,BMW X3 2017 for sale,craigslist_montreal.csv
montreal,2018,toyota,rav4,12000.0,comme neuf,85 300,,automatique,https://montreal.craigslist.org/cto/d/auteuil-west-toyota-rav4-le-awd-2018/7881357648.html,Toyota Rav4 LE AWD 2018,craigslist_montreal.csv
montreal,2023,Chevrolet,Cruze 2LT,7995.0,,113 000,,automatique,https://montreal.craigslist.org/cto/d/westmount-west-2015-chevrolet-cruze-2lt/7881076392.html,2015 Chevrolet Cruze 2LT,craigslist_montreal.csv
montreal,2016,Jeep,Renegade Trailhawk,14995.0,,120 000,,automatique,https://montreal.craigslist.org/cto/d/westmount-west-2016-jeep-renegade/7881074566.html,2016 Jeep Renegade Trailhawk,craigslist_montreal.csv
montreal,2014,Dodge,Grand Caravan R/T,11995.0,,110 000,,automatique,https://montreal.craigslist.org/cto/d/westmount-west-2014-dodge-grand-caravan/7881072732.html,2014 Dodge Grand Caravan R/T,craigslist_montreal.csv
montreal,2014,Honda,CR-V EX,12995.0,,160 000,,automatique,https://montreal.craigslist.org/cto/d/westmount-west-2014-honda-cr-ex/7881070998.html,2014 Honda CR-V EX,craigslist_montreal.csv
montreal,2011,Hyundai,Tucson Limited,9495.0,,75 000,,automatique,https://montreal.craigslist.org/cto/d/westmount-west-2011-hyndai-tucson/7881069295.html,2011 HYNDAI TUCSON LIMITED,craigslist_montreal.csv
montreal,2009,Mazda,Tribute,3495.0,bon,220 000,,automatique,https://montreal.craigslist.org/ctd/d/notre-dame-de-grce-northeast-2009-mazda/7880768981.html,2009 Mazda Tribute AWD Automatic,craigslist_montreal.csv
montreal,2007,buick,?,1000.0,assez bon,320 000,,automatique,https://montreal.craigslist.org/cto/d/chteauguay-north-buick-allure-2007/7880561055.html,buick allure 2007,craigslist_montreal.csv
montreal,2009,toyota,corolla,10000.0,excellent,131 218,,automatique,https://montreal.craigslist.org/cto/d/saint-laurent-2009-toyota-corolla-ce/7879946440.html,2009 Toyota Corolla CE – Sedan – 131218Km,craigslist_montreal.csv
montreal,2006,toyota,corolla,3200.0,bon,192 000,,manuel,https://montreal.craigslist.org/cto/d/saint-laurent-2006-toyota-corolla/7879598198.html,2006 TOYOTA COROLLA,craigslist_montreal.csv
montreal,2016,Chevrolet,Cruze Premier,12995.0,,119 997,,automatique,https://montreal.craigslist.org/cto/d/westmount-west-2016-cruze-premier/7879256733.html,2016 Cruze Premier,craigslist_montreal.csv
montreal,2012,Chevrolet,Orlando LT,1595.0,bon,221 180,,automatique,https://montreal.craigslist.org/ctd/d/montreal-2012-chevrolet-orlando/7879203262.html,"2012 Chevrolet Orlando, 7 passager, moteur defectueux",craigslist_montreal.csv
calgary,2003,Chevrolet,Corvette Convertible,39125.0,like new,53926,gas,manual,https://calgary.craigslist.org/cto/d/calgary-2003-corvette-convertible-mint/7889275610.html,"2003 Corvette Convertible: mint - 53,926 Kilometers",craigslist_calgary.csv
calgary,1972,Consolidated,?,5000.0,,1234,diesel,manual,https://calgary.craigslist.org/cto/d/kelowna-us-military-gamma-goat-m562/7879396156.html,US military gamma goat M562,craigslist_calgary.csv
calgary,2011,Land,Rover Range Rover Supercharged,21900.0,like new,203000,gas,automatic,https://calgary.craigslist.org/cto/d/surrey-outer-northwest-2011-range-rover/7889809800.html,2011 Range Rover supercharged,craigslist_calgary.csv
calgary,2005,Subaru,Legacy,12000.0,,105000,gas,automatic,https://calgary.craigslist.org/cto/d/calgary-2005-subaru-legacy-sti-4wd/7889676875.html,2005 Subaru Legacy STI 4WD,craigslist_calgary.csv
calgary,2021,ram,1500 limited,52985.0,like new,117214,diesel,automatic,https://calgary.craigslist.org/ctd/d/calgary-2021-ram-1500-limited-diesel/7889096043.html,"2021 Ram 1500 Limited Diesel, More info to come",craigslist_calgary.csv
calgary,2022,ram,1500 sport,56988.0,like new,41087,gas,automatic,https://calgary.craigslist.org/ctd/d/calgary-2022-ram-1500-sport-gt-crew-cab/7889102732.html,"2022 Ram 1500 Sport GT Crew Cab, More info to come",craigslist_calgary.csv
calgary,2020,mazda,3 sport gt,26988.0,like new,67500,gas,automatic,https://calgary.craigslist.org/ctd/d/calgary-2020-mazda3-sport-gt-awd-red/7887513533.html,"2020 Mazda3 Sport GT AWD Red Leather, Not a rebuild, Service History",craigslist_calgary.csv
calgary,2014,Mercedes-Benz,GLK 350,17988.0,like new,148957,gas,automatic,https://calgary.craigslist.org/ctd/d/calgary-2014-mercedes-benz-glk-350-not/7887719862.html,"2014 Mercedes-Benz GLK 350, Not a rebuild, local, One Owner",craigslist_calgary.csv
calgary,2022,RAM,1500 Classic SLT,36988.0,like new,87367,gas,automatic,https://calgary.craigslist.org/ctd/d/calgary-2022-ram-1500-classic-slt-stock/7887947169.html,"2022 RAM 1500 Classic SLT,  Stock #10934",craigslist_calgary.csv
calgary,2023,RAM,1500 Classic SLT,38988.0,like new,67889,gas,automatic,https://calgary.craigslist.org/ctd/d/calgary-2023-ram-1500-classic-slt/7887949101.html,"2023 RAM 1500 Classic SLT, Stock#10935",craigslist_calgary.csv
calgary,2024,Jeep,Grand Wagoneer Series II Obsidian,104888.0,like new,20266,gas,automatic,https://calgary.craigslist.org/ctd/d/calgary-2024-jeep-grand-wagoneer-series/7886987791.html,"2024 Jeep Grand Wagoneer Series II Obsidian, Demo Saving $27,940",craigslist_calgary.csv
calgary,2021,Jeep,Wrangler Willys,32988.0,like new,69974,gas,automatic,https://calgary.craigslist.org/ctd/d/calgary-2021-jeep-wrangler-willys-no/7889092467.html,"2021 Jeep Wrangler Willys, No Accidents, 1 Owner, Local #250335A",craigslist_calgary.csv
calgary,2023,RAM,1500 Classic SLT,38988.0,like new,74405,gas,automatic,https://calgary.craigslist.org/ctd/d/calgary-2023-ram-1500-classic-slt/7887950971.html,2023 RAM 1500 Classic SLT,craigslist_calgary.csv
calgary,2020,Ford,Explorer XLT,30488.0,excellent,115119,gas,automatic,https://calgary.craigslist.org/ctd/d/calgary-2020-ford-explorer-xlt-one/7886311812.html,"2020 Ford Explorer XLT, One Owner, No Accidents, Service History,Local",craigslist_calgary.csv
calgary,2024,Ford,Escape ST-Line Select,36788.0,like new,16091,gas,automatic,https://calgary.craigslist.org/ctd/d/calgary-2024-ford-escape-st-line-select/7886321761.html,"2024 Ford Escape ST-Line Select, No Accidents, Service History #10927",craigslist_calgary.csv
calgary,2018,Mercedes-Benz,GLC AMG 43,37988.0,excellent,70176,gas,automatic,https://calgary.craigslist.org/ctd/d/calgary-2018-mercedes-benz-glc-amg-43/7886322997.html,"2018 Mercedes-Benz GLC AMG 43, Service History, Not a rebuild",craigslist_calgary.csv
calgary,2022,bmw,x3 xdrive30i awd,38488.0,like new,67252,gas,automatic,https://calgary.craigslist.org/ctd/d/calgary-2022-bmw-x3-xdrive30i-awd/7886324214.html,"2022 BMW X3 xDrive30i AWD, Panoramic Sunroof, Not a rebuild, local",craigslist_calgary.csv
calgary,2025,Jeep,Compass North,36880.0,like new,8063,gas,automatic,https://calgary.craigslist.org/ctd/d/calgary-2025-jeep-compass-north-4wd/7886757260.html,"2025 Jeep Compass North 4WD, Demo Saving $7,740, No Accidents, Local",craigslist_calgary.csv
calgary,2016,RAM,1500 Limited,31988.0,excellent,124299,diesel,automatic,https://calgary.craigslist.org/ctd/d/calgary-2016-ram-1500-limited-local/7886325446.html,"2016 RAM 1500 Limited, Local, Service History and not a rebuild",craigslist_calgary.csv
calgary,2018,Jeep,Wrangler Rubicon,33988.0,excellent,148250,gas,manual,https://calgary.craigslist.org/ctd/d/calgary-2018-jeep-wrangler-rubicon1/7886326271.html,"2018 Jeep Wrangler Rubicon,1 owner, Local,Service History, No Accident",craigslist_calgary.csv
calgary,2023,Chrysler,300 S AWD,34988.0,excellent,81800,gas,automatic,https://calgary.craigslist.org/ctd/d/calgary-2023-chrysler-300-awd-no/7886326956.html,"2023 Chrysler 300 S AWD, No Accidents, Local, SRT Appearance",craigslist_calgary.csv
calgary,2019,RAM,1500 Rebel,34988.0,excellent,175427,gas,automatic,https://calgary.craigslist.org/ctd/d/calgary-2019-ram-1500-rebel-not-rebuild/7886327701.html,"2019 RAM 1500 Rebel, Not a rebuild, local and service history",craigslist_calgary.csv
calgary,2023,Chrysler,300 Touring L AWD,35988.0,excellent,73041,gas,automatic,https://calgary.craigslist.org/ctd/d/calgary-2023-chrysler-300-touring-awd/7886328896.html,"2023 Chrysler 300 Touring L AWD, No Accidents, Local #10915",craigslist_calgary.csv
calgary,2020,RAM,1500 Big Horn,36988.0,excellent,89000,hybrid,automatic,https://calgary.craigslist.org/ctd/d/calgary-2020-ram-1500-big-horn-no/7886329401.html,"2020 RAM 1500 Big Horn, No Accidents, Local, Service History #10933",craigslist_calgary.csv
calgary,2022,RAM,1500 Classic SLT,37655.0,excellent,81090,gas,automatic,https://calgary.craigslist.org/ctd/d/calgary-2022-ram-1500-classic-slt-local/7886330029.html,"2022 RAM 1500 Classic SLT, Local, Service history and not a rebuild",craigslist_calgary.csv
calgary,2024,Dodge,Hornet GT,37988.0,like new,17712,gas,automatic,https://calgary.craigslist.org/ctd/d/calgary-2024-dodge-hornet-gt-no/7886330665.html,"2024 Dodge Hornet GT, No Accidents, Local, Service History",craigslist_calgary.csv
calgary,2021,Kia,Soul EX,19411.0,like new,67889,gas,automatic,https://calgary.craigslist.org/ctd/d/calgary-2021-kia-soul-ex-heated-seats/7886219170.html,2021 Kia Soul EX-Heated Seats-10.25 Touchscreen-NAV-FWD Collision-Lane,craigslist_calgary.csv
calgary,2022,Kia,K5 GT-Line,29488.0,like new,61838,gas,automatic,https://calgary.craigslist.org/ctd/d/calgary-2022-kia-k5-gt-line-one-owner/7886257521.html,"2022 Kia K5 GT-Line, One Owner, Local, Service History, No Accidents",craigslist_calgary.csv
calgary,2017,RAM,2500 Power Wagon,28988.0,excellent,236220,gas,automatic,https://calgary.craigslist.org/ctd/d/calgary-2017-ram-2500-power-wagon-no/7886256976.html,"2017 RAM 2500 Power Wagon, No Accidents, Local and Service History",craigslist_calgary.csv
calgary,2025,Jeep,Compass North,37188.0,like new,300,gas,automatic,https://calgary.craigslist.org/ctd/d/calgary-2025-jeep-compass-north-4wd/7886758544.html,"2025 Jeep Compass North 4WD, Demo Saving $6,567, No Accidents, Local",craigslist_calgary.csv
calgary,2025,Jeep,Wrangler Willys,56999.0,like new,300,gas,automatic,https://calgary.craigslist.org/ctd/d/calgary-2025-jeep-wrangler-willys-4wd/7886784047.html,"2025 Jeep Wrangler Willys 4WD, Demo Saving $13,571, No Accident, Local",craigslist_calgary.csv
calgary,2023,Jeep,Compass Sport,28088.0,like new,11550,gas,automatic,https://calgary.craigslist.org/ctd/d/calgary-2023-jeep-compass-sport-no/7886255632.html,"2023 Jeep Compass Sport, No Accidents, Service History, Low KM",craigslist_calgary.csv
calgary,2025,RAM,1500 Sport,73095.0,like new,1677,gas,automatic,https://calgary.craigslist.org/ctd/d/calgary-2025-ram-1500-sport-4wd-demo/7886866530.html,"2025 RAM 1500 Sport 4WD Demo Saving $13,015, No Accident, Local",craigslist_calgary.csv
calgary,2024,RAM,1500 Classic Tradesman,52880.0,like new,300,gas,automatic,https://calgary.craigslist.org/ctd/d/calgary-2024-ram-1500-classic-tradesman/7886775261.html,"2024 RAM 1500 Classic Tradesman 4WD, Demo Saving $11,425 No Accidents",craigslist_calgary.csv
calgary,2025,Jeep,Compass North,38688.0,like new,300,gas,automatic,https://calgary.craigslist.org/ctd/d/calgary-2025-jeep-compass-north-4wd/7886760269.html,"2025 Jeep Compass North 4WD, Demo Saving $6,237, No Accidents, Local",craigslist_calgary.csv
calgary,2024,Dodge,Hornet R/T,46880.0,like new,300,gas,automatic,https://calgary.craigslist.org/ctd/d/calgary-2024-dodge-hornet-t-awd-demo/7886773751.html,"2024 Dodge Hornet R/T AWD, Demo Saving $15,925, No Accidents, Local",craigslist_calgary.csv
calgary,2018,RAM,1500 Sport,27988.0,excellent,131872,gas,automatic,https://calgary.craigslist.org/ctd/d/calgary-2018-ram-1500-sport-service/7886252880.html,"2018 RAM 1500 Sport, Service History, No Accidents",craigslist_calgary.csv
calgary,2025,Jeep,Wrangler Rubicon,67999.0,like new,300,gas,automatic,https://calgary.craigslist.org/ctd/d/calgary-2025-jeep-wrangler-rubicon-4wd/7886790202.html,"2025 Jeep Wrangler Rubicon 4WD, Demo Saving $11,591, No Accident,Local",craigslist_calgary.csv
calgary,2025,ram,1500 rebel,76895.0,like new,1097,gas,automatic,https://calgary.craigslist.org/ctd/d/calgary-2025-ram-1500-rebel-4wd-demo/7886870207.html,"2025 RAM 1500 Rebel 4WD, Demo Saving $12,170, No Accidents, Local",craigslist_calgary.csv
calgary,2025,ram,1500 sport,79595.0,like new,5347,gas,automatic,https://calgary.craigslist.org/ctd/d/calgary-2025-ram-1500-sport-gt-demo/7886874452.html,"2025 RAM 1500 Sport GT Demo Saving $15,900 No Accidents, Local",craigslist_calgary.csv
calgary,2018,Nissan,Murano Midnight Edition,21228.0,excellent,113000,gas,automatic,https://calgary.craigslist.org/ctd/d/calgary-2018-nissan-murano-midnight/7886242798.html,"2018 Nissan Murano Midnight Edition,Remote Start-NAV - 2 Sets of Wheel",craigslist_calgary.csv
calgary,2019,Volvo,S60 Momentum,27788.0,like new,98909,gas,automatic,https://calgary.craigslist.org/ctd/d/calgary-2019-volvo-s60-momentum-no/7886249570.html,"2019 Volvo S60 Momentum, No Accidents, Service History",craigslist_calgary.csv
calgary,2025,Jeep,Grand Cherokee Altitude,52988.0,like new,6523,gas,automatic,https://calgary.craigslist.org/ctd/d/calgary-2025-jeep-grand-cherokee/7886776675.html,"2025 Jeep Grand Cherokee Altitude 4WD, Demo Saving $14,567,No Accident",craigslist_calgary.csv
calgary,2025,Chrysler,Pacifica Select,54995.0,like new,300,gas,automatic,https://calgary.craigslist.org/ctd/d/calgary-2025-chrysler-pacifica-select/7886778200.html,"2025 Chrysler Pacifica Select FWD, Demo Saving $2,895, No Accident",craigslist_calgary.csv
calgary,2025,Dodge,Durango GT,56880.0,like new,300,gas,automatic,https://calgary.craigslist.org/ctd/d/calgary-2025-dodge-durango-gt-awd-demo/7886782452.html,"2025 Dodge Durango GT AWD, Demo Saving $7,355, No Accident, Local",craigslist_calgary.csv
calgary,2025,Jeep,Wrangler Sport S,55499.0,like new,300,gas,automatic,https://calgary.craigslist.org/ctd/d/calgary-2025-jeep-wrangler-sport-4wd/7886779606.html,"2025 Jeep Wrangler Sport S 4WD, Demo Saving $12,461",craigslist_calgary.csv
calgary,2024,RAM,1500 Classic Warlock,56880.0,like new,10428,gas,automatic,https://calgary.craigslist.org/ctd/d/calgary-2024-ram-1500-classic-warlock/7886783084.html,"2024 RAM 1500 Classic Warlock 4WD, Demo Saving $12,135, No Accident",craigslist_calgary.csv
calgary,2025,Jeep,Wrangler Willys,57488.0,like new,300,gas,automatic,https://calgary.craigslist.org/ctd/d/calgary-2025-jeep-wrangler-willys-4wd/7886785136.html,"2025 Jeep Wrangler Willys 4WD, Demo Saving $13,277, No Accident, Local",craigslist_calgary.csv
calgary,2025,Jeep,Grand Cherokee Limited,62485.0,like new,300,gas,automatic,https://calgary.craigslist.org/ctd/d/calgary-2025-jeep-grand-cherokee/7886786041.html,"2025 Jeep Grand Cherokee Limited 4WD, Demo Saving $14,155, No Accident",craigslist_calgary.csv
calgary,2025,RAM,1500 Sport,63995.0,like new,300,gas,automatic,https://calgary.craigslist.org/ctd/d/calgary-2025-ram-1500-sport-4wd-demo/7886787177.html,"2025 RAM 1500 Sport 4WD, Demo Saving $13,425, No Accident, Local",craigslist_calgary.csv
calgary,2025,RAM,1500 Sport,64995.0,like new,300,gas,automatic,https://calgary.craigslist.org/ctd/d/calgary-2025-ram-1500-sport-4wd-demo/7886787865.html,"2025 RAM 1500 Sport 4WD, Demo Saving $12,925, No Accident, Local",craigslist_calgary.csv
calgary,2025,RAM,1500 Sport,67995.0,like new,300,gas,automatic,https://calgary.craigslist.org/ctd/d/calgary-2025-ram-1500-sport-4wd-demo/7886788893.html,"2025 RAM 1500 Sport 4WD, Demo Saving $12,525, No Accident, Local",craigslist_calgary.csv
calgary,2025,ram,1500 sport gt,77995.0,like new,5966,gas,automatic,https://calgary.craigslist.org/ctd/d/calgary-2025-ram-1500-sport-gt-4wd-demo/7886871446.html,"2025 RAM 1500 Sport GT 4WD, Demo Saving $15,900, No Accident, Local",craigslist_calgary.csv
calgary,2025,Jeep,Grand Cherokee L Limited,68680.0,like new,300,gas,automatic,https://calgary.craigslist.org/ctd/d/calgary-2025-jeep-grand-cherokee/7886791033.html,"2025 Jeep Grand Cherokee L Limited 4WD, Demo Saving $8,665,No Accident",craigslist_calgary.csv
calgary,2016,RAM,1500 SLT,22985.0,excellent,130606,gas,automatic,https://calgary.craigslist.org/ctd/d/calgary-2016-ram-1500-slt-one-owner/7886244811.html,"2016 RAM 1500 SLT, One Owner, Local, Service History and not a rebuild",craigslist_calgary.csv
calgary,2022,Jeep,Compass Sport,26785.0,like new,37648,gas,automatic,https://calgary.craigslist.org/ctd/d/calgary-2022-jeep-compass-sport-1owner/7886247385.html,"2022 Jeep Compass Sport, 1owner, Local, No Accidents, Service History",craigslist_calgary.csv
calgary,2022,Volkswagen,Taos Trendline,25988.0,like new,58230,gas,automatic,https://calgary.craigslist.org/ctd/d/calgary-2022-volkswagen-taos-trendline/7886245609.html,"2022 Volkswagen Taos Trendline, No Accidents, Local & Service History",craigslist_calgary.csv
calgary,2024,Jeep,Compass North,35995.0,like new,600,gas,automatic,https://calgary.craigslist.org/ctd/d/calgary-2024-jeep-compass-north-4wd/7886755569.html,"2024 Jeep Compass North 4WD, Demo Saving $9,570, No Accidents, Local",craigslist_calgary.csv
calgary,2025,Jeep,Compass Sport,34895.0,like new,300,gas,automatic,https://calgary.craigslist.org/ctd/d/calgary-2025-jeep-compass-sport-4wd/7886754001.html,"2025 Jeep Compass Sport 4WD, Demo Saving $3,250, No Accident, Local",craigslist_calgary.csv
calgary,2025,Jeep,Compass Sport,34895.0,like new,300,gas,automatic,https://calgary.craigslist.org/ctd/d/calgary-2025-jeep-compass-sport-4wd/7886751731.html,"2025 Jeep Compass Sport 4WD, Demo Saving $3,745, No Accidents, Local",craigslist_calgary.csv
calgary,2025,Jeep,Compass Sport,34895.0,like new,300,gas,automatic,https://calgary.craigslist.org/ctd/d/calgary-2025-jeep-compass-sport-4wd/7886750261.html,"2025 Jeep Compass Sport 4WD, Demo Saving $3,300, No Accidents, Local",craigslist_calgary.csv
calgary,2025,Jeep,Compass Sport,34895.0,like new,300,gas,automatic,https://calgary.craigslist.org/ctd/d/calgary-2025-jeep-compass-sport-4wd/7886749351.html,"2025 Jeep Compass Sport 4WD, Demo Saving $3,695, No Accidents, Local",craigslist_calgary.csv
calgary,2025,Jeep,Compass Sport,34895.0,like new,300,gas,automatic,https://calgary.craigslist.org/ctd/d/calgary-2025-jeep-compass-sport-4wd/7886746466.html,"2025 Jeep Compass Sport 4WD, Demo Savings $3,745, No Accidents, Local",craigslist_calgary.csv
calgary,2025,Jeep,Compass Sport,34895.0,like new,300,gas,automatic,https://calgary.craigslist.org/ctd/d/calgary-2025-jeep-compass-sport-4wd/7886743404.html,"2025 Jeep Compass Sport 4WD, Demo Savings $3,745, No Accidents, Local",craigslist_calgary.csv
calgary,2025,Jeep,Compass Sport,32999.0,like new,5815,gas,automatic,https://calgary.craigslist.org/ctd/d/calgary-2025-jeep-compass-sport-4wd/7886741477.html,"2025 Jeep Compass Sport 4WD, Demo Saving $5,881, No Accidents, Local",craigslist_calgary.csv
calgary,2025,Jeep,Compass Sport,32999.0,like new,300,gas,automatic,https://calgary.craigslist.org/ctd/d/calgary-2025-jeep-compass-sport-4wd/7886739428.html,"2025 Jeep Compass Sport 4WD, Demo Saving $5,881, No Accidents, Local",craigslist_calgary.csv
calgary,2024,500e,(RED) Edition,29999.0,like new,300,electric,automatic,https://calgary.craigslist.org/ctd/d/calgary-2024-fiat-500e-red-edition-demo/7886736683.html,"2024 Fiat 500e (RED) Edition, DEMO Savings $12,786, No Accidents,Local",craigslist_calgary.csv
calgary,2024,Fiat,500e (RED) Edition,29999.0,like new,300,electric,automatic,https://calgary.craigslist.org/ctd/d/calgary-2024-fiat-500e-red-edition-demo/7886735129.html,"2024 Fiat 500e (RED) Edition, DEMO Savings $12,191, No Accidents,Local",craigslist_calgary.csv
calgary,2024,Fiat,500e (RED) Edition,29995.0,like new,300,electric,automatic,https://calgary.craigslist.org/ctd/d/calgary-2024-fiat-500e-red-edition-demo/7886733377.html,"2024 Fiat 500e (RED) Edition, DEMO Saving $12,790 No Accidents",craigslist_calgary.csv
calgary,2018,ram,1500 sport,27988.0,excellent,139214,gas,automatic,https://calgary.craigslist.org/ctd/d/calgary-2018-ram-1500-sport-not-rebuild/7887981774.html,"2018 RAM 1500 Sport, Not a rebuild, Service History, Sunroof, back Cam",craigslist_calgary.csv
calgary,2021,RAM,1500 Classic Warlock,38988.0,like new,74604,gas,automatic,https://calgary.craigslist.org/ctd/d/calgary-2021-ram-1500-classic-warlock/7887980747.html,"2021 RAM 1500 Classic Warlock, No Accidents, 1Owner, Service History",craigslist_calgary.csv
calgary,2025,toyota,rav4 le awd,39988.0,like new,15633,gas,automatic,https://calgary.craigslist.org/ctd/d/calgary-2025-toyota-rav4-le-awd-no/7886716351.html,"2025 Toyota RAV4 LE AWD, No Accidents, Local / Service History #10938",craigslist_calgary.csv
calgary,2025,toyota,rav4 hybrid xle awd,47488.0,like new,14248,gas,automatic,https://calgary.craigslist.org/ctd/d/calgary-2025-toyota-rav4-hybrid-le-awd/7886718272.html,"2025 Toyota RAV4 Hybrid LE AWD, No Accidents, Local & Service History",craigslist_calgary.csv
calgary,2021,Mercedes-Benz,mercedes-amg c-class,65500.0,like new,51500,gas,automatic,https://calgary.craigslist.org/ctd/d/calgary-2021-mercedes-benz-amg-class-no/7886726255.html,"2021 Mercedes-Benz AMG C Class, No Accidents, Service History, Low KM",craigslist_calgary.csv
calgary,2020,RAM,1500 Big Horn - Level II,37988.0,like new,112600,gas,automatic,https://calgary.craigslist.org/ctd/d/calgary-2020-ram-1500-big-horn-level-ii/7886714790.html,"2020 RAM 1500 Big Horn Level II, Not a rebuild, local, #250469B",craigslist_calgary.csv
calgary,2014,Jeep,Patriot North,9488.0,excellent,121185,gas,automatic,https://calgary.craigslist.org/ctd/d/calgary-2014-jeep-patriot-north-one/7886096353.html,"2014 Jeep Patriot North, One Owner, Not a rebuild, Local #10931",craigslist_calgary.csv
calgary,2006,Jeep,Grand Cherokee Laredo,7999.0,good,380000,gas,automatic,https://calgary.craigslist.org/ctd/d/calgary-2006-jeep-grand-cherokee-laredo/7886099543.html,2006 Jeep Grand Cherokee Laredo,craigslist_calgary.csv
calgary,2009,Volvo,S80 T6,8998.0,excellent,291300,gas,automatic,https://calgary.craigslist.org/ctd/d/calgary-2009-volvo-s80-t6-local-service/7886100472.html,"2009 Volvo S80 T6 ,Local, Service History,Not a rebuild,Stock #250087A",craigslist_calgary.csv
calgary,2015,Audi,A4 Komfort plus,11999.0,excellent,215877,gas,automatic,https://calgary.craigslist.org/ctd/d/calgary-2015-audi-a4-komfortone-owner/7886101681.html,"2015 Audi A4 Komfort,One owner, local, service history, not a rebuild",craigslist_calgary.csv
calgary,2015,Dodge,Grand Caravan SXT,13988.0,excellent,179529,gas,automatic,https://calgary.craigslist.org/ctd/d/calgary-2015-dodge-grand-caravan-sxt/7886209219.html,"2015 Dodge Grand Caravan SXT, Local, Service History, Not a rebuild",craigslist_calgary.csv
calgary,2016,Ford,Fusion SE-AWD,12998.0,excellent,142500,gas,automatic,https://calgary.craigslist.org/ctd/d/calgary-2016-ford-fusion-se-awdservice/7886207378.html,"2016 Ford Fusion SE-AWD,Service History, Not a rebuild,#250228A",craigslist_calgary.csv
calgary,2019,Dodge,Grand Caravan Canada Value Package,17988.0,excellent,120047,gas,automatic,https://calgary.craigslist.org/ctd/d/calgary-2019-dodge-grand-caravan-canada/7886215320.html,"2019 Dodge Grand Caravan Canada Value Pkg,1 Owner,Local, Not a rebuild",craigslist_calgary.csv
calgary,2018,RAM,1500 Harvest Edition,18988.0,excellent,239000,gas,automatic,https://calgary.craigslist.org/ctd/d/calgary-2018-ram-1500-harvest-edition/7886217966.html,"2018 RAM 1500 Harvest Edition, 1owner,Not a rebuild, local #250028A",craigslist_calgary.csv
calgary,2014,Dodge,Challenger SXT,18488.0,excellent,142422,gas,automatic,https://calgary.craigslist.org/ctd/d/calgary-2014-dodge-challenger-sxt/7886217155.html,"2014 Dodge Challenger SXT, 1Owner, Local, Low KM, Not a rebuild",craigslist_calgary.csv
calgary,2018,Nissan,Altima 2.5 SV,15988.0,excellent,103364,gas,automatic,https://calgary.craigslist.org/ctd/d/calgary-2018-nissan-altima-25-sv-no/7886212688.html,"2018 Nissan Altima 2.5 SV, No Accidents, Service history, #J24047C",craigslist_calgary.csv
calgary,2017,Jeep,Cherokee Limited,14988.0,excellent,120000,gas,automatic,https://calgary.craigslist.org/ctd/d/calgary-2017-jeep-cherokee-limited-nav/7886210686.html,"2017 Jeep Cherokee Limited, Nav, Sunroof, blind spot **Rebuild Unit***",craigslist_calgary.csv
calgary,2022,RAM,1500 Sport GT - Level II,56988.0,like new,41478,hybrid,automatic,https://calgary.craigslist.org/ctd/d/calgary-2022-ram-1500-sport-gt-level-ii/7889601816.html,"2022 RAM 1500 Sport GT - Level II, No Accidents, Local #10943",craigslist_calgary.csv
calgary,2021,RAM,1500 Limited Level I,52988.0,like new,116000,diesel,automatic,https://calgary.craigslist.org/ctd/d/calgary-2021-ram-1500-limited-level/7889600316.html,"2021 RAM 1500 Limited Level I Diesel, One Owner, Not a rebuild, Local",craigslist_calgary.csv
calgary,2024,Jeep,Grand Cherokee L Summit,74488.0,like new,24105,gas,automatic,https://calgary.craigslist.org/ctd/d/calgary-2024-jeep-grand-cherokee-summit/7889599002.html,"2024 Jeep Grand Cherokee L Summit, No Accidents, Local and One Owner",craigslist_calgary.csv
calgary,2007,Toyota,Yaris RS,6999.0,excellent,244799,gas,automatic,https://calgary.craigslist.org/ctd/d/calgary-2007-toyota-yaris-rs-no/7889597775.html,"2007 Toyota Yaris RS, No Accidents, Service, Not a rebuild, #10919C",craigslist_calgary.csv
calgary,2024,Dodge,Durango GT Plus,52988.0,like new,15784,gas,automatic,https://calgary.craigslist.org/ctd/d/calgary-2024-dodge-durango-gt-plus-no/7889592264.html,"2024 Dodge Durango GT Plus, No Accidents, Local and Service History",craigslist_calgary.csv
calgary,2015,Jeep,Grand Cherokee Limited,21988.0,,71500,gas,automatic,https://calgary.craigslist.org/ctd/d/calgary-2015-jeep-grand-cherokee/7889509660.html,"2015 Jeep Grand Cherokee Limited 4WD, No Accidents, Local",craigslist_calgary.csv
calgary,2022,ford,mustang mach-e gt,32988.0,like new,46343,electric,automatic,https://calgary.craigslist.org/ctd/d/calgary-2022-ford-mustang-mach-gt-no/7889488479.html,"2022 Ford Mustang Mach-E GT, No Accidents, Local and Service History",craigslist_calgary.csv
calgary,2008,Toyota,Hiace from Tokyo. Beautiful Van Super GL A,39999.0,excellent,77000,diesel,automatic,https://calgary.craigslist.org/cto/d/vancouver-toyota-hiace-diesel-km-mint/7876810948.html,Toyota Hiace ⛽ Diesel ⛽ 77000km Mint Condition,craigslist_calgary.csv
calgary,2021,bmw,m340i,52988.0,like new,71019,gas,automatic,https://calgary.craigslist.org/ctd/d/calgary-2021-bmw-m340i-xdrive-one-owner/7889384986.html,"2021 BMW M340i xDrive, One Owner, No Accidents, Local, Service History",craigslist_calgary.csv
calgary,2021,Ford,Expedition XLT,43988.0,like new,113838,gas,automatic,https://calgary.craigslist.org/ctd/d/calgary-2021-ford-expedition-xlt-4wd-no/7889379121.html,"2021 Ford Expedition XLT 4WD, No Accidents, Local and Service History",craigslist_calgary.csv
calgary,2016,chrysler,200 lx,9500.0,excellent,151900,gas,automatic,https://calgary.craigslist.org/cto/d/calgary-south-chrysler-200-lx-2016/7889360446.html,Chrysler 200 LX 2016,craigslist_calgary.csv
calgary,2020,ram,1500 big horn,36988.0,like new,90083,gas,automatic,https://calgary.craigslist.org/ctd/d/calgary-2020-ram-1500-big-horn-level/7889332158.html,"2020 RAM 1500 Big Horn Level II,No Accidents,Local and Service History",craigslist_calgary.csv
calgary,2011,toyota,rav4,17988.0,like new,110710,gas,automatic,https://calgary.craigslist.org/ctd/d/calgary-2011-toyota-rav-sport-awd-no/7889317459.html,"2011 Toyota Rav 4 Sport AWD, No Accidents, Local and Service History",craigslist_calgary.csv
calgary,2007,Toyota,Camry LE,2500.0,,132803,gas,automatic,https://calgary.craigslist.org/cto/d/calgary-2007-toyota-camry-le/7888708827.html,2007 Toyota Camry LE,craigslist_calgary.csv
calgary,2024,Kia,Sportage X-Line,34888.0,,29657,gas,automatic,https://calgary.craigslist.org/ctd/d/vancouver-2024-kia-sportage-line-all/7889268000.html,2024 Kia Sportage X-Line| All Wheel Drive | Blind-spot Collision Av,craigslist_calgary.csv
calgary,2017,hyundai,elantra,14500.0,excellent,113000,gas,automatic,https://calgary.craigslist.org/cto/d/airdrie-hyundai-elentra/7889271709.html,Hyundai Elentra,craigslist_calgary.csv
calgary,2007,Ford,Mustang Shelby GT500,54338.0,like new,5200,gas,manual,https://calgary.craigslist.org/ctd/d/langley-city-2007-ford-mustang-shelby/7889268864.html,2007 Ford Mustang Shelby GT500 Stock,craigslist_calgary.csv
calgary,2019,Volkswagen,Golf R,38995.0,like new,51115,gas,automatic,https://calgary.craigslist.org/ctd/d/langley-city-2019-volkswagen-golf/7889264982.html,2019 Volkswagen Golf R modified,craigslist_calgary.csv
calgary,2015,Chrysler,Town & Country Touring,14988.0,excellent,120410,gas,automatic,https://calgary.craigslist.org/ctd/d/calgary-2015-chrysler-town-country/7888662184.html,"2015 Chrysler Town & Country Touring, Not a rebuild, 1 Owner",craigslist_calgary.csv
calgary,2023,RAM,1500 Laramie,55988.0,like new,51936,gas,automatic,https://calgary.craigslist.org/ctd/d/calgary-2023-ram-1500-laramie-no/7888669438.html,"2023 RAM 1500 Laramie, No Accidents, Service History Stock #10942",craigslist_calgary.csv
calgary,2019,bmw,x3 xdrive30i awd,25988.0,like new,128481,gas,automatic,https://calgary.craigslist.org/ctd/d/calgary-2019-bmw-x3-xdrive30i-no/7888670707.html,"2019 BMW X3 xDrive30i, No Accidents, Local and Service History #10912B",craigslist_calgary.csv
calgary,2008,Mitsubishi,Delica D5,17000.0,like new,160000,gas,automatic,https://calgary.craigslist.org/ctd/d/richmond-2008-mitsubishi-delica-d5-4wd/7886562616.html,"2008 Mitsubishi Delica D5 4WD Chamonix w/Dual Sliding Door 160,000 km",craigslist_calgary.csv
calgary,2010,Honda,Stepwagon Spada,10800.0,like new,85000,gas,automatic,https://calgary.craigslist.org/ctd/d/richmond-2010-honda-stepwagon-spada-van/7887802788.html,"2010 Honda Stepwagon Spada Van 4WD w/Dual Sliding Door 85,000 km",craigslist_calgary.csv
calgary,2009,Toyota,BB Hatchback G-Package,7000.0,like new,48000,gas,automatic,https://calgary.craigslist.org/ctd/d/richmond-2009-toyota-bb-hatchback/7885176526.html,"2009 Toyota BB Hatchback G-Package LOW Mileage 48,000 km",craigslist_calgary.csv
calgary,2007,Honda,Stepwagon,10000.0,like new,16000,gas,automatic,https://calgary.craigslist.org/ctd/d/richmond-2006-honda-stepwagon-van-fwd/7885175763.html,"2006 Honda Stepwagon Van FWD w/Dual Sliding Door 16,000 km",craigslist_calgary.csv
calgary,2008,Daihatsu,Tanto Van,6500.0,like new,110000,gas,automatic,https://calgary.craigslist.org/ctd/d/richmond-2008-daihatsu-tanto-van-km/7885179352.html,"2008 Daihatsu Tanto Van 110,000 km",craigslist_calgary.csv
calgary,2010,Honda,Fit Hatchback,9500.0,like new,87000,gas,automatic,https://calgary.craigslist.org/ctd/d/richmond-2010-honda-freed-van-dual/7885172181.html,"2010 Honda Freed Van w/Dual Sliding LOW Mileage 87,000 km",craigslist_calgary.csv
calgary,2009,Honda,Fit Hatchback,8000.0,like new,78000,gas,automatic,https://calgary.craigslist.org/ctd/d/richmond-2009-honda-fit-hatchback-4wd-km/7885172921.html,"2009 Honda Fit Hatchback 4WD 78,000 km",craigslist_calgary.csv
calgary,2007,Mitsubishi,Delica D5,13200.0,like new,153000,gas,automatic,https://calgary.craigslist.org/ctd/d/richmond-2007-mitsubishi-delica-d5-4wd/7884523472.html,"2007 Mitsubishi Delica D5 4WD w/Dual Sliding Door 153,000 km",craigslist_calgary.csv
calgary,2007,Mitsubishi,Delica D5,14000.0,like new,193000,gas,automatic,https://calgary.craigslist.org/ctd/d/richmond-2007-mitsubishi-delica-d5-4wd/7884269691.html,"2007 Mitsubishi Delica D5 4WD Lift w/Dual Sliding Door 193,000 km",craigslist_calgary.csv
calgary,2009,Mazda,Biante,10000.0,like new,55000,gas,automatic,https://calgary.craigslist.org/ctd/d/richmond-2009-mazda-biante-van-4wd-dual/7884523922.html,"2009 Mazda Biante Van 4WD w/Dual Sliding Door 55,000 km",craigslist_calgary.csv
calgary,2009,Mitsubishi,Delica D5,20000.0,like new,143000,gas,automatic,https://calgary.craigslist.org/ctd/d/richmond-2009-mitsubishi-delica-d5-4wd/7884268443.html,"2009 Mitsubishi Delica D5 4WD Lifted w/Dual Sliding Door 143,000 km",craigslist_calgary.csv
calgary,2009,Mitsubishi,Delica D5,14500.0,like new,139000,gas,automatic,https://calgary.craigslist.org/ctd/d/richmond-2009-mitsubishi-delica-d5-4wd/7884267485.html,"2009 Mitsubishi Delica D5 4WD w/Dual Sliding Door 139,000 km",craigslist_calgary.csv
calgary,2010,chrysler,sebring,4850.0,excellent,160000,gas,automatic,https://calgary.craigslist.org/cto/d/calgary-northeast-2010-chrysler-sebring/7871202736.html,2010 CHRYSLER SEBRING SEDAN,craigslist_calgary.csv
calgary,2010,subaru,legacy gt,11000.0,like new,41000,gas,automatic,https://calgary.craigslist.org/cto/d/calgary-2010-subaru-legacy-gt/7872002723.html,2010 Subaru Legacy GT,craigslist_calgary.csv
calgary,1968,Ford,Thunderbird,14500.0,excellent,46000,gas,automatic,https://calgary.craigslist.org/cto/d/squamish-1968-ford-thunderbird-original/7874396217.html,"1968 Ford Thunderbird, original condition....only 46,000 miles",craigslist_calgary.csv
calgary,2017,ford,transit 350,23898.0,like new,188018,gas,automatic,https://calgary.craigslist.org/ctd/d/port-alberni-2017-ford-transit-bus-with/7883904221.html,2017 FORD TRANSIT BUS WITH WHEELCHAIR ACCESS AND LIFT,craigslist_calgary.csv
calgary,2017,ford,transit 350,23898.0,like new,188019,gas,automatic,https://calgary.craigslist.org/ctd/d/port-alberni-2017-ford-transit-bus-with/7883668244.html,2017 FORD TRANSIT BUS WITH WHEELCHAIR ACCESS AND LIFT,craigslist_calgary.csv
calgary,2016,kia,soul,10900.0,excellent,100827,gas,automatic,https://calgary.craigslist.org/cto/d/calgary-2016-kia-soul-ex-gdi/7888177394.html,2016 KIA SOUL EX GDI,craigslist_calgary.csv
calgary,2024,Mercedes,Sprinter,235000.0,like new,13000,diesel,automatic,https://calgary.craigslist.org/cto/d/calgary-awd-mercedes-sprinter-camper/7876410791.html,AWD MERCEDES SPRINTER CAMPER,craigslist_calgary.csv
calgary,2003,chevrolet,trailblazer,2500.0,good,347342,gas,automatic,https://calgary.craigslist.org/cto/d/airdrie-west-2003-chevy-trailblazer/7886388458.html,2003 Chevy Trailblazer,craigslist_calgary.csv
calgary,2008,honda,cr-v,15500.0,excellent,70239,gas,automatic,https://calgary.craigslist.org/cto/d/calgary-2008-honda-crv/7886354667.html,2008 Honda crv,craigslist_calgary.csv
calgary,2023,Dodge,Charger,35657.0,like new,50831,gas,automatic,https://calgary.craigslist.org/ctd/d/calgary-2023-charger-sxt-awd-cold/7886059076.html,2023 Charger  SXT AWD | Cold Weather Group | Navigation,craigslist_calgary.csv
calgary,2023,Hyundai,Sonata N Line,30878.0,like new,49680,gas,automatic,https://calgary.craigslist.org/ctd/d/calgary-2023-sonata-line-heads-up/7886056257.html,2023 Sonata N Line | Heads-Up Display | Heated Steering Wheel,craigslist_calgary.csv
calgary,2023,audi,q5 2023 Komfort,38114.0,excellent,66251,gas,automatic,https://calgary.craigslist.org/ctd/d/calgary-for-sale-2023-audi-q5-quattro/7886053358.html,For Sale: 2023 Audi Q5 Quattro,craigslist_calgary.csv
calgary,2008,toyota,corolla,10500.0,like new,18500,gas,automatic,https://calgary.craigslist.org/cto/d/calgary-toyota-raum/7885892478.html,Toyota raum,craigslist_calgary.csv
calgary,2009,toyota,sienna,16500.0,good,114000,gas,automatic,https://calgary.craigslist.org/cto/d/calgary-toyota-noah-wheelchair/7885891561.html,Toyota noah wheelchair,craigslist_calgary.csv
calgary,2024,bmw,x5,81804.0,like new,49862,gas,automatic,https://calgary.craigslist.org/ctd/d/calgary-2024-bmw-x5-x40i/7885817174.html,2024 BMW X5 x40i,craigslist_calgary.csv
calgary,2005,Ford,Mustang GT,15500.0,like new,100584,gas,automatic,https://calgary.craigslist.org/cto/d/central-okanagan-2005-mustang-gt/7854786089.html,2005 Mustang GT Convertible,craigslist_calgary.csv
calgary,2000,mercedes-benz,s-class,25000.0,excellent,80000,gas,automatic,https://calgary.craigslist.org/cto/d/calgary-2000-mercedes-benz-class-s500/7885229983.html,2000 Mercedes-Benz S-Class S500 BRABUS 5.8,craigslist_calgary.csv
calgary,2016,dodge,grand caravan,9000.0,,143776,gas,automatic,https://calgary.craigslist.org/cto/d/calgary-northwest-2016-dodge-grand/7885130768.html,"2016 Dodge Grand Caravan – Well-Maintained, Fully Equipped TODAY",craigslist_calgary.csv
calgary,2005,honda,civic,1000.0,,105000,gas,automatic,https://calgary.craigslist.org/cto/d/calgary-2005-honda-civic-ex/7884719394.html,2005 Honda Civic EX,craigslist_calgary.csv
calgary,2012,toyota,rav4,3300.0,good,262000,gas,automatic,https://calgary.craigslist.org/cto/d/calgary-toyota-rav-for-sale/7877928245.html,Toyota RAV 4 FOR SALE,craigslist_calgary.csv
calgary,2025,Ford,F-550 F-Series,147759.0,new,14,diesel,automatic,https://calgary.craigslist.org/ctd/d/trail-2025-ford-chassis-cab-550-xl-with/7884137592.html,2025 Ford Chassis Cab F-550 XL with 9' Dump Body and Fisher Snowplow,craigslist_calgary.csv
calgary,2017,Nissan,Armada,29500.0,excellent,140500,gas,automatic,https://calgary.craigslist.org/cto/d/calgary-2017-nissan-armada-platinum/7883965197.html,2017 Nissan Armada Platinum,craigslist_calgary.csv
calgary,2007,bmw,x5,6900.0,good,275000,gas,automatic,https://calgary.craigslist.org/cto/d/calgary-bmw-2007-x5/7883766612.html,BMW  2007 X5,craigslist_calgary.csv
calgary,2015,Audi,A3 quattro Premium Plus,14500.0,like new,153000,gas,automatic,https://calgary.craigslist.org/cto/d/calgary-2015-audi-a3/7883762227.html,2015 Audi A3,craigslist_calgary.csv
calgary,2024,Kia,Sportage EX,34388.0,,19707,gas,automatic,https://calgary.craigslist.org/ctd/d/vancouver-2024-kia-sportage-ex-heated/7883469601.html,2024 Kia Sportage EX | Heated Seats | Sunroof | Leather,craigslist_calgary.csv
calgary,2025,Kia,K4 LX,24388.0,,7374,gas,automatic,https://calgary.craigslist.org/ctd/d/vancouver-2025-kia-k4-lx-lane-keep/7883466861.html,2025 Kia K4 LX | Lane Keep Assist | Backup Camera | Heated Sea,craigslist_calgary.csv
calgary,2025,Kia,Seltos LX,26388.0,,15185,gas,automatic,https://calgary.craigslist.org/ctd/d/vancouver-2025-kia-seltos-lx-lane-keep/7883464141.html,2025 Kia Seltos LX | Lane Keep Assist | Backup Camera | Heated Sea,craigslist_calgary.csv
calgary,2025,Kia,Niro EV Wind,37388.0,,12866,electric,automatic,https://calgary.craigslist.org/ctd/d/vancouver-2025-kia-niro-ev-wind-heated/7883449978.html,2025 Kia Niro EV Wind | Heated Seats | Apple Car Play | Lane Keep A,craigslist_calgary.csv
calgary,2026,Kia,EV9 Light,60388.0,,10914,electric,automatic,https://calgary.craigslist.org/ctd/d/vancouver-2026-kia-ev9-light-passenger/7883446025.html,2026 Kia EV9 Light | 7-passenger seating | Battery Heating Syst,craigslist_calgary.csv
calgary,2015,toyota,highlander xle,21900.0,excellent,230000,gas,automatic,https://calgary.craigslist.org/cto/d/calgary-2015-toyota-highlander-xle/7883263552.html,2015 Toyota highlander xle,craigslist_calgary.csv
calgary,2014,ford,mustang,16000.0,excellent,120000,gas,manual,https://calgary.craigslist.org/cto/d/winnipeg-mustang-v6-for-sale/7880213787.html,Mustang V6 For Sale,craigslist_calgary.csv
calgary,2009,Nissan,Altima,8888.0,good,246000,gas,automatic,https://calgary.craigslist.org/cto/d/calgary-nissan-altima-2009/7882564717.html,Nissan Altima 2009,craigslist_calgary.csv
calgary,2023,hyundai,tucson hybrid,36895.0,like new,40218,hybrid,automatic,https://calgary.craigslist.org/ctd/d/coquitlam-2023-hyundai-tucson-luxury/7882536218.html,"2023 Hyundai Tucson Luxury Hybrid AWD CA$36,895",craigslist_calgary.csv
calgary,2013,Cadillac,ATS Premium,18000.0,excellent,141135,gas,automatic,https://calgary.craigslist.org/cto/d/calgary-2013-cadillac-ats-sport-sedan/7882299099.html,2013 Cadillac ATS Sport Sedan,craigslist_calgary.csv
calgary,2010,dodge,ram 1500 quad cab - Laramie,10750.0,good,176565,gas,automatic,https://calgary.craigslist.org/cto/d/calgary-2010-dodge-ram-1500-quad-cab/7882056375.html,2010 Dodge Ram 1500 Quad Cab Pickup - Laramie Edition,craigslist_calgary.csv
calgary,2022,ram,3500,89888.0,,49000,diesel,automatic,https://calgary.craigslist.org/ctd/d/vancouver-2022-ram-3500-mega-cab-dually/7881979713.html,2022 Ram 3500 Mega Cab Dually - Only 49kms No Accidents!,craigslist_calgary.csv
calgary,2005,toyota,tacoma,2000.0,excellent,123000,gas,automatic,https://calgary.craigslist.org/cto/d/calgary-toyota-tacoma/7881115505.html,Toyota Tacoma,craigslist_calgary.csv
calgary,2020,nissan,murano,14500.0,good,249000,gas,automatic,https://calgary.craigslist.org/cto/d/calgary-2020-nissan-murano-sv/7880080441.html,2020 Nissan Murano SV,craigslist_calgary.csv
calgary,2025,toyota,grand highlander hybrid,83995.0,excellent,284,hybrid,automatic,https://calgary.craigslist.org/ctd/d/high-river-grand-highlander-2025-hybrid/7880863322.html,Grand Highlander 2025 hybrid plat max,craigslist_calgary.csv
calgary,2016,Ram,1500 Eco diesel,28998.0,like new,185465,diesel,automatic,https://calgary.craigslist.org/ctd/d/vancouver-2016-ram-1500-laramie-eco/7880255403.html,2016 Ram 1500 laramie eco-diesel,craigslist_calgary.csv
calgary,1986,Internstional,?,129000.0,excellent,85000,diesel,automatic,https://calgary.craigslist.org/cto/d/calgary-retro-truck-rv-toter/7880044306.html,RETRO TRUCK RV TOTER,craigslist_calgary.csv
calgary,2015,honda,civic si,11500.0,excellent,174775,gas,manual,https://calgary.craigslist.org/cto/d/calgary-northeast-2015-honda-civic-for/7879611180.html,2015 Honda civic for sale,craigslist_calgary.csv
calgary,2022,GMC,Sierra HD 3500 Fleet/Base,51999.0,like new,203080,diesel,automatic,https://calgary.craigslist.org/ctd/d/vancouver-gmc-2022-sierra-3500hd-4wd/7879344129.html,"GMC  2022 Sierra 3500HD 4WD Crew Cab 159"" Pro",craigslist_calgary.csv
calgary,2012,nissan,rogue sl awd,6000.0,good,252888,gas,automatic,https://calgary.craigslist.org/cto/d/calgary-2012-nissan-rogue-sl-awd/7879249177.html,2012 Nissan Rogue SL AWD,craigslist_calgary.csv
calgary,2018,audi,tt,57000.0,like new,58000,gas,automatic,https://calgary.craigslist.org/cto/d/calgary-2018-audi-tt-rs/7879227144.html,2018 Audi TT RS,craigslist_calgary.csv
calgary,2022,Tesla,Model 3,32499.0,like new,56485,electric,automatic,https://calgary.craigslist.org/ctd/d/gibsons-tesla-2022-model-rwd-clean/7879110166.html,Tesla  2022 Model 3 RWD ✅​​CLEAN TITTLE✅,craigslist_calgary.csv
calgary,2021,Audi,Q5 S Line quattro Technik,51600.0,like new,51600,gas,automatic,https://calgary.craigslist.org/ctd/d/calgary-northwest-audi-2021-q5-technik/7879098431.html,Audi  2021 Q5 Technik 45 TFSI quattro ✅​​CLEAN TITTLE ✅​​,craigslist_calgary.csv
abbotsford,2002,bmw,x5,5000.0,excellent,208000,gas,automatic,https://abbotsford.craigslist.org/cto/d/chilliwack-bmw-x5/7889828543.html,BMW X5,craigslist_abbotsford.csv
abbotsford,2019,Jeep,Compass Trailhawk,19980.0,excellent,113000,gas,automatic,https://abbotsford.craigslist.org/ctd/d/new-westminster-northeast-2019-jeep/7889828530.html,2019 Jeep Compass Trailhawk 4x4!!!!!,craigslist_abbotsford.csv
abbotsford,2014,kia,optima lx,1500.0,fair,336000,gas,automatic,https://abbotsford.craigslist.org/cto/d/abbotsford-southeast-2014-kia-optima-gdi/7889827517.html,2014 Kia optima GDI,craigslist_abbotsford.csv
abbotsford,2002,Acura,RSX Type S Coupe 6 Speed Manual,9999.0,excellent,240253,gas,manual,https://abbotsford.craigslist.org/ctd/d/coquitlam-2002-acura-rsx-type-2-door/7889827381.html,2002 Acura RSX Type S 2 Door Coupe 6 Speed Manual Tranny,craigslist_abbotsford.csv
abbotsford,2011,Nissan,Altima 2.5 S 4door Sedan - Automatic,8995.0,excellent,137150,gas,automatic,https://abbotsford.craigslist.org/ctd/d/coquitlam-2011-nissan-altima-25-4dr/7889826504.html,2011 Nissan Altima 2.5 S 4Dr. Automatic,craigslist_abbotsford.csv
abbotsford,2012,Volkswagen,Golf SportWagen,5988.0,excellent,210577,gas,automatic,https://abbotsford.craigslist.org/ctd/d/coquitlam-2012-volkswagen-golf-sport/7889825161.html,2012 Volkswagen Golf Sport Wagon 2.5 SE,craigslist_abbotsford.csv
abbotsford,2017,kia,sorento,5600.0,salvage,170000,gas,automatic,https://abbotsford.craigslist.org/cto/d/langley-township-northwest-suv/7889824532.html,suv,craigslist_abbotsford.csv
abbotsford,2014,mazda,cx-5,9495.0,good,214000,gas,automatic,https://abbotsford.craigslist.org/cto/d/langley-2014-mazda-cx-awd/7884688086.html,2014 Mazda CX-5 AWD,craigslist_abbotsford.csv
abbotsford,2014,nissan,juke sl awd,9985.0,excellent,126000,gas,automatic,https://abbotsford.craigslist.org/cto/d/langley-2014-nissan-juke-awd/7884690178.html,2014 Nissan Juke AWd,craigslist_abbotsford.csv
abbotsford,2023,hyundai,elantra hybrid,21498.0,excellent,58000,gas,automatic,https://abbotsford.craigslist.org/cto/d/langley-2023-hyundai-elantra-hybrid/7882327013.html,2023 Hyundai Elantra Hybrid with 58k,craigslist_abbotsford.csv
abbotsford,2019,honda,cr-v,21985.0,excellent,64000,gas,automatic,https://abbotsford.craigslist.org/cto/d/langley-2019-honda-crv-with-64k/7853910164.html,2019 Honda CRV with 64k,craigslist_abbotsford.csv
abbotsford,2017,chevy,colorado,14985.0,excellent,166000,gas,automatic,https://abbotsford.craigslist.org/cto/d/langley-2017-chevy-colorado/7885894304.html,2017 Chevy Colorado,craigslist_abbotsford.csv
abbotsford,2011,honda,cr-v,9999.0,excellent,179000,gas,automatic,https://abbotsford.craigslist.org/cto/d/langley-2011-honda-crv/7885893911.html,2011 Honda CRV,craigslist_abbotsford.csv
abbotsford,2023,hyundai,elantra,21495.0,excellent,71000,hybrid,automatic,https://abbotsford.craigslist.org/cto/d/langley-2023-hyundai-elantra-hybrid/7885893630.html,2023 Hyundai Elantra Hybrid With 71K,craigslist_abbotsford.csv
abbotsford,2012,MINI,COOPER,6999.0,,116081,gas,manual,https://abbotsford.craigslist.org/ctd/d/vancouver-2012-mini-cooper-cooper-for/7889822816.html,2012 MINI COOPER Cooper For Sale Vancouver BC,craigslist_abbotsford.csv
abbotsford,2011,BMW,550,17888.0,,99877,gas,automatic,https://abbotsford.craigslist.org/ctd/d/vancouver-2011-bmw-550-for-sale/7889822732.html,2011 BMW 550 I For Sale Vancouver BC,craigslist_abbotsford.csv
abbotsford,2014,FORD,MUSTANG,9888.0,,167355,gas,manual,https://abbotsford.craigslist.org/ctd/d/vancouver-2014-ford-mustang/7889822713.html,2014 FORD MUSTANG,craigslist_abbotsford.csv
abbotsford,2016,Toyota,Prius,,,149800,other,automatic,https://abbotsford.craigslist.org/ctd/d/vancouver-2016-toyota-prius-for-sale/7889822377.html,2016 Toyota Prius For Sale Vancouver BC,craigslist_abbotsford.csv
abbotsford,2014,MINI,COOPER,13888.0,,70768,gas,automatic,https://abbotsford.craigslist.org/ctd/d/vancouver-2014-mini-cooper-hardtop/7889822200.html,2014 MINI COOPER HARDTOP,craigslist_abbotsford.csv
abbotsford,2020,GMC,SIERRA C1500,,,98392,gas,automatic,https://abbotsford.craigslist.org/ctd/d/vancouver-2020-gmc-sierra-c1500/7889822172.html,2020 GMC SIERRA C1500,craigslist_abbotsford.csv
abbotsford,2014,FERRARI,458,,,97706,gas,automatic,https://abbotsford.craigslist.org/ctd/d/vancouver-2014-ferrari-458-spider-for/7889822075.html,2014 FERRARI 458 SPIDER For Sale Vancouver BC,craigslist_abbotsford.csv
abbotsford,2016,TOYOTA,PRIUS C,,,148278,hybrid,automatic,https://abbotsford.craigslist.org/ctd/d/vancouver-2016-toyota-prius-nhp10l-for/7889822032.html,2016 TOYOTA PRIUS C NHP10L For Sale Vancouver BC,craigslist_abbotsford.csv
abbotsford,2016,LAND,ROVER RANGE ROVER,,,132261,diesel,automatic,https://abbotsford.craigslist.org/ctd/d/vancouver-2016-land-rover-range-rover/7889821949.html,2016 LAND ROVER RANGE ROVER HSE For Sale Vancouver BC,craigslist_abbotsford.csv
abbotsford,2017,HYUNDAI,TUCSON,,,171563,gas,automatic,https://abbotsford.craigslist.org/ctd/d/vancouver-2017-hyundai-tucson-limited/7889821884.html,2017 HYUNDAI TUCSON LIMITED	For Sale Vancouver BC,craigslist_abbotsford.csv
abbotsford,2013,BMW,X5,,,243268,diesel,other,https://abbotsford.craigslist.org/ctd/d/vancouver-2013-bmw-x5-awd-4dr-suv-auto/7889821820.html,2013 BMW X5 AWD 4dr SUV  AUTO,craigslist_abbotsford.csv
abbotsford,2018,DODGE,GRAND CARAVAN,,,161181,other,automatic,https://abbotsford.craigslist.org/ctd/d/vancouver-2018-dodge-grand-caravan-gt/7889821751.html,2018 DODGE GRAND CARAVAN GT,craigslist_abbotsford.csv
abbotsford,2011,CHEVROLET,CAMARO,,,182375,gas,manual,https://abbotsford.craigslist.org/ctd/d/vancouver-2011-chevrolet-camaro-ls-for/7889821711.html,2011 CHEVROLET CAMARO LS For Sale Vancouver BC,craigslist_abbotsford.csv
abbotsford,2016,HONDA,ODYSSEY,17999.0,,170333,gas,automatic,https://abbotsford.craigslist.org/ctd/d/vancouver-2016-honda-odyssey-exl-for/7889821681.html,2016 HONDA ODYSSEY EXL For Sale Vancouver BC,craigslist_abbotsford.csv
abbotsford,2016,Volkswagen,Jetta,,,177188,other,manual,https://abbotsford.craigslist.org/ctd/d/vancouver-2016-volkswagen-jetta-sedan/7889821622.html,2016 Volkswagen Jetta Sedan For Sale Vancouver BC,craigslist_abbotsford.csv
abbotsford,2017,Dodge,Caravan,11999.0,,199368,other,automatic,https://abbotsford.craigslist.org/ctd/d/vancouver-2017-dodge-caravan-regular/7889821575.html,2017 Dodge Caravan Regular For Sale Vancouver BC,craigslist_abbotsford.csv
abbotsford,2019,TESLA,MODEL 3,,,162000,electric,automatic,https://abbotsford.craigslist.org/ctd/d/vancouver-2019-tesla-model-for-sale/7889821533.html,2019 TESLA MODEL 3 For Sale Vancouver BC,craigslist_abbotsford.csv
abbotsford,2009,Toyota,Corolla,10988.0,excellent,166918,gas,automatic,https://abbotsford.craigslist.org/ctd/d/coquitlam-2009-toyota-corolla-4dr-sedan/7889816000.html,2009 Toyota Corolla 4Dr Sedan,craigslist_abbotsford.csv
abbotsford,2010,Smart,Fortwo Passion Cabriolet,5999.0,excellent,121663,gas,automatic,https://abbotsford.craigslist.org/ctd/d/coquitlam-2010-smart-fortwo-passion/7889815173.html,2010 Smart Fortwo Passion Cabriolet,craigslist_abbotsford.csv
abbotsford,2006,Ford,Focus ZX4,5888.0,excellent,91262,gas,automatic,https://abbotsford.craigslist.org/ctd/d/coquitlam-2006-ford-focus-zx4-se/7889813229.html,2006 Ford Focus ZX4 SE,craigslist_abbotsford.csv
abbotsford,2018,cadillac,xt5,25000.0,like new,121000,gas,automatic,https://abbotsford.craigslist.org/cto/d/chilliwack-central-cadillac-xt5/7889812066.html,Cadillac XT5,craigslist_abbotsford.csv
abbotsford,2024,Mercedes-Benz,C-Class C300 4MATIC Sedan,57999.0,like new,8100,hybrid,automatic,https://abbotsford.craigslist.org/ctd/d/vancouver-2024-mercedes-benz-class-c300/7889808188.html,2024 Mercedes-Benz C-Class C300 4MATIC Sedan/No Accidents/Ex-Demo,craigslist_abbotsford.csv
abbotsford,2014,Fiat,500L EASY,7888.0,excellent,153081,gas,manual,https://abbotsford.craigslist.org/ctd/d/coquitlam-2014-fiat-500l-easy-speed/7889811557.html,2014 Fiat 500L Easy 6 Speed Manual Transmission,craigslist_abbotsford.csv
abbotsford,2012,GMC,Sierra 2500,9900.0,good,270000,gas,automatic,https://abbotsford.craigslist.org/cto/d/maple-ridge-2012-gmc-sierra-2500/7889811130.html,2012 GMC Sierra 2500,craigslist_abbotsford.csv
abbotsford,2009,Mazda,Mazda3 S Sport,5988.0,excellent,225185,gas,automatic,https://abbotsford.craigslist.org/ctd/d/coquitlam-2009-mazda-mazda3-sport/7889810620.html,2009 Mazda Mazda3 S Sport Automatic,craigslist_abbotsford.csv
abbotsford,2009,mercedes-benz,s-class,9995.0,excellent,200000,gas,automatic,https://abbotsford.craigslist.org/cto/d/north-vancouver-outer-east-2009/7889810588.html,2009 Mercedes-Benz S450 4 Matic AWD S Class Sonderklasse,craigslist_abbotsford.csv
abbotsford,2021,BMW,X5 xDrive45e Plug-In Hybrid,59999.0,like new,69500,hybrid,automatic,https://abbotsford.craigslist.org/ctd/d/vancouver-2021-bmw-x5-xdrive45e-plug-in/7889805811.html,2021 BMW X5 xDrive45e Plug-In Hybrid/M Sport/Premium Enhanced Pkg|Loca,craigslist_abbotsford.csv
abbotsford,2011,Honda,Accord EX-L,7888.0,excellent,226266,gas,automatic,https://abbotsford.craigslist.org/ctd/d/coquitlam-2011-honda-accord-4dr-sedan/7889809961.html,2011 Honda Accord 4Dr Sedan EX-Leather,craigslist_abbotsford.csv
abbotsford,2004,Toyota,Camry LE,5888.0,excellent,216935,gas,automatic,https://abbotsford.craigslist.org/ctd/d/coquitlam-2004-toyota-camry-le/7889808893.html,2004 Toyota Camry LE,craigslist_abbotsford.csv
abbotsford,2018,BMW,7 Series 750Li xDrive Sedan,38599.0,like new,93800,gas,automatic,https://abbotsford.craigslist.org/ctd/d/vancouver-2018-bmw-series-750li-xdrive/7889808617.html,2018 BMW 7 Series 750Li xDrive Sedan | M Package | Bowers & Wilkins So,craigslist_abbotsford.csv
abbotsford,2009,Toyota,Matrix XR,8999.0,excellent,202399,gas,automatic,https://abbotsford.craigslist.org/ctd/d/coquitlam-2009-toyota-matrix-xr-hatch/7889807615.html,2009 Toyota Matrix XR Hatch Back Automatic,craigslist_abbotsford.csv
abbotsford,2017,Nissan,micra sv,11999.0,excellent,66700,gas,automatic,https://abbotsford.craigslist.org/ctd/d/abbotsford-2017-nissan-micra-sv/7885631791.html,2017 Nissan micra sv | 0 accident | local car | 0 down bi-weekly $170,craigslist_abbotsford.csv
abbotsford,2019,Mercedes-Benz,GLC-class AMG GLC 63 S 4MATIC+ Coupe,51599.0,like new,130500,gas,automatic,https://abbotsford.craigslist.org/ctd/d/vancouver-2019-mercedes-benz-glc-class/7889807151.html,2019 Mercedes-Benz GLC-class AMG GLC 63 S 4MATIC+ Coupe | One Owner|,craigslist_abbotsford.csv
abbotsford,2008,Honda,Civic Hybrid - Sedan Automatic,10888.0,excellent,75454,hybrid,automatic,https://abbotsford.craigslist.org/ctd/d/coquitlam-2008-honda-civic-hybrid-4dr/7889806929.html,2008 Honda Civic Hybrid 4Dr Sedan,craigslist_abbotsford.csv
abbotsford,2008,Honda,Civic LX,7988.0,excellent,162164,gas,automatic,https://abbotsford.craigslist.org/ctd/d/coquitlam-2008-honda-civic-door-coupe/7889805832.html,2008 Honda Civic 2 Door Coupe Automatic,craigslist_abbotsford.csv
abbotsford,2009,Kia,rondo ex,5599.0,excellent,178000,gas,automatic,https://abbotsford.craigslist.org/ctd/d/abbotsford-2009-kia-rondo-ex-one-owner/7886445105.html,2009 Kia rondo ex | one owner | 7 seats | bc local,craigslist_abbotsford.csv
abbotsford,2012,Mercedes-Benz,glk-class 4matic 4dr glk 350,17599.0,excellent,86000,gas,automatic,https://abbotsford.craigslist.org/ctd/d/abbotsford-2012-mercedes-benz-glk-class/7886445990.html,2012 Mercedes-Benz glk-class 4matic 4dr glk 350,craigslist_abbotsford.csv
abbotsford,2023,Audi,q5 progressiv s-line,45999.0,like new,19000,gas,automatic,https://abbotsford.craigslist.org/ctd/d/abbotsford-2023-audi-q5-progressiv-line/7886447250.html,2023 Audi q5 progressiv s-line | low kms | no accident | cpo warranty,craigslist_abbotsford.csv
abbotsford,2016,Mercedes-Benz,c-class c300 4matic 4dr sdn,21999.0,excellent,89000,gas,automatic,https://abbotsford.craigslist.org/ctd/d/abbotsford-2016-mercedes-benz-class/7886442840.html,2016 Mercedes-Benz c-class c300 4matic 4dr sdn,craigslist_abbotsford.csv
abbotsford,2024,mercedes-benz,c-class c300 sport 4matic,58999.0,like new,8000,gas,automatic,https://abbotsford.craigslist.org/ctd/d/abbotsford-2024-mercedes-benz-c300/7885634375.html,2024 Mercedes-Benz c300 4matic | Demo car | 0 accident,craigslist_abbotsford.csv
abbotsford,2018,BMW,3 series 330i xdrive,24999.0,excellent,98180,gas,automatic,https://abbotsford.craigslist.org/ctd/d/abbotsford-2018-bmw-series-330i-xdrive/7885631072.html,2018 BMW 3 series 330i xdrive | no accident | m sport package,craigslist_abbotsford.csv
abbotsford,2018,Ford,focus se hatchback,16599.0,excellent,16599,gas,automatic,https://abbotsford.craigslist.org/ctd/d/abbotsford-2018-ford-focus-se-hatchback/7885630181.html,2018 Ford focus se hatchback | bc local｜full service records,craigslist_abbotsford.csv
abbotsford,2018,ford,focus se hatchback 4d,16599.0,excellent,34000,gas,automatic,https://abbotsford.craigslist.org/ctd/d/abbotsford-2018-ford-focus-se-hatchback/7885629774.html,2018 Ford focus se hatchback | bc local｜full service records,craigslist_abbotsford.csv
abbotsford,2018,Ford,focus se hatchback,16999.0,excellent,33940,gas,automatic,https://abbotsford.craigslist.org/ctd/d/abbotsford-southeast-2018-ford-focus-se/7879615608.html,2018 Ford focus se hatchback | fuel-efficient | bc local,craigslist_abbotsford.csv
abbotsford,2022,2022,?,47999.0,excellent,27000,gas,automatic,https://abbotsford.craigslist.org/ctd/d/abbotsford-2022-audi-q5-technik-45-tfsi/7881328265.html,2022 Audi q5 technik 45 tfsi quattro,craigslist_abbotsford.csv
abbotsford,2016,Mercedes-Benz,c-class c300 4matic 4dr sdn,21999.0,excellent,89000,gas,automatic,https://abbotsford.craigslist.org/ctd/d/abbotsford-2016-mercedes-benz-class/7885632781.html,2016 Mercedes-Benz c-class c300 4matic 4dr sdn,craigslist_abbotsford.csv
abbotsford,2012,Mercedes-Benz,glk-class 4matic 4dr glk 350,17599.0,excellent,86000,gas,automatic,https://abbotsford.craigslist.org/ctd/d/abbotsford-2012-mercedes-benz-glk-class/7880601486.html,2012 Mercedes-Benz glk-class 4matic 4dr glk 350,craigslist_abbotsford.csv
abbotsford,2017,Toyota,sienna 5dr se 8-pass FWD,33999.0,excellent,56600,gas,automatic,https://abbotsford.craigslist.org/ctd/d/abbotsford-2017-toyota-sienna-5dr-se/7885620517.html,2017 Toyota sienna 5dr se 8-pass FWD | low mileage | one owner,craigslist_abbotsford.csv
abbotsford,2021,BMW,x5 xdrive45e plug-in hybrid,60999.0,excellent,70000,hybrid,automatic,https://abbotsford.craigslist.org/ctd/d/abbotsford-2021-bmw-x5-xdrive45e-plug/7885633915.html,2021 BMW x5 xdrive45e plug-in hybrid,craigslist_abbotsford.csv
abbotsford,2017,Mercedes-Benz,gle 400,30999.0,excellent,70400,gas,automatic,https://abbotsford.craigslist.org/ctd/d/abbotsford-2017-mercedes-benz-gle-400/7886448499.html,2017 Mercedes-Benz gle 400 | premium | ultra-low mileage | local car |,craigslist_abbotsford.csv
abbotsford,2016,Mercedes-Benz,c-class c300 4matic 4dr sdn,21999.0,excellent,89000,gas,automatic,https://abbotsford.craigslist.org/ctd/d/abbotsford-2016-mercedes-benz-class/7886443261.html,2016 Mercedes-Benz c-class c300 4matic 4dr sdn,craigslist_abbotsford.csv
abbotsford,2002,BMW,330ci,11999.0,excellent,160000,gas,automatic,https://abbotsford.craigslist.org/ctd/d/abbotsford-2002-bmw-330ci-package-full/7886448034.html,2002 BMW 330ci | m package | full service records | low mileage | loca,craigslist_abbotsford.csv
abbotsford,2011,Mercedes-Benz,C300 4Matic,8988.0,excellent,210239,gas,automatic,https://abbotsford.craigslist.org/ctd/d/coquitlam-2011-mercedes-benz-c300-4matic/7889803813.html,2011 Mercedes-Benz C300 4Matic,craigslist_abbotsford.csv
abbotsford,2011,honda,crz,9995.0,good,254000,hybrid,manual,https://abbotsford.craigslist.org/cto/d/langley-2011-honda-cr-ex-6spd-manual/7884806859.html,2011 Honda CR-Z EX 6spd Manual Hybrid,craigslist_abbotsford.csv
abbotsford,2019,Tesla,Model 3,25900.0,excellent,63700,electric,automatic,https://abbotsford.craigslist.org/cto/d/langley-township-northwest-2019-tesla/7889801757.html,2019 Tesla Model 3,craigslist_abbotsford.csv
abbotsford,2009,Nissan,Altima 2.5 S,6995.0,excellent,138596,gas,automatic,https://abbotsford.craigslist.org/ctd/d/coquitlam-2009-nissan-altima-25/7889801547.html,2009 Nissan Altima 2.5 S,craigslist_abbotsford.csv
abbotsford,2022,Nissan,Sentra Grade SV,17888.0,like new,54948,gas,automatic,https://abbotsford.craigslist.org/ctd/d/coquitlam-2022-nissan-sentra-sv-door/7889798919.html,2022 Nissan Sentra SV 4 Door Sedan,craigslist_abbotsford.csv
abbotsford,2013,Hyundai,Elantra 4 Door Sedan - Automatic,6888.0,excellent,99772,gas,automatic,https://abbotsford.craigslist.org/ctd/d/coquitlam-2013-hyundai-elantra-4dr-sedan/7889798022.html,2013 Hyundai Elantra 4Dr. Sedan,craigslist_abbotsford.csv
abbotsford,1989,chevrolet,s10,6500.0,,100000,gas,automatic,https://abbotsford.craigslist.org/cto/d/chilliwack-central-1989-chevrolet-v8/7871973134.html,1989 Chevrolet V8 S10 Blazer,craigslist_abbotsford.csv
abbotsford,2011,Toyota,RAV4 Standard,9888.0,excellent,269213,gas,automatic,https://abbotsford.craigslist.org/ctd/d/coquitlam-2011-toyota-rav4-4wd/7889795749.html,2011 Toyota RAV4 4WD,craigslist_abbotsford.csv
abbotsford,2004,Honda,CR-V EX,6999.0,excellent,236026,gas,automatic,https://abbotsford.craigslist.org/ctd/d/coquitlam-2004-honda-cr-ex-4wd/7889792608.html,2004 Honda CR-V EX 4WD,craigslist_abbotsford.csv
abbotsford,2011,Honda,CR-V LX,12888.0,excellent,185969,gas,automatic,https://abbotsford.craigslist.org/ctd/d/coquitlam-2011-honda-cr-4wd/7889791537.html,2011 Honda CR-V 4WD,craigslist_abbotsford.csv
abbotsford,2008,Honda,CR-V LX CLEAN TITLE,12888.0,excellent,131411,gas,automatic,https://abbotsford.craigslist.org/ctd/d/coquitlam-2008-honda-cr-4wd/7889790118.html,2008 Honda CR-V 4WD,craigslist_abbotsford.csv
abbotsford,2007,JAGUAR,XK CONVERTIBLE V8 4.2L DROP TOP,24900.0,excellent,99000,gas,automatic,https://abbotsford.craigslist.org/ctd/d/roberts-creek-2007-jaguar-xk/7883876076.html,2007 JAGUAR XK CONVERTIBLE V8 4.2L POWER DROP TOP NAVIGATION,craigslist_abbotsford.csv
abbotsford,2007,JAGUAR,XK CONVERTIBLE V8 4.2L DROP TOP,24900.0,excellent,99000,gas,automatic,https://abbotsford.craigslist.org/ctd/d/roberts-creek-2007-jaguar-xk/7880752084.html,2007 JAGUAR XK CONVERTIBLE V8 4.2L POWER DROP TOP NAVIGATION,craigslist_abbotsford.csv
abbotsford,2007,JAGUAR,XK CONVERTIBLE V8 4.2L DROP TOP,24900.0,excellent,99000,gas,automatic,https://abbotsford.craigslist.org/ctd/d/roberts-creek-2007-jaguar-xk/7881690344.html,2007 JAGUAR XK CONVERTIBLE V8 4.2L POWER DROP TOP NAVIGATION,craigslist_abbotsford.csv
abbotsford,2010,Honda,CR-V LX,11999.0,excellent,191236,gas,automatic,https://abbotsford.craigslist.org/ctd/d/coquitlam-2010-honda-cr-4wd/7889777683.html,2010 Honda CR-V 4WD,craigslist_abbotsford.csv
abbotsford,2013,Toyota,Venza LE AWD,12888.0,excellent,149845,gas,automatic,https://abbotsford.craigslist.org/ctd/d/coquitlam-2013-toyota-venza-le-awd/7889776375.html,2013 Toyota Venza LE AWD,craigslist_abbotsford.csv
abbotsford,2025,DJ,?,1000.0,like new,550,electric,manual,https://abbotsford.craigslist.org/cto/d/langley-township-east-fat-bike-for-sale/7888418233.html,Fat e-bike for sale,craigslist_abbotsford.csv
abbotsford,2007,workhorse,?,16000.0,excellent,120000,gas,automatic,https://abbotsford.craigslist.org/cto/d/langley-2007-workhorse-step-van/7889771571.html,2007 Workhorse Step Van,craigslist_abbotsford.csv
abbotsford,2011,Toyota,Sienna Sport Van,13988.0,excellent,195869,gas,automatic,https://abbotsford.craigslist.org/ctd/d/coquitlam-2011toyota-sienna-passenger/7889770798.html,2011Toyota Sienna 7 Passenger Sport Van,craigslist_abbotsford.csv
abbotsford,2003,volkswagen,beetle,4900.0,good,204500,gas,automatic,https://abbotsford.craigslist.org/cto/d/langley-city-2003-vw-new-beetle-gls-one/7889770220.html,"2003 VW New Beetle GLS – One Owner, Well Maintained",craigslist_abbotsford.csv
abbotsford,2017,Dodge,Grand Caravan RT,9988.0,excellent,228068,gas,automatic,https://abbotsford.craigslist.org/ctd/d/coquitlam-2017-dodge-grand-caravan-rt/7889769444.html,2017 Dodge Grand Caravan RT,craigslist_abbotsford.csv
abbotsford,2008,Toyota,Highlander Sport 4WD,10888.0,excellent,213458,gas,automatic,https://abbotsford.craigslist.org/ctd/d/coquitlam-2008-toyota-highlander-4wd/7889767814.html,2008 Toyota Highlander 4WD Sport 7 Seaters,craigslist_abbotsford.csv
abbotsford,2019,Toyota,RAV4 LE AWD Hybrid,26988.0,excellent,134282,hybrid,automatic,https://abbotsford.craigslist.org/ctd/d/coquitlam-2019-toyota-rav4-le-awd-hybrid/7889766712.html,2019 Toyota RAV4 LE AWD HYBRID,craigslist_abbotsford.csv
abbotsford,2007,Toyota,FJ Cruiser S 4WD MT,22888.0,excellent,184404,gas,manual,https://abbotsford.craigslist.org/ctd/d/coquitlam-2007-toyota-fj-cruiser-6/7889765045.html,2007 Toyota FJ Cruiser S 6 Speed Manual 4WD,craigslist_abbotsford.csv
abbotsford,2007,Toyota,4-Runner SR5 Sport Edition,18988.0,excellent,151808,gas,automatic,https://abbotsford.craigslist.org/ctd/d/coquitlam-2007-toyota-4runner-sr5-sport/7889764187.html,2007 TOYOTA 4RUNNER SR5 Sport Edition 4WD,craigslist_abbotsford.csv
abbotsford,2008,Toyota,RAV4,9995.0,excellent,181082,gas,automatic,https://abbotsford.craigslist.org/ctd/d/coquitlam-toyota-rav4-4wd-back-up-camera/7889762488.html,Toyota RAV4 4WD w/ Back Up Camera,craigslist_abbotsford.csv
abbotsford,2017,HONDA,CIVIC SPORT,17995.0,,107260,gas,manual,https://abbotsford.craigslist.org/ctd/d/coquitlam-2017-honda-civic-sport-manual/7888909322.html,2017 Honda Civic Sport *Manual transmission + 107260km +apple carplay*,craigslist_abbotsford.csv
abbotsford,2015,Volkswagen,Tiguan Highline 4MOTION,16900.0,,122499,gas,automatic,https://abbotsford.craigslist.org/ctd/d/coquitlam-2015-volkswagen-tiguan/7887486601.html,2015 Volkswagen Tiguan Highline 4MOTION *122499KM + no accidents*,craigslist_abbotsford.csv
abbotsford,2022,Acura,MDX Tech SH-AWD,48900.0,,49216,gas,automatic,https://abbotsford.craigslist.org/ctd/d/coquitlam-2022-acura-mdx-tech-sh-awd-no/7887480321.html,2022 Acura MDX Tech SH-AWD *no accidents +49216km + 7 seater*,craigslist_abbotsford.csv
abbotsford,2017,BMW,M4 Competition,56900.0,,58803,gas,automatic,https://abbotsford.craigslist.org/ctd/d/coquitlam-2017-bmw-m4-competition/7887486423.html,2017 BMW M4 Competition *58803KM + navi + apple carplay*,craigslist_abbotsford.csv
abbotsford,2008,Audi,Q7 Premium S-Line 3.6,16900.0,,19893,gas,automatic,https://abbotsford.craigslist.org/ctd/d/coquitlam-2008-audi-q7-premium-line-36/7889329149.html,2008 Audi Q7 Premium S-Line 3.6 *1 owner + only 19893km + 7 seater*,craigslist_abbotsford.csv
abbotsford,2015,Volvo,XC60 T6 R-Design Platinum,15900.0,,157017,gas,automatic,https://abbotsford.craigslist.org/ctd/d/coquitlam-2015-volvo-xc60-t6-design/7885787667.html,2015 Volvo XC60 T6 R-Design Platinum *no accidents + navi*,craigslist_abbotsford.csv
abbotsford,2022,Porsche,Taycan GTS,114900.0,,15265,electric,automatic,https://abbotsford.craigslist.org/ctd/d/coquitlam-2022-porsche-taycan-gts/7888640906.html,2022 Porsche Taycan GTS *15265km + no accidents + nicely optioned*,craigslist_abbotsford.csv
abbotsford,2018,BMW,X5 xDrive35i,31900.0,,109960,gas,automatic,https://abbotsford.craigslist.org/ctd/d/coquitlam-2018-bmw-x5-xdrive35i-km-no/7888639758.html,2018 BMW X5 xDrive35i *109960km + no accidents + navi*,craigslist_abbotsford.csv
abbotsford,2021,Land,Rover Defender X-Dynamic HSE P400,66900.0,,61543,gas,automatic,https://abbotsford.craigslist.org/ctd/d/coquitlam-2021-land-rover-defender/7888557060.html,2021 Land Rover Defender X-Dynamic HSE P400 *61543km + navi*,craigslist_abbotsford.csv
abbotsford,2008,BMW,128i Convertible,11900.0,,118303,gas,automatic,https://abbotsford.craigslist.org/ctd/d/coquitlam-2008-bmw-128i-convertible-km/7889080768.html,2008  BMW 128i Convertible *118303KM + alloy wheels*,craigslist_abbotsford.csv
abbotsford,2010,toyota,corolla,7900.0,excellent,295000,gas,automatic,https://abbotsford.craigslist.org/cto/d/chilliwack-2010-toyota-corolla-4dr-sdn/7889760671.html,2010 Toyota Corolla 4dr Sdn Auto LE,craigslist_abbotsford.csv
abbotsford,2011,bmw,3 series 328i xdrive,12500.0,like new,90000,gas,automatic,https://abbotsford.craigslist.org/cto/d/abbotsford-southwest-bmw-328i-sedan-kms/7885034769.html,"** 2011 Bmw 328i Sedan 90,000 kms X-Drive **",craigslist_abbotsford.csv
abbotsford,2003,Toyota,RAV4 4WD,7995.0,excellent,202521,gas,automatic,https://abbotsford.craigslist.org/ctd/d/coquitlam-2003-toyota-rav4-4wd/7889760620.html,2003 Toyota RAV4 4WD,craigslist_abbotsford.csv
abbotsford,2004,Toyota,RAV4 4WD,8995.0,excellent,208510,gas,automatic,https://abbotsford.craigslist.org/ctd/d/coquitlam-2004-toyota-rav4-4wd/7889755952.html,2004 Toyota RAV4 4WD,craigslist_abbotsford.csv
abbotsford,2023,ram,1500,41998.0,,78889,gas,automatic,https://abbotsford.craigslist.org/ctd/d/abbotsford-2023-ram-1500-classic/7889754682.html,2023 Ram 1500 Classic Express 4x4 - No Accidents/One Owner,craigslist_abbotsford.csv
abbotsford,2014,nissan,murano sl awd,14999.0,excellent,150109,gas,automatic,https://abbotsford.craigslist.org/ctd/d/chilliwack-central-2014-nissan-murano/7889752448.html,2014 Nissan Murano SL price reduction**,craigslist_abbotsford.csv
abbotsford,2005,Ford,Ranger Ext. Cab RWD,10998.0,excellent,159595,gas,automatic,https://abbotsford.craigslist.org/ctd/d/coquitlam-2005ford-ranger-ext-cab-rwd/7889751658.html,2005Ford Ranger Ext. Cab RWD,craigslist_abbotsford.csv
abbotsford,2025,hyundai,tucson,33998.0,,5128,gas,automatic,https://abbotsford.craigslist.org/ctd/d/abbotsford-2025-hyundai-tucson/7889751221.html,2025 Hyundai Tucson Preferred AWD - No Accidents/One Owner - DEMO,craigslist_abbotsford.csv
abbotsford,1998,oldsmobile,88,2000.0,excellent,241000,gas,automatic,https://abbotsford.craigslist.org/cto/d/chilliwack-central-1998-oldsmobile-88/7888532739.html,"1998 OLDSMOBILE 88 LS, 241 KM EVERYTHING WORKS DRIVE IT ANYWHERE",craigslist_abbotsford.csv
abbotsford,2018,nissan,rogue sv awd,17024.0,excellent,155925,gas,automatic,https://abbotsford.craigslist.org/ctd/d/chilliwack-central-2018-nissan-rogue-sv/7889750732.html,2018 Nissan Rogue SV Moonroof SINGLE OWNER - NO ACCIDENTS,craigslist_abbotsford.csv
abbotsford,2018,honda,civic type r,35888.0,good,127000,gas,automatic,https://abbotsford.craigslist.org/ctd/d/richmond-2018-honda-civic-type-good/7889749660.html,2018 Honda Civic Type R - Good Price -,craigslist_abbotsford.csv
abbotsford,2023,ford,edge titanium awd,34999.0,excellent,59111,gas,automatic,https://abbotsford.craigslist.org/ctd/d/chilliwack-central-2023-ford-edge/7889749083.html,2023 Ford Edge Titanium Edition - Great quality!,craigslist_abbotsford.csv
abbotsford,2026,tesla,y,74998.0,,1203,electric,automatic,https://abbotsford.craigslist.org/ctd/d/abbotsford-2026-tesla-model-long-range/7889748894.html,2026 Tesla Model Y Long Range Launch Series AWD-No Accidents/One Owner,craigslist_abbotsford.csv
abbotsford,2015,Toyota,Tacoma Delux Grade Access Cab V6 4WD,17998.0,excellent,263357,gas,automatic,https://abbotsford.craigslist.org/ctd/d/coquitlam-2015-toyota-tacoma-access-cab/7889747695.html,2015 Toyota Tacoma Access Cab V6 4WD,craigslist_abbotsford.csv
abbotsford,2023,nissan,murano platinum awd,35999.0,excellent,58355,gas,automatic,https://abbotsford.craigslist.org/ctd/d/chilliwack-central-2023-nissan-murano/7889745801.html,2023 Nissan Murano PLATINUM EDITION,craigslist_abbotsford.csv
abbotsford,2020,Toyota,Tacoma SR5 Access Cab 4WD 6.6Ft. Long boxt,25988.0,excellent,225045,gas,automatic,https://abbotsford.craigslist.org/ctd/d/coquitlam-2020-toyota-tacoma-sr5-access/7889745685.html,2020 Toyota Tacoma SR5 Access Cab 4WD 6.6 Ft. Long Box,craigslist_abbotsford.csv
abbotsford,2018,audi,q3,16888.0,,144532,gas,automatic,https://abbotsford.craigslist.org/ctd/d/abbotsford-2018-audi-q3-quattro-great/7884934289.html,"2018 Audi Q3 Quattro — 🖤 Great SUV, Great Price, Easy Financing",craigslist_abbotsford.csv
abbotsford,2024,toyota,corolla hybrid,29888.0,,58630,hybrid,automatic,https://abbotsford.craigslist.org/ctd/d/abbotsford-2024-toyota-corolla-hybrid/7881989127.html,"2024 Toyota Corolla Hybrid - Low km, Fuel-Saving & Ultra Reliable",craigslist_abbotsford.csv
abbotsford,2007,Cadillac,Escalade 1500 1/2-ton Luxury,11899.0,excellent,286238,gas,automatic,https://abbotsford.craigslist.org/ctd/d/coquitlam-2007-cadillac-escalade-1500/7889743526.html,2007 Cadillac Escalade 1500 AWD 1/2 Ton Luxury,craigslist_abbotsford.csv
abbotsford,1992,Chevy,Tracker,1500.0,fair,332000,gas,manual,https://abbotsford.craigslist.org/cto/d/abbotsford-southeast-1992-chevy-tracker/7889742086.html,1992 Chevy Tracker,craigslist_abbotsford.csv
abbotsford,2019,Ford,Escape SE 4WD,11888.0,excellent,212413,gas,automatic,https://abbotsford.craigslist.org/ctd/d/coquitlam-2015-ford-escape-se-4wd/7889741488.html,2015 Ford Escape SE 4WD,craigslist_abbotsford.csv
abbotsford,2012,Nissan,Frontier SL Crew Cab 4WD LWB,11888.0,excellent,247153,gas,automatic,https://abbotsford.craigslist.org/ctd/d/coquitlam-2012-nissan-frontier-sl-crew/7889739228.html,2012 Nissan Frontier SL Crew Cab 4WD LWB,craigslist_abbotsford.csv
abbotsford,2013,Honda,Accord EX-L,13980.0,,144000,gas,automatic,https://abbotsford.craigslist.org/ctd/d/new-westminster-northeast-2013-honda/7888696018.html,2013 Honda Accord EX-L Coupe LOW KM!!!,craigslist_abbotsford.csv
abbotsford,2018,Land,Rover Range Rover Evoque,25980.0,excellent,42000,gas,automatic,https://abbotsford.craigslist.org/ctd/d/new-westminster-northeast-2018-rang/7887538571.html,2018 Rang Rover Evoque SE 4WD LOW KM!!!!,craigslist_abbotsford.csv
abbotsford,2016,Chrysler,Town and Country Touring-L,14980.0,excellent,177000,gas,automatic,https://abbotsford.craigslist.org/ctd/d/new-westminster-northeast-2016-chrysler/7887538192.html,2016 Chrysler Town&Country Touring L (Stow’n GO),craigslist_abbotsford.csv
abbotsford,2021,Ford,F-150 F-Series,42980.0,excellent,155000,gas,automatic,https://abbotsford.craigslist.org/ctd/d/new-westminster-northeast-2021-ford-150/7887537779.html,2021 Ford F-150 Lariat Super Crew 4WD!!!,craigslist_abbotsford.csv
abbotsford,2008,Chrysler,PT Cruiser,5980.0,excellent,139000,gas,automatic,https://abbotsford.craigslist.org/ctd/d/new-westminster-northeast-2008-chrysler/7887537655.html,2008 Chrysler PT Cruiser LX Auto LOW KM!!!!,craigslist_abbotsford.csv
abbotsford,2018,Ram,1500,35980.0,excellent,123000,gas,automatic,https://abbotsford.craigslist.org/ctd/d/new-westminster-northeast-2018-ram-1500/7887537023.html,2018 Ram 1500 Rebel Crew Cab 4WD LOW KM!!!!,craigslist_abbotsford.csv
abbotsford,2018,Mercedes-Benz,AMG GL S 63,57980.0,excellent,87000,gas,automatic,https://abbotsford.craigslist.org/ctd/d/langley-township-east-2018-mercedes/7889734511.html,2018 Mercedes GLS63 AMG LOW KM!!!!,craigslist_abbotsford.csv
abbotsford,2009,Toyota,Corolla,8480.0,excellent,266000,gas,automatic,https://abbotsford.craigslist.org/ctd/d/new-westminster-northeast-2009-toyota/7887536047.html,2009 Toyota Corolla LE Auto (Clean Title)!!!,craigslist_abbotsford.csv
abbotsford,2022,Ram,3500 Crew Cab SRW,64980.0,excellent,143000,diesel,automatic,https://abbotsford.craigslist.org/ctd/d/new-westminster-northeast-2022-ram-3500/7886092666.html,2022 Ram 3500 Laramie Black Edition Crew Cab 4WD 8Ft Box!!!,craigslist_abbotsford.csv
abbotsford,2017,Ram,3500 Longhorn,42980.0,excellent,256000,diesel,automatic,https://abbotsford.craigslist.org/ctd/d/new-westminster-northeast-2017-ram-3500/7884513113.html,2017 Ram 3500 Limited Crew Cab 4WD 8FT Box!!!!,craigslist_abbotsford.csv
abbotsford,2019,Hyundai,Santa Fe,16980.0,excellent,162000,gas,automatic,https://abbotsford.craigslist.org/ctd/d/new-westminster-northeast-2019-hyundai/7884661223.html,2019 Hyundai Santafe Preferred AWD!!!!,craigslist_abbotsford.csv
abbotsford,2015,Fiat,500 Sport,10980.0,excellent,86000,gas,automatic,https://abbotsford.craigslist.org/ctd/d/new-westminster-northeast-2015-fiat-500/7886092608.html,2015 Fiat 500 Sport Auto LOW KM!!!!,craigslist_abbotsford.csv
abbotsford,2018,Hyundai,Santa Fe Sport,19980.0,excellent,106000,gas,automatic,https://abbotsford.craigslist.org/ctd/d/new-westminster-northeast-2018-hyundai/7882335194.html,2018 Hyundai Santa Fe Luxury AWD LOW KM!!!!,craigslist_abbotsford.csv
abbotsford,2020,Ram,1500 DT,39980.0,excellent,106000,gas,automatic,https://abbotsford.craigslist.org/ctd/d/langley-township-east-2020-ram-1500/7883143174.html,2020 Ram 1500 Sport Crew Cab 4WD LOW KM!!!!,craigslist_abbotsford.csv
abbotsford,2016,Nissan,Rogue,12980.0,excellent,151000,gas,automatic,https://abbotsford.craigslist.org/ctd/d/new-westminster-northeast-2016-nissan/7879626374.html,2016 Nissan Rogue SV AWD!!!,craigslist_abbotsford.csv
abbotsford,2021,Dodge,Durango GT,29980.0,excellent,125000,gas,automatic,https://abbotsford.craigslist.org/ctd/d/new-westminster-northeast-2021-dodge/7884661093.html,2021 Dodge Durango GT AWD 7 Seats!!!,craigslist_abbotsford.csv
abbotsford,2017,Audi,A4 A4 quattro Progressiv,16980.0,excellent,135000,gas,automatic,https://abbotsford.craigslist.org/ctd/d/langley-township-east-2017-audi-a4/7880835583.html,2017 Audi A4 Progressiv AWD!!!!,craigslist_abbotsford.csv
abbotsford,2018,Hyundai,Sonata,10980.0,excellent,128000,gas,automatic,https://abbotsford.craigslist.org/ctd/d/new-westminster-northeast-2018-hyundai/7881705907.html,2018 Hyundai Sonata GL Auto LOW KM!!!!,craigslist_abbotsford.csv
abbotsford,2018,Buick,Encore Preferred,18980.0,excellent,54000,gas,automatic,https://abbotsford.craigslist.org/ctd/d/new-westminster-northeast-2018-buick/7881705688.html,2018 Buick Encore Preferred Super LOW KM!!!!,craigslist_abbotsford.csv
abbotsford,2018,Hyundai,Tucson,16980.0,excellent,99000,gas,automatic,https://abbotsford.craigslist.org/ctd/d/new-westminster-northeast-2018-hyundai/7884660536.html,2018 Hyundai Tucson SE AWD!!!,craigslist_abbotsford.csv
abbotsford,2014,Jeep,Cherokee Sport,9980.0,excellent,155000,gas,automatic,https://abbotsford.craigslist.org/ctd/d/new-westminster-northeast-2014-jeep/7887024144.html,2014 Jeep Cherokee Sport 4WD LOW KM!!!,craigslist_abbotsford.csv
abbotsford,2017,Ford,Escape SE,11980.0,excellent,164000,gas,automatic,https://abbotsford.craigslist.org/ctd/d/new-westminster-northeast-2017-ford/7881705498.html,2017 Ford Escape SE 4WD!!!,craigslist_abbotsford.csv
abbotsford,2018,Ram,3500 D2,54980.0,excellent,174000,diesel,automatic,https://abbotsford.craigslist.org/ctd/d/langley-township-east-2018-ram-3500/7879557161.html,2018 Ram 3500 Limited Crew Cab 4WD LOW KM!!!!,craigslist_abbotsford.csv
abbotsford,2018,Jeep,Cherokee Sport KL,15980.0,excellent,135000,gas,manual,https://abbotsford.craigslist.org/ctd/d/langley-township-east-2018-jeep/7889289284.html,2018 Jeep Cherokee Sport!!!,craigslist_abbotsford.csv
abbotsford,2017,Dodge,Grand Caravan RT,12980.0,excellent,160000,gas,automatic,https://abbotsford.craigslist.org/ctd/d/new-westminster-northeast-2017-dodge/7879626052.html,2017 Dodge Grand Caravan CVP!!!,craigslist_abbotsford.csv
abbotsford,2018,Honda,Odyssey,20980.0,excellent,211000,gas,automatic,https://abbotsford.craigslist.org/ctd/d/new-westminster-northeast-2018-honda/7888096624.html,2018 Honda Odyssey EX 8 Passenger!!!!,craigslist_abbotsford.csv
abbotsford,2018,Volkswagen,Golf GTI,19980.0,excellent,140000,gas,automatic,https://abbotsford.craigslist.org/ctd/d/new-westminster-northeast-2018-vw-golf/7879869880.html,2018 VW Golf GTI SE Auto!!!,craigslist_abbotsford.csv
abbotsford,2011,dodge,grand caravan sxt,7980.0,excellent,201000,gas,automatic,https://abbotsford.craigslist.org/ctd/d/new-westminster-northeast-2011-dodge/7879871404.html,2011 Dodge Grand Caravan SXT(Stow’n Go),craigslist_abbotsford.csv
abbotsford,2020,Jeep,Cherokee Sport,13980.0,excellent,191000,gas,automatic,https://abbotsford.craigslist.org/ctd/d/new-westminster-northeast-2020-jeep/7879872358.html,2020 Jeep Cherokee Sport!!!,craigslist_abbotsford.csv
abbotsford,2019,Dodge,Grand Caravan GT,16980.0,excellent,164000,gas,automatic,https://abbotsford.craigslist.org/ctd/d/new-westminster-northeast-2019-dodge/7889289701.html,2019 Dodge Grand Caravan GT!!!,craigslist_abbotsford.csv
abbotsford,2013,Fiat,500 Sport,7888.0,excellent,94138,gas,automatic,https://abbotsford.craigslist.org/ctd/d/coquitlam-2013-fiat-500-sport-hatchback/7889724593.html,2013 Fiat 500 Sport Hatchback,craigslist_abbotsford.csv
abbotsford,2018,Nissan,Altima,12980.0,excellent,235000,gas,automatic,https://abbotsford.craigslist.org/ctd/d/new-westminster-northeast-2018-nissan/7887535459.html,2018 Nissan Altima S Auto,craigslist_abbotsford.csv
abbotsford,2018,Hyundai,Santa Fe Sport,16980.0,excellent,94000,gas,automatic,https://abbotsford.craigslist.org/ctd/d/new-westminster-northeast-2018-hyundai/7886554101.html,2018 Hyundai Santa Fe Sport Luxury AWD LOW KM!!!!,craigslist_abbotsford.csv
abbotsford,2020,Dodge,Grand Caravan SXT,24980.0,excellent,99000,gas,automatic,https://abbotsford.craigslist.org/ctd/d/new-westminster-northeast-2020-dodge/7886554885.html,2020 Dodge Grand Caravan SXT Premium Plus LOW KM!!!!,craigslist_abbotsford.csv
abbotsford,2017,GMC,Terrain SLE 1,15980.0,excellent,107000,gas,automatic,https://abbotsford.craigslist.org/ctd/d/new-westminster-northeast-2017-gmc/7886555391.html,2017 GMC Terrain SLE LOW KM!!!,craigslist_abbotsford.csv
abbotsford,2006,Dodge,Caravan/Grand Caravan RS,9980.0,excellent,58000,gas,automatic,https://abbotsford.craigslist.org/ctd/d/new-westminster-northeast-2006-dodge/7885414844.html,2006 Dodge Caravan SE Wheelchair Lift Super LOW KM!!!!,craigslist_abbotsford.csv
abbotsford,2021,Kia,Seltos LX,18980.0,excellent,79000,gas,automatic,https://abbotsford.craigslist.org/ctd/d/new-westminster-northeast-2021-kia/7886555896.html,2021 Kia Seltos LX LOW KM!!!,craigslist_abbotsford.csv
abbotsford,2013,fiat,500,7900.0,,127000,gas,automatic,https://abbotsford.craigslist.org/ctd/d/burnaby-2013-fiat-500-lounge-bc-local/7889712584.html,2013 Fiat 500 lounge BC local No accident clean title,craigslist_abbotsford.csv
abbotsford,2011,mercedes-benz,e350,12900.0,,122000,gas,automatic,https://abbotsford.craigslist.org/ctd/d/burnaby-2011-mercedes-benz-e350-4matic/7889712576.html,2011 Mercedes-Benz E350 4matic Clean title No accidents,craigslist_abbotsford.csv
abbotsford,2014,fiat,500 lounge,8900.0,,106000,gas,automatic,https://abbotsford.craigslist.org/ctd/d/burnaby-2014-fiat-500-lounge-bc-local/7889712569.html,2014 Fiat 500 Lounge BC Local Clean title,craigslist_abbotsford.csv
abbotsford,2018,Nissan,Qashqai,17900.0,,104000,gas,automatic,https://abbotsford.craigslist.org/ctd/d/burnaby-2018-nissan-qashqai-sl-awd/7889712518.html,2018 Nissan Qashqai SL AWD Fully load clean title NO accidents,craigslist_abbotsford.csv
abbotsford,2015,honda,fit,15300.0,,76500,gas,automatic,https://abbotsford.craigslist.org/ctd/d/burnaby-2015-honda-fit-bc-local-one/7889712498.html,2015 Honda Fit BC Local One owner finance available,craigslist_abbotsford.csv
abbotsford,2015,chevrolet,equinox,9900.0,,112000,gas,automatic,https://abbotsford.craigslist.org/ctd/d/burnaby-2015-chevrolet-equinox-bc-local/7889712408.html,2015 Chevrolet equinox BC local clean title,craigslist_abbotsford.csv
abbotsford,2009,Toyota,Matrix,6900.0,,214000,gas,automatic,https://abbotsford.craigslist.org/ctd/d/burnaby-2009-toyota-matrix-clean-title/7889712386.html,2009 Toyota matrix Clean title No accident,craigslist_abbotsford.csv
abbotsford,2017,hyundai,tucson se awd,12900.0,,149000,gas,automatic,https://abbotsford.craigslist.org/ctd/d/burnaby-2017-hyundai-tucson-awd-good-on/7889712362.html,2017 Hyundai Tucson AWD Good on gas financing available clean title,craigslist_abbotsford.csv
abbotsford,2011,gmc,terrain sle,6900.0,,168000,gas,automatic,https://abbotsford.craigslist.org/ctd/d/burnaby-2011-gmc-terrain-bc-local-clean/7889712346.html,2011 GMC Terrain BC Local Clean title No accident,craigslist_abbotsford.csv
abbotsford,2013,Hyundai,Elantra GT,9500.0,,110500,gas,automatic,https://abbotsford.craigslist.org/ctd/d/burnaby-2013-hyundai-elantra-gt-clean/7889712325.html,2013 Hyundai Elantra GT Clean title BC Local One owner,craigslist_abbotsford.csv
abbotsford,2016,dodge,grand caravan,14900.0,,120000,gas,automatic,https://abbotsford.craigslist.org/ctd/d/burnaby-2016-dodge-grand-caravan-clean/7889712312.html,2016 Dodge Grand Caravan Clean title No accident finance available,craigslist_abbotsford.csv
abbotsford,1973,mg,mgb,1450.0,fair,100000,gas,manual,https://abbotsford.craigslist.org/cto/d/langley-township-southwest-1973-mgb/7852318343.html,1973 MGB  project or parts,craigslist_abbotsford.csv
abbotsford,1929,Ford,?,40000.0,like new,250,gas,manual,https://abbotsford.craigslist.org/cto/d/langley-1929-ford-model-pu-truck/7865598579.html,1929 Ford Model A PU Truck,craigslist_abbotsford.csv
abbotsford,1998,chevrolet,silverado 2500,3200.0,,305000,gas,automatic,https://abbotsford.craigslist.org/cto/d/mission-west-1998-chev-silverado-x4/7884003203.html,1998 chev silverado 2500 4x4,craigslist_abbotsford.csv
abbotsford,1981,Chev,Camaro,7500.0,,44000,gas,automatic,https://abbotsford.craigslist.org/cto/d/abbotsford-1981-camaro/7870011411.html,1981 Camaro,craigslist_abbotsford.csv
abbotsford,1989,Ford,?,3000.0,,190000,gas,manual,https://abbotsford.craigslist.org/cto/d/maple-ridge-east-1988-f350-crewcab/7884236499.html,1988 f350  crewcab lariet,craigslist_abbotsford.csv
abbotsford,2023,Kia,Niro EV Wave,22888.0,excellent,101120,electric,automatic,https://abbotsford.craigslist.org/ctd/d/coquitlam-2023-kia-niro-ev-wave/7889651713.html,2023 Kia Niro EV Wave,craigslist_abbotsford.csv
abbotsford,2017,Acura,RDX AWD with Advance Pkge,13888.0,excellent,139759,gas,automatic,https://abbotsford.craigslist.org/ctd/d/coquitlam-2017-acura-rdx-awd-advance/7889651475.html,2017 Acura RDX AWD w/ Advance Package,craigslist_abbotsford.csv
abbotsford,2007,Toyota,Yaris Hatchback - Automatic 4Dr.,6998.0,excellent,200210,gas,automatic,https://abbotsford.craigslist.org/ctd/d/coquitlam-2007-toyota-yaris-hatch-back/7889650869.html,2007 Toyota Yaris Hatch Back 4Dr - Automatic,craigslist_abbotsford.csv
abbotsford,2017,Nissan,Micra S Hatchback Automatic,9988.0,excellent,118606,gas,automatic,https://abbotsford.craigslist.org/ctd/d/coquitlam-2017-nissan-micra-hatchback/7889650701.html,2017 Nissan Micra S Hatchback 4Dr.,craigslist_abbotsford.csv
abbotsford,2021,Volvo,XC90 T6,37999.0,excellent,76170,gas,automatic,https://abbotsford.craigslist.org/ctd/d/surrey-lower-west-2021-volvo-xc90-t6/7889649167.html,2021 Volvo XC90 T6 AWD Momentum 7-Seater | ACCIDENT-FREE,craigslist_abbotsford.csv
abbotsford,2024,Ford,Mustang,36999.0,excellent,41685,gas,automatic,https://abbotsford.craigslist.org/ctd/d/surrey-lower-west-2024-ford-mustang/7889648961.html,2024 Ford Mustang EcoBoost Premium Convertible: ACCIDENT-FREE!,craigslist_abbotsford.csv
abbotsford,2023,Dodge,Durango R/T,43999.0,excellent,91625,gas,automatic,https://abbotsford.craigslist.org/ctd/d/surrey-lower-west-2023-dodge-durango-t/7889648941.html,2023 Dodge Durango R/T AWD 5.7L HEMI SUV: NO ACCIDENTS,craigslist_abbotsford.csv
abbotsford,2022,Ram,1500 Limited Longhorn,56999.0,excellent,23469,gas,automatic,https://abbotsford.craigslist.org/ctd/d/surrey-lower-west-2022-ram-1500-limited/7888006214.html,"2022 Ram 1500 Limited Longhorn 4x4 Crew Cab 5'7"" Box: LOCAL, 1-OWNER",craigslist_abbotsford.csv
abbotsford,2023,Ford,Mustang,42987.0,excellent,40355,gas,automatic,https://abbotsford.craigslist.org/ctd/d/surrey-lower-west-2023-ford-mustang/7888078320.html,"2023 Ford Mustang EcoBoost Convertible: LOW KMS, CLEAN CARFAX",craigslist_abbotsford.csv
abbotsford,2022,Ford,Mustang Mach-E Premium,33674.0,excellent,85494,electric,automatic,https://abbotsford.craigslist.org/ctd/d/surrey-lower-west-2022-ford-mustang/7888078755.html,2022 Ford Mustang Mach-E Premium RWD SUV: ACCIDENT-FREE,craigslist_abbotsford.csv
abbotsford,2024,Chrysler,Pacifica,45999.0,excellent,13919,gas,automatic,https://abbotsford.craigslist.org/ctd/d/surrey-lower-west-2024-chrysler/7888077928.html,"2024 Chrysler Pacifica Touring-L AWD MInivan: SPOTLESS CARFAX, LOW KMS",craigslist_abbotsford.csv
abbotsford,2023,Jeep,Grand Cherokee,34999.0,excellent,65820,gas,automatic,https://abbotsford.craigslist.org/ctd/d/surrey-lower-west-2023-jeep-grand/7889648543.html,"2023 Jeep Grand Cherokee L Laredo 4x4 SUV: LOW KMS, NO ACCIDENTS",craigslist_abbotsford.csv
abbotsford,2019,Chevrolet,Colorado,36999.0,excellent,87505,diesel,automatic,https://abbotsford.craigslist.org/ctd/d/surrey-lower-west-2019-chevrolet/7888869015.html,"2019 Chevrolet Colorado 4WD Crew Cab 128.3"" ZR2 | LOW KMS",craigslist_abbotsford.csv
abbotsford,2024,Ford,Mustang,35999.0,excellent,11415,gas,automatic,https://abbotsford.craigslist.org/ctd/d/surrey-lower-west-2024-ford-mustang/7889648089.html,"2024 Ford Mustang EcoBoost Fastback: NO ACCIDENTS, LOW LOW KMS",craigslist_abbotsford.csv
abbotsford,2023,Chevrolet,TrailBlazer RS,26499.0,excellent,46600,gas,automatic,https://abbotsford.craigslist.org/ctd/d/surrey-lower-west-2023-chevrolet/7887337830.html,"2023 Chevrolet TrailBlazer AWD RS SUV: NO ACCIDENTS, LOCAL",craigslist_abbotsford.csv
abbotsford,2023,Dodge,Durango R/T,40999.0,excellent,76255,gas,automatic,https://abbotsford.craigslist.org/ctd/d/surrey-lower-west-2023-dodge-durango-gt/7889648021.html,"2023 Dodge Durango GT AWD SUV: 1-OWNER, NO ACCIDENTS",craigslist_abbotsford.csv
abbotsford,2024,Audi,Q5 Progressiv,45999.0,excellent,48930,electric,automatic,https://abbotsford.craigslist.org/ctd/d/surrey-lower-west-2024-audi-q5/7888006333.html,2024 Audi Q5 Progressiv 45 TFSI quattro SUV: TONS OF WARRANTY!,craigslist_abbotsford.csv
abbotsford,2023,Ram,3500 Big Horn,57999.0,excellent,26355,gas,automatic,https://abbotsford.craigslist.org/ctd/d/surrey-lower-west-2023-ram-3500-big/7888006418.html,2023 Ram 3500 Big Horn 4x4 Crew Cab 8' Box: ACCIDENT-FREE!,craigslist_abbotsford.csv
abbotsford,2024,Ford,Bronco Sport Big Bend,30999.0,excellent,26100,gas,automatic,https://abbotsford.craigslist.org/ctd/d/surrey-lower-west-2024-toyota-corolla/7887353487.html,2024 Toyota Corolla LE - HEATED FRONT SEATS - Cruise Control - LOW KMS,craigslist_abbotsford.csv
abbotsford,2023,Dodge,Charger,69999.0,excellent,32895,gas,automatic,https://abbotsford.craigslist.org/ctd/d/surrey-lower-west-2023-dodge-charger/7886355900.html,2023 Dodge Charger Scat Pack 392 Widebody RWD Sedan: ACCIDENT-FREE,craigslist_abbotsford.csv
abbotsford,2022,Dodge,Challenger,68321.0,excellent,24995,gas,automatic,https://abbotsford.craigslist.org/ctd/d/surrey-lower-west-2022-dodge-challenger/7888006682.html,2022 Dodge Challenger Scat Pack 392 RWD Coupe: ACCIDENT-FREE,craigslist_abbotsford.csv
abbotsford,2023,Dodge,Challenger Scat Pack 392,66999.0,excellent,12435,gas,automatic,https://abbotsford.craigslist.org/ctd/d/surrey-lower-west-2023-dodge-challenger/7882840715.html,2023 Dodge Challenger Scat Pack 392 RWD Coupe: NO ACCIDENTS!,craigslist_abbotsford.csv
abbotsford,2020,Dodge,Grand Caravan GT,19999.0,excellent,120104,gas,automatic,https://abbotsford.craigslist.org/ctd/d/surrey-lower-west-2020-dodge-grand/7889647703.html,2020 Dodge Grand Caravan GT 2WD Minivan: SPOTLESS CARFAX,craigslist_abbotsford.csv
abbotsford,2022,Hyundai,Sonata,25999.0,excellent,84850,gas,automatic,https://abbotsford.craigslist.org/ctd/d/surrey-lower-west-2022-hyundai-sonata/7888007069.html,"2022 Hyundai Sonata 2.5L Preferred Sedan: CLEAN, MINT UNIT",craigslist_abbotsford.csv
abbotsford,2024,Jeep,Compass Trailhawk,28999.0,excellent,46580,gas,automatic,https://abbotsford.craigslist.org/ctd/d/surrey-lower-west-2024-jeep-compass/7887336377.html,"2024 Jeep Compass Trailhawk 4x4 SUV: ACCIDENT-FREE, LOW KMS",craigslist_abbotsford.csv
abbotsford,2021,Audi,e-tron Sportback,40872.0,excellent,74075,electric,automatic,https://abbotsford.craigslist.org/ctd/d/surrey-lower-west-2021-audi-tron/7887336541.html,2021 Audi e-tron Sportback Technik quattro SUV: TOP CONDITION,craigslist_abbotsford.csv
abbotsford,2019,Jeep,Wrangler Unlimited Sahara,31999.0,excellent,102106,gas,automatic,https://abbotsford.craigslist.org/ctd/d/surrey-lower-west-2019-jeep-wrangler/7888004470.html,2019 Jeep Wrangler Unlimited Sahara 4x4 SUV: BC LOCAL,craigslist_abbotsford.csv
abbotsford,2024,Nissan,Pathfinder Platinum,54999.0,like new,1150,gas,automatic,https://abbotsford.craigslist.org/ctd/d/surrey-lower-west-2024-nissan/7889647471.html,"2024 Nissan Pathfinder Platinum 4WD SUV: LOWEST KM, LIKE NEW!",craigslist_abbotsford.csv
abbotsford,2024,Acura,ZDX Type S,59999.0,excellent,510,electric,automatic,https://abbotsford.craigslist.org/ctd/d/surrey-lower-west-2024-acura-zdx-type/7887337339.html,"2024 Acura ZDX Type S AWD SUV: CLEAN CARFAX, LIKE NEW!",craigslist_abbotsford.csv
abbotsford,2020,Ram,1500 Longhorn,47999.0,excellent,81514,gas,automatic,https://abbotsford.craigslist.org/ctd/d/surrey-lower-west-2020-ram-1500/7889647314.html,"2020 Ram 1500 Longhorn 4x4 Crew Cab 5'7"" Box: CLEAN CARFAX",craigslist_abbotsford.csv
abbotsford,2020,Jeep,Compass Limited,23976.0,excellent,113155,gas,automatic,https://abbotsford.craigslist.org/ctd/d/surrey-lower-west-2020-jeep-compass/7888005649.html,2020 Jeep Compass Limited 4x4 SUV: CLEAN CARFAX,craigslist_abbotsford.csv
abbotsford,2023,Toyota,RAV4 XLE,42579.0,excellent,24505,gas,automatic,https://abbotsford.craigslist.org/ctd/d/surrey-lower-west-2023-toyota-rav4-xle/7888005038.html,"2023 Toyota RAV4 XLE AWD SUV: LOW KMS, NO ACCIDENTS",craigslist_abbotsford.csv
abbotsford,2018,Ram,1500 Sport,34999.0,excellent,113396,gas,automatic,https://abbotsford.craigslist.org/ctd/d/surrey-lower-west-2018-ram-1500-sport/7889647177.html,"2018 Ram 1500 Sport 4x4 Crew Cab 5'7"" Box *Ltd Avail* | BC TRUCK",craigslist_abbotsford.csv
abbotsford,2018,Ram,1500 Laramie,34999.0,excellent,101025,gas,automatic,https://abbotsford.craigslist.org/ctd/d/surrey-lower-west-2018-ram-1500-laramie/7889647121.html,"2018 Ram 1500 Laramie 4x4 Crew Cab 6'4"" Box: LOCAL UNIT",craigslist_abbotsford.csv
abbotsford,2022,Ram,1500 Classic,42999.0,excellent,39565,gas,automatic,https://abbotsford.craigslist.org/ctd/d/surrey-lower-west-2022-ram-1500-classic/7889647098.html,"2022 Ram 1500 Classic Express 4x4 Crew Cab 5'7"" Box: ACCIDENT-FREE!",craigslist_abbotsford.csv
abbotsford,2021,Chrysler,Pacifica,32999.0,excellent,80950,hybrid,automatic,https://abbotsford.craigslist.org/ctd/d/surrey-lower-west-2021-chrysler/7889646994.html,2021 Chrysler Pacifica Hybrid Touring L Plus 2WD Minivan: NO ACCIDENTS,craigslist_abbotsford.csv
abbotsford,2024,Chevrolet,Equinox EV RS w/2RS,44261.0,like new,6605,electric,automatic,https://abbotsford.craigslist.org/ctd/d/surrey-lower-west-2024-chevrolet/7889646971.html,"2024 Chevrolet Equinox EV RS w/2RS SUV: CLEAN TITLE, LOW LOW KMS",craigslist_abbotsford.csv
abbotsford,2024,Mitsubishi,Outlander,31999.0,excellent,62080,gas,automatic,https://abbotsford.craigslist.org/ctd/d/surrey-lower-west-2024-mitsubishi/7889646882.html,"2024 Mitsubishi Outlander SE S-AWC SUV: NO ACCIDENTS, MFR WARRANTY",craigslist_abbotsford.csv
abbotsford,2024,Ford,Mustang,38999.0,excellent,45310,gas,automatic,https://abbotsford.craigslist.org/ctd/d/surrey-lower-west-2024-ford-mustang/7888005241.html,"2024 Ford Mustang EcoBoost Premium Convertible | NO ACCIDENTS, LOW KMS",craigslist_abbotsford.csv
abbotsford,2022,Ford,Bronco Sport,28999.0,excellent,51925,gas,automatic,https://abbotsford.craigslist.org/ctd/d/surrey-lower-west-2022-ford-bronco/7887349824.html,"2022 Ford Bronco Sport Big Bend 4x4 SUV: 1-OWNER, NO ACCIDENTS",craigslist_abbotsford.csv
abbotsford,2022,Ram,1500 Classic Warlock,41999.0,excellent,69025,gas,automatic,https://abbotsford.craigslist.org/ctd/d/surrey-lower-west-2022-ram-1500-classic/7889646797.html,"2022 Ram 1500 Classic Warlock 4x4 Crew Cab 5'7"" Box: LOCAL, LOW KMS",craigslist_abbotsford.csv
abbotsford,2023,Toyota,Camry,41872.0,excellent,20115,hybrid,automatic,https://abbotsford.craigslist.org/ctd/d/surrey-lower-west-2023-toyota-camry/7889646744.html,"2023 Toyota Camry Hybrid XSE Auto Sedan: ACCIDENT-FREE, LOW KMS",craigslist_abbotsford.csv
abbotsford,2022,Ford,Bronco Sport,27999.0,excellent,33225,gas,automatic,https://abbotsford.craigslist.org/ctd/d/surrey-lower-west-2022-ford-bronco/7888004147.html,2022 Ford Bronco Sport Big Bend 4x4 SUV: ACCIDENT-FREE!,craigslist_abbotsford.csv
abbotsford,2022,Ford,F-150,38999.0,excellent,68940,gas,automatic,https://abbotsford.craigslist.org/ctd/d/surrey-lower-west-2022-ford-150-xlt-4wd/7889646646.html,2022 Ford F-150 XLT 4WD SuperCrew 5.5' Box | NO ACCIDENTS!,craigslist_abbotsford.csv
abbotsford,2022,Volkswagen,Taos Trendline,23999.0,excellent,64405,gas,automatic,https://abbotsford.craigslist.org/ctd/d/surrey-lower-west-2022-volkswagen-taos/7888005077.html,2022 Volkswagen Taos Trendline 4MOTION SUV: NO ACCIDENTS,craigslist_abbotsford.csv
abbotsford,2023,Ram,1500 Laramie,51999.0,excellent,67385,gas,automatic,https://abbotsford.craigslist.org/ctd/d/surrey-lower-west-2023-ram-1500-laramie/7882843723.html,"2023 Ram 1500 Laramie 4x4 Crew Cab 5'7"" Box: LOW KMS, ACCIDENT-FREE",craigslist_abbotsford.csv
abbotsford,2020,Kia,Sportage,23999.0,excellent,56585,gas,automatic,https://abbotsford.craigslist.org/ctd/d/surrey-lower-west-2020-kia-sportage-sx/7889646074.html,"2020 Kia Sportage SX AWD SUV: LOW LOW KMS, MINT!",craigslist_abbotsford.csv
abbotsford,2022,Jeep,Grand Cherokee WK Limited,37998.0,excellent,67573,gas,automatic,https://abbotsford.craigslist.org/ctd/d/surrey-lower-west-2022-jeep-grand/7889645791.html,"2022 Jeep Grand Cherokee WK Limited 4x4 SUV: LOCAL, LOW KMS",craigslist_abbotsford.csv
abbotsford,2022,Hyundai,Santa Fe,24999.0,excellent,70940,gas,automatic,https://abbotsford.craigslist.org/ctd/d/surrey-lower-west-2022-hyundai-santa-fe/7884363223.html,2022 Hyundai Santa Fe Essential AWD SUV: Apple Carplay/Google Android,craigslist_abbotsford.csv
abbotsford,2024,Ram,1500 Laramie,64321.0,excellent,14882,electric,automatic,https://abbotsford.craigslist.org/ctd/d/surrey-lower-west-2024-ram-1500-laramie/7889645344.html,"2024 Ram 1500 Laramie 4x4 Crew Cab 5'7"" Box: ACCIDENT-FREE",craigslist_abbotsford.csv
abbotsford,2019,Audi,A5 Progressiv,30999.0,excellent,65447,gas,automatic,https://abbotsford.craigslist.org/ctd/d/surrey-lower-west-2019-audi-a5/7889645204.html,"2019 Audi A5 Progressiv 45 TFSI quattro Coupe; ACCIDENT-FREE, LOW KMS",craigslist_abbotsford.csv
abbotsford,2022,Hyundai,Sonata,21999.0,excellent,107405,gas,automatic,https://abbotsford.craigslist.org/ctd/d/surrey-lower-west-2022-hyundai-sonata/7887336029.html,"2022 Hyundai Sonata 2.5T N Line Sedan: 1-OWNER, BC LOCAL",craigslist_abbotsford.csv
abbotsford,2022,Ford,Mustang Mach-E,32998.0,excellent,93270,electric,automatic,https://abbotsford.craigslist.org/ctd/d/surrey-lower-west-2022-ford-mustang/7889645124.html,2022 Ford Mustang Mach-E California Route 1 AWD SUV: ACCIDENT-FREE,craigslist_abbotsford.csv
abbotsford,2022,Hyundai,Elantra,24979.0,excellent,88815,hybrid,automatic,https://abbotsford.craigslist.org/ctd/d/surrey-lower-west-2022-hyundai-elantra/7889645102.html,"2022 Hyundai Elantra Hybrid Ultimate DCT Sedan: 1-OWNER, LOCAL",craigslist_abbotsford.csv
abbotsford,2023,Jeep,Grand Cherokee Limited,39741.0,excellent,71700,gas,automatic,https://abbotsford.craigslist.org/ctd/d/surrey-lower-west-2023-jeep-grand/7889644935.html,"2023 Jeep Grand Cherokee Limited 4x4 SUV: CLEAN, TOP CONDITION",craigslist_abbotsford.csv
abbotsford,1926,Model,T Tub,8700.0,fair,43000,gas,automatic,https://abbotsford.craigslist.org/cto/d/maple-ridge-1926-model-tub/7865017635.html,1926 Model T Tub,craigslist_abbotsford.csv
abbotsford,2023,Jeep,Grand Cherokee Limited,37472.0,excellent,95090,gas,automatic,https://abbotsford.craigslist.org/ctd/d/surrey-lower-west-2023-jeep-grand/7889644734.html,2023 Jeep Grand Cherokee Limited 4x4 SUV: ACCIDENT-FREE,craigslist_abbotsford.csv
abbotsford,2024,Volkswagen,Tiguan Highline R-Line,38999.0,excellent,39845,gas,automatic,https://abbotsford.craigslist.org/ctd/d/surrey-lower-west-2024-volkswagen/7889644442.html,2024 Volkswagen Tiguan Highline R-Line 4MOTION SUV | LOW KMS,craigslist_abbotsford.csv
abbotsford,2024,Ram,3500 Limited,89677.0,like new,740,gas,automatic,https://abbotsford.craigslist.org/ctd/d/surrey-lower-west-2024-ram-3500-limited/7889644246.html,"2024 Ram 3500 Limited 4x4 Crew Cab 6'4"" Box | NO ACCIDENTS",craigslist_abbotsford.csv
abbotsford,2023,Chrysler,300S,31999.0,excellent,81580,gas,automatic,https://abbotsford.craigslist.org/ctd/d/surrey-lower-west-2023-chrysler-300s/7889643967.html,"2023 Chrysler 300S AWD Sedan: NAVI,  ACCIDENT-FREE!",craigslist_abbotsford.csv
abbotsford,2024,Nissan,Sentra,24672.0,excellent,28885,gas,automatic,https://abbotsford.craigslist.org/ctd/d/surrey-lower-west-2024-nissan-sentra-sr/7886337433.html,"2024 Nissan Sentra SR CVT Sedan: 1-OWNER, NO ACCIDENTS",craigslist_abbotsford.csv
abbotsford,2023,Ford,Mustang Mach-E Premium,38499.0,excellent,37100,electric,automatic,https://abbotsford.craigslist.org/ctd/d/surrey-lower-west-2023-ford-mustang/7889643835.html,2023 Ford Mustang Mach-E Premium AWD SUV: ACCIDENT-FREE,craigslist_abbotsford.csv
abbotsford,2014,Nissan,Rogue,,excellent,137877,gas,automatic,https://abbotsford.craigslist.org/ctd/d/surrey-lower-west-2014-nissan-rogue-fwd/7889643583.html,"2014 Nissan Rogue FWD S SUV: NAVI, LOCAL",craigslist_abbotsford.csv
abbotsford,2014,BMW,750,,,176390,gas,automatic,https://abbotsford.craigslist.org/ctd/d/vancouver-2014-bmw-750-xi-for-sale/7888692310.html,2014 BMW 750 XI	For Sale Vancouver BC,craigslist_abbotsford.csv
abbotsford,2019,TESLA,MODEL 3,,,214257,electric,automatic,https://abbotsford.craigslist.org/ctd/d/vancouver-2019-tesla-model-for-sale/7888691118.html,2019 TESLA MODEL 3	 For Sale Vancouver BC,craigslist_abbotsford.csv
abbotsford,2008,FORD,F350,,,270711,diesel,automatic,https://abbotsford.craigslist.org/ctd/d/vancouver-2008-ford-f350-srw-super-duty/7888691064.html,2008 FORD F350 SRW SUPER DUTY For Sale Vancouver BC,craigslist_abbotsford.csv
abbotsford,2015,BMW,X5,,,192589,diesel,automatic,https://abbotsford.craigslist.org/ctd/d/vancouver-2015-bmw-x5-xdrive35d-for/7888692719.html,2015 BMW X5 XDRIVE35D For Sale Vancouver BC,craigslist_abbotsford.csv
abbotsford,2020,FORD,MUSTANG,32888.0,,54479,gas,automatic,https://abbotsford.craigslist.org/ctd/d/vancouver-2020-ford-mustang-i4/7888692638.html,2020 FORD MUSTANG I4 Convertible For Sale Vancouver BC,craigslist_abbotsford.csv
abbotsford,2008,FORD,F350,16888.0,,270711,diesel,automatic,https://abbotsford.craigslist.org/ctd/d/vancouver-2008-ford-f350-srw-super-duty/7888692548.html,2008 FORD F350 SRW SUPER DUTY For Sale Vancouver BC,craigslist_abbotsford.csv
abbotsford,2011,MASERATI,GRANTURISMO,,,99888,gas,automatic,https://abbotsford.craigslist.org/ctd/d/vancouver-2011-maserati-granturismo-for/7888692340.html,2011 Maserati	GRANTURISMO S For Sale Vancouver BC,craigslist_abbotsford.csv
abbotsford,2014,BMW,750,14888.0,,176390,gas,automatic,https://abbotsford.craigslist.org/ctd/d/vancouver-2014-bmw-750-xi-for-sale/7888691122.html,2014 BMW 750 XI For Sale Vancouver BC,craigslist_abbotsford.csv
abbotsford,2014,FORD,MUSTANG,,,167355,other,manual,https://abbotsford.craigslist.org/ctd/d/vancouver-2014-ford-mustang/7888691682.html,2014 FORD MUSTANG,craigslist_abbotsford.csv
abbotsford,2016,FORD,EXPLORER,,,191193,gas,automatic,https://abbotsford.craigslist.org/ctd/d/vancouver-2016-ford-explorer-police/7888691565.html,2016 FORD EXPLORER POLICE INTERCEPTOR,craigslist_abbotsford.csv
abbotsford,2007,VOLKSWAGEN,EOS,8888.0,,116068,gas,manual,https://abbotsford.craigslist.org/ctd/d/vancouver-2007-volkswagen-eos-20t/7888691560.html,2007 VOLKSWAGEN	EOS 2.0T LUXURY For Sale Vancouver BC,craigslist_abbotsford.csv
abbotsford,2014,FERRARI,458,229888.0,,97706,gas,automatic,https://abbotsford.craigslist.org/ctd/d/vancouver-2014-ferrari-458-spider-for/7888691525.html,2014 FERRARI 458 SPIDER For Sale Vancouver BC,craigslist_abbotsford.csv
abbotsford,2015,DODGE,DURANGO,,,218784,other,automatic,https://abbotsford.craigslist.org/ctd/d/vancouver-2015-dodge-durango-limited/7888691311.html,2015 DODGE DURANGO LIMITED,craigslist_abbotsford.csv
abbotsford,2013,HYUNDAI,SANTA FE,6888.0,,217000,gas,automatic,https://abbotsford.craigslist.org/ctd/d/vancouver-2013-hyundai-santa-fe-sport/7888691197.html,2013 HYUNDAI SANTA FE SPORT Sport Popular / Sport Leather / Sport Tech,craigslist_abbotsford.csv
abbotsford,2012,BMW,M6,29888.0,,112197,gas,automatic,https://abbotsford.craigslist.org/ctd/d/vancouver-2012-bmw-m6-for-sale/7888691191.html,2012 BMW M6 For Sale Vancouver BC,craigslist_abbotsford.csv
abbotsford,2016,TOYOTA,PRIUS C,12888.0,,148278,hybrid,automatic,https://abbotsford.craigslist.org/ctd/d/vancouver-2016-toyota-prius-nhp10l-for/7888691056.html,2016 TOYOTA PRIUS C NHP10L For Sale Vancouver BC,craigslist_abbotsford.csv
abbotsford,2011,CHEVROLET,CAMARO,9999.0,,182375,gas,manual,https://abbotsford.craigslist.org/ctd/d/vancouver-2011-chevrolet-camaro-ls-for/7888690983.html,2011 CHEVROLET CAMARO LS For Sale Vancouver BC,craigslist_abbotsford.csv
abbotsford,2015,LAND,ROVER RANGE ROVER,,,119260,other,automatic,https://abbotsford.craigslist.org/ctd/d/vancouver-2015-land-rover-range-rover/7887060087.html,2015 LAND ROVER RANGE ROVER AUTOBIOGRAPHY,craigslist_abbotsford.csv
abbotsford,2015,LAND,ROVER RANGE ROVER,33888.0,,119260,other,automatic,https://abbotsford.craigslist.org/ctd/d/vancouver-2015-land-rover-range-rover/7887059897.html,2015 LAND ROVER RANGE ROVER AUTOBIOGRAPHY,craigslist_abbotsford.csv
abbotsford,2015,HONDA,CIVIC,,,176201,gas,manual,https://abbotsford.craigslist.org/ctd/d/vancouver-2015-honda-civic-si-for-sale/7885898320.html,2015 HONDA	CIVIC SI	For Sale Vancouver BC,craigslist_abbotsford.csv
abbotsford,2018,DODGE,GRAND CARAVAN,14888.0,,161181,other,automatic,https://abbotsford.craigslist.org/ctd/d/vancouver-2018-dodge-grand-caravan-gt/7887062322.html,2018 DODGE GRAND CARAVAN GT,craigslist_abbotsford.csv
abbotsford,2018,SUBARU,WRX,25888.0,,83138,gas,manual,https://abbotsford.craigslist.org/ctd/d/vancouver-2018-subaru-wrx-sti-limited/7884013678.html,2018 SUBARU WRX STI LIMITED For Sale Vancouver BC,craigslist_abbotsford.csv
abbotsford,2016,Toyota,Prius,13888.0,,149800,other,automatic,https://abbotsford.craigslist.org/ctd/d/vancouver-2016-toyota-prius-for-sale/7887062309.html,2016 Toyota Prius For Sale Vancouver BC,craigslist_abbotsford.csv
abbotsford,2016,HONDA,ODYSSEY,,,170333,gas,automatic,https://abbotsford.craigslist.org/ctd/d/vancouver-2016-honda-odyssey-exl-for/7887062209.html,2016 HONDA ODYSSEY EXL For Sale Vancouver BC,craigslist_abbotsford.csv
abbotsford,2017,RAM,1500,,,261624,gas,automatic,https://abbotsford.craigslist.org/ctd/d/vancouver-2017-ram-1500-sport-for-sale/7884013822.html,2017 RAM 1500 SPORT For Sale Vancouver BC,craigslist_abbotsford.csv
abbotsford,2017,Dodge,Caravan,,,199368,other,automatic,https://abbotsford.craigslist.org/ctd/d/vancouver-2017-dodge-caravan-regular/7884013739.html,2017 Dodge Caravan Regular For Sale Vancouver BC,craigslist_abbotsford.csv
abbotsford,2002,WILLYS,SP&SP,,,1102,other,manual,https://abbotsford.craigslist.org/ctd/d/vancouver-2002-willys-spsp/7884013668.html,2002 WILLYS SP&SP,craigslist_abbotsford.csv
abbotsford,2012,BMW,M6,,,112197,gas,automatic,https://abbotsford.craigslist.org/ctd/d/vancouver-2012-bmw-m6-for-sale/7883255563.html,2012 BMW M6 For Sale Vancouver BC,craigslist_abbotsford.csv
abbotsford,2019,TESLA,MODEL 3,18999.0,,214257,electric,automatic,https://abbotsford.craigslist.org/ctd/d/vancouver-2019-tesla-model-for-sale/7883254877.html,2019 TESLA MODEL 3 For Sale Vancouver BC,craigslist_abbotsford.csv
abbotsford,2015,DODGE,DURANGO,10888.0,,218784,other,automatic,https://abbotsford.craigslist.org/ctd/d/vancouver-2015-dodge-durango-limited/7885898498.html,2015 DODGE DURANGO LIMITED,craigslist_abbotsford.csv
abbotsford,2013,HYUNDAI,SANTA FE,,,217000,gas,automatic,https://abbotsford.craigslist.org/ctd/d/vancouver-2013-hyundai-santa-fe-sport/7885898536.html,2013 HYUNDAI SANTA FE SPORT Sport Popular / Sport Leather / Sport Tech,craigslist_abbotsford.csv
abbotsford,2015,BMW,X5,18888.0,,192589,diesel,automatic,https://abbotsford.craigslist.org/ctd/d/vancouver-2015-bmw-x5-xdrive35d-for/7883238391.html,2015 BMW X5 XDRIVE35D For Sale Vancouver BC,craigslist_abbotsford.csv
abbotsford,2014,LAND,ROVER RANGE ROVER,,,110913,other,automatic,https://abbotsford.craigslist.org/ctd/d/vancouver-2014-land-rover-range-rover/7883239809.html,2014 LAND ROVER RANGE ROVER AUTOBIOGRAPHY For Sale Vancouver BC,craigslist_abbotsford.csv
abbotsford,2015,NISSAN,ROGUE,7888.0,,218519,gas,automatic,https://abbotsford.craigslist.org/ctd/d/vancouver-2015-nissan-rogue-for-sale/7883237291.html,2015 NISSAN ROGUE	S For Sale Vancouver BC,craigslist_abbotsford.csv
abbotsford,2011,BMW,550,,,99877,gas,automatic,https://abbotsford.craigslist.org/ctd/d/vancouver-2011-bmw-550-for-sale/7883235444.html,2011 BMW 550 I For Sale Vancouver BC,craigslist_abbotsford.csv
abbotsford,2010,MERCEDES-BENZ,S 450,12888.0,,148569,gas,automatic,https://abbotsford.craigslist.org/ctd/d/vancouver-2010-mercedes-benz-450-4matic/7883234265.html,2010 MERCEDES-BENZ S 450 4MATIC	For Sale Vancouver BC,craigslist_abbotsford.csv
abbotsford,2011,MASERATI,GRANTURISMO,39888.0,,99888,gas,automatic,https://abbotsford.craigslist.org/ctd/d/vancouver-2011-maserati-granturismo-for/7883233821.html,2011 Maserati	GRANTURISMO S For Sale Vancouver BC,craigslist_abbotsford.csv
abbotsford,2020,FORD,MUSTANG,,,54479,gas,automatic,https://abbotsford.craigslist.org/ctd/d/vancouver-2020-ford-mustang-i4/7883235268.html,2020 FORD MUSTANG I4 Convertible For Sale Vancouver BC,craigslist_abbotsford.csv
abbotsford,2015,HONDA,CIVIC,13888.0,,176201,gas,manual,https://abbotsford.craigslist.org/ctd/d/vancouver-2015-honda-civic-si-for-sale/7883234576.html,2015 HONDA CIVIC SI For Sale Vancouver BC,craigslist_abbotsford.csv
abbotsford,2017,HYUNDAI,TUCSON,12888.0,,171563,gas,automatic,https://abbotsford.craigslist.org/ctd/d/vancouver-2017-hyundai-tucson-limited/7884013369.html,2017 HYUNDAI TUCSON LIMITED For Sale Vancouver BC,craigslist_abbotsford.csv
abbotsford,2020,GMC,SIERRA C1500,24888.0,,98392,gas,automatic,https://abbotsford.craigslist.org/ctd/d/vancouver-2020-gmc-sierra-c1500/7883255211.html,2020 GMC SIERRA C1500,craigslist_abbotsford.csv
abbotsford,2017,HONDA,CIVIC,13888.0,,276735,gas,automatic,https://abbotsford.craigslist.org/ctd/d/vancouver-2017-honda-civic-touring-for/7887062175.html,2017 HONDA CIVIC TOURING For Sale Vancouver BC,craigslist_abbotsford.csv
abbotsford,2014,MASERATI,QUATROPORTE,18999.0,,105530,gas,automatic,https://abbotsford.craigslist.org/ctd/d/vancouver-2014-maserati-quatroporte/7887062038.html,2014 MASERATI QUATROPORTE,craigslist_abbotsford.csv
abbotsford,2013,BMW,X5,12999.0,,243268,diesel,other,https://abbotsford.craigslist.org/ctd/d/vancouver-2013-bmw-x5-awd-4dr-suv-auto/7887061584.html,2013 BMW X5 AWD 4dr SUV  AUTO,craigslist_abbotsford.csv
abbotsford,2017,HONDA,CIVIC,,,276735,gas,automatic,https://abbotsford.craigslist.org/ctd/d/vancouver-2017-honda-civic-touring-for/7887061439.html,2017 HONDA	CIVIC TOURING For Sale Vancouver BC,craigslist_abbotsford.csv
abbotsford,2002,WILLYS,SP&SP,19888.0,,1102,other,manual,https://abbotsford.craigslist.org/ctd/d/vancouver-2002-willys-spsp/7885898199.html,2002 WILLYS SP&SP,craigslist_abbotsford.csv
abbotsford,2007,BMW,750i,9888.0,,128945,other,manual,https://abbotsford.craigslist.org/ctd/d/vancouver-2009-bmw-750i-for-sale/7885898198.html,2009 BMW 750i For Sale Vancouver BC,craigslist_abbotsford.csv
abbotsford,2017,RAM,1500,19888.0,,261624,gas,automatic,https://abbotsford.craigslist.org/ctd/d/vancouver-2017-ram-1500-sport-for-sale/7885898169.html,2017 RAM 1500 SPORT For Sale Vancouver BC,craigslist_abbotsford.csv
abbotsford,2007,VOLKSWAGEN,EOS,,,116068,gas,manual,https://abbotsford.craigslist.org/ctd/d/vancouver-2007-volkswagen-eos-20t/7885898158.html,2007 VOLKSWAGEN EOS 2.0T LUXURY For Sale Vancouver BC,craigslist_abbotsford.csv
abbotsford,2014,MINI,COOPER,,,70768,gas,automatic,https://abbotsford.craigslist.org/ctd/d/vancouver-2014-mini-cooper-hardtop/7885898128.html,2014 MINI COOPER HARDTOP,craigslist_abbotsford.csv
abbotsford,2010,MERCEDES-BENZ,S 450,,,148569,gas,automatic,https://abbotsford.craigslist.org/ctd/d/vancouver-2010-mercedes-benz-450-4matic/7885898042.html,2010 MERCEDES-BENZ S 450 4MATIC	For Sale Vancouver BC,craigslist_abbotsford.csv
abbotsford,2016,Volkswagen,Jetta,7888.0,,177188,other,manual,https://abbotsford.craigslist.org/ctd/d/vancouver-2016-volkswagen-jetta-sedan/7885897921.html,2016 Volkswagen Jetta Sedan For Sale Vancouver BC,craigslist_abbotsford.csv
abbotsford,2012,CHEVROLET,ORLANDO,,,239386,other,automatic,https://abbotsford.craigslist.org/ctd/d/vancouver-2012-chevrolet-orlando-lt-for/7885897816.html,2012 CHEVROLET ORLANDO LT For Sale Vancouver BC,craigslist_abbotsford.csv
abbotsford,2023,Ram,2500 Limited,81999.0,excellent,31760,gas,automatic,https://abbotsford.craigslist.org/ctd/d/surrey-lower-west-2023-ram-2500-limited/7889643272.html,"2023 Ram 2500 Limited 4x4 Crew Cab 6'4"" Box: ACCIDENT-FREE",craigslist_abbotsford.csv
abbotsford,2015,HONDA,CIVIC,13888.0,,176201,gas,manual,https://abbotsford.craigslist.org/ctd/d/vancouver-2015-honda-civic-si-for-sale/7888944712.html,2015	HONDA	CIVIC	SI	For Sale Vancouver BC,craigslist_abbotsford.csv
abbotsford,2016,FORD,EXPLORER,7888.0,,191193,gas,automatic,https://abbotsford.craigslist.org/ctd/d/vancouver-2016-ford-explorer-police/7886816202.html,2016	FORD	EXPLORER	POLICE INTERCEPTOR	For Sale Vancouver BC,craigslist_abbotsford.csv
abbotsford,2019,TESLA,MODEL 3,,,214257,electric,automatic,https://abbotsford.craigslist.org/ctd/d/vancouver-2019-tesla-model-for-sale/7886816105.html,2019	TESLA	MODEL 3		For Sale Vancouver BC,craigslist_abbotsford.csv
abbotsford,2008,FORD,F350,,,270711,diesel,automatic,https://abbotsford.craigslist.org/ctd/d/vancouver-2008-ford-f350-srw-super-duty/7886816100.html,2008	FORD	F350	SRW SUPER DUTY KING RANCH	For Sale Vancouver BC,craigslist_abbotsford.csv
abbotsford,2015,NISSAN,ROGUE,,,218519,gas,automatic,https://abbotsford.craigslist.org/ctd/d/vancouver-2015-nissan-rogue-for-sale/7888944493.html,2015	NISSAN	ROGUE	S	For Sale Vancouver BC,craigslist_abbotsford.csv
abbotsford,2010,MERCEDES-BENZ,S,12888.0,,148569,gas,automatic,https://abbotsford.craigslist.org/ctd/d/vancouver-2010-mercedes-benz-450-4matic/7888944198.html,2010	MERCEDES-BENZ	S	450 4MATIC	For Sale Vancouver BC,craigslist_abbotsford.csv
abbotsford,2010,MERCEDES-BENZ,S,,,148569,gas,automatic,https://abbotsford.craigslist.org/ctd/d/vancouver-2010-mercedes-benz-450-4matic/7888944076.html,2010	MERCEDES-BENZ	S	450 4MATIC	For Sale Vancouver BC,craigslist_abbotsford.csv
abbotsford,2014,LAND,ROVER RANGE ROVER,,,110913,gas,other,https://abbotsford.craigslist.org/ctd/d/vancouver-2014-land-rover-range-rover/7888943686.html,2014	LAND ROVER	RANGE ROVER	AUTOBIOGRAPHY	For Sale Vancouver BC,craigslist_abbotsford.csv
abbotsford,2015,DODGE,DURANGO,,,218784,gas,automatic,https://abbotsford.craigslist.org/ctd/d/vancouver-2015-dodge-durango-limited/7888943683.html,2015	DODGE	DURANGO	LIMITED	For Sale Vancouver BC,craigslist_abbotsford.csv
abbotsford,2016,LAND,ROVER RANGE ROVER,29888.0,,132261,diesel,automatic,https://abbotsford.craigslist.org/ctd/d/vancouver-2016-land-rover-range-rover/7888943557.html,2016	LAND ROVER	RANGE ROVER	HSE	For Sale Vancouver BC,craigslist_abbotsford.csv
abbotsford,2016,LAND,ROVER RANGE ROVER,,,132261,diesel,automatic,https://abbotsford.craigslist.org/ctd/d/vancouver-2016-land-rover-range-rover/7888943410.html,2016	LAND ROVER	RANGE ROVER	HSE	For Sale Vancouver BC,craigslist_abbotsford.csv
abbotsford,2014,MASERATI,QUATROPORTE,18999.0,,105530,gas,automatic,https://abbotsford.craigslist.org/ctd/d/vancouver-2014-maserati-quatroporte-for/7888943290.html,2014 MASERATI QUATROPORTE	For Sale Vancouver BC,craigslist_abbotsford.csv
abbotsford,2020,FORD,MUSTANG,,,54479,gas,automatic,https://abbotsford.craigslist.org/ctd/d/vancouver-2020-ford-mustang-i4/7888943143.html,2020	FORD	MUSTANG	I4 Convertible	For Sale Vancouver BC,craigslist_abbotsford.csv
abbotsford,2015,DODGE,DURANGO,10888.0,,218784,gas,automatic,https://abbotsford.craigslist.org/ctd/d/vancouver-2015-dodge-durango-limited/7888943023.html,2015	DODGE	DURANGO	LIMITED	For Sale Vancouver BC,craigslist_abbotsford.csv
abbotsford,2020,FORD,MUSTANG,32888.0,,54479,gas,automatic,https://abbotsford.craigslist.org/ctd/d/vancouver-2020-ford-mustang-i4/7888942755.html,2020	FORD	MUSTANG	I4 Convertible	For Sale Vancouver BC,craigslist_abbotsford.csv
abbotsford,2008,FORD,F350,16888.0,,270711,diesel,automatic,https://abbotsford.craigslist.org/ctd/d/vancouver-2008-ford-f350-srw-super-duty/7886816347.html,2008	FORD	F350	SRW SUPER DUTY KING RANCH	For Sale Vancouver BC,craigslist_abbotsford.csv
abbotsford,2024,Toyota,Corolla LE,26999.0,excellent,67880,gas,automatic,https://abbotsford.craigslist.org/ctd/d/surrey-lower-west-2024-toyota-corolla/7889643241.html,"2024 Toyota Corolla LE CVT Sedan: WARRANTY,  ACCIDENT-FREE",craigslist_abbotsford.csv
abbotsford,2013,BMW,X5,,,243268,diesel,automatic,https://abbotsford.craigslist.org/ctd/d/vancouver-2013-bmw-x5-for-sale/7886814687.html,2013	BMW	X5		For Sale Vancouver BC,craigslist_abbotsford.csv
abbotsford,2017,Dodge,Caravan,11999.0,,199368,gas,automatic,https://abbotsford.craigslist.org/ctd/d/vancouver-2017-dodge-caravan-se-4d-fwd/7886814941.html,2017 Dodge Caravan SE 4D FWD	For Sale Vancouver BC,craigslist_abbotsford.csv
winnipeg,2009,Mitsubishi,Delica D5,14500.0,like new,139000,gas,automatic,https://winnipeg.craigslist.org/ctd/d/richmond-2009-mitsubishi-delica-d5-4wd/7888022211.html,"2009 Mitsubishi Delica D5 4WD w/Dual Sliding Door 139,000 km",craigslist_winnipeg.csv
winnipeg,2009,Mitsubishi,Delica D5,20000.0,like new,143000,gas,automatic,https://winnipeg.craigslist.org/ctd/d/richmond-2009-mitsubishi-delica-d5-4wd/7888019191.html,"2009 Mitsubishi Delica D5 4WD Lifted w/Dual Sliding Door 143,000 km",craigslist_winnipeg.csv
winnipeg,2007,Mitsubishi,Delica D5,13200.0,like new,153000,gas,automatic,https://winnipeg.craigslist.org/ctd/d/richmond-2007-mitsubishi-delica-d5-4wd/7888018277.html,"2007 Mitsubishi Delica D5 4WD w/Dual Sliding Door 153,000 km",craigslist_winnipeg.csv
winnipeg,2008,Mitsubishi,Delica D5,17000.0,like new,160000,gas,automatic,https://winnipeg.craigslist.org/ctd/d/richmond-2008-mitsubishi-delica-d5-4wd/7888016660.html,"2008 Mitsubishi Delica D5 4WD Chamonix w/Dual Sliding Door 160,000 km",craigslist_winnipeg.csv
winnipeg,2007,Mitsubishi,Delica D5,14000.0,like new,193000,gas,automatic,https://winnipeg.craigslist.org/ctd/d/richmond-2007-mitsubishi-delica-d5-4wd/7888014992.html,"2007 Mitsubishi Delica D5 4WD Lift w/Dual Sliding Door 193,000 km",craigslist_winnipeg.csv
winnipeg,2009,Mazda,Biante,10000.0,like new,55000,gas,automatic,https://winnipeg.craigslist.org/ctd/d/richmond-2009-mazda-biante-van-4wd-dual/7888707859.html,"2009 Mazda Biante Van 4WD w/Dual Sliding Door 55,000 km",craigslist_winnipeg.csv
winnipeg,2010,Honda,Fit Hatchback,9500.0,like new,87000,gas,automatic,https://winnipeg.craigslist.org/ctd/d/richmond-2010-honda-freed-van-dual/7888710542.html,"2010 Honda Freed Van w/Dual Sliding LOW Mileage 87,000 km",craigslist_winnipeg.csv
winnipeg,2010,Honda,Fit Hatchback,8000.0,like new,78000,gas,automatic,https://winnipeg.craigslist.org/ctd/d/richmond-2009-honda-fit-hatchback-4wd-km/7888714338.html,"2009 Honda Fit Hatchback 4WD 78,000 km",craigslist_winnipeg.csv
winnipeg,2006,Honda,Stepwagon,10000.0,like new,16000,gas,automatic,https://winnipeg.craigslist.org/ctd/d/richmond-2006-honda-stepwagon-van-fwd/7888716076.html,"2006 Honda Stepwagon Van FWD w/Dual Sliding Door 16,000 km",craigslist_winnipeg.csv
winnipeg,1998,Subaru,Outback Limited,8850.0,,410285,gas,automatic,https://winnipeg.craigslist.org/cto/d/carberry-subaru-outback-limited-black/7888807504.html,Subaru Outback Limited (Black) STi Project,craigslist_winnipeg.csv
winnipeg,2013,chevy,equinox awd,8600.0,good,150900,gas,automatic,https://winnipeg.craigslist.org/cto/d/winnipeg-safety-chevy-equinox/7887734772.html,Safety chevy equinox,craigslist_winnipeg.csv
winnipeg,2008,chevrolet,uplander,2500.0,excellent,235000,gas,automatic,https://winnipeg.craigslist.org/cto/d/north-interlake-2008-chev-uplander-mini/7887611169.html,2008 Chev Uplander mini van 235000km,craigslist_winnipeg.csv
winnipeg,1980,mercedes,300sd turbo diesel,7900.0,good,196000,diesel,automatic,https://winnipeg.craigslist.org/cto/d/vernon-rare-1980-mercedes-benz-300sd/7886864770.html,RARE 1980 MERCEDES-BENZ 300SD TURBO DIESEL LOW KM,craigslist_winnipeg.csv
winnipeg,2013,peterbilt,389,110000.0,excellent,550000,diesel,manual,https://winnipeg.craigslist.org/cto/d/east-st-paul-2013-peterbilt/7886430592.html,2013 Peterbilt,craigslist_winnipeg.csv
winnipeg,2017,Volkswagen,Golf,9000.0,excellent,156000,gas,automatic,https://winnipeg.craigslist.org/cto/d/winnipeg-2017-volkswagen-golf/7882581807.html,2017 Volkswagen Golf,craigslist_winnipeg.csv
winnipeg,2022,Hyundai,Elantra,21000.0,excellent,45000,gas,automatic,https://winnipeg.craigslist.org/cto/d/winnipeg-2022-hyundai-elantra-sel-pkg/7884685883.html,2022 Hyundai Elantra SEL Pkg | Safetied | Low Milage | Full Car fax |,craigslist_winnipeg.csv
winnipeg,2025,Ford,F-550 F-Series,147759.0,new,14,diesel,automatic,https://winnipeg.craigslist.org/ctd/d/trail-2025-ford-chassis-cab-550-xl-with/7884137284.html,2025 Ford Chassis Cab F-550 XL with 9' Dump Body and Fisher Snowplow,craigslist_winnipeg.csv
winnipeg,1996,INEX,600 1938 Dodge coup,8000.0,excellent,50,gas,other,https://winnipeg.craigslist.org/cto/d/east-st-paul-hyper-legend-highly/7872389863.html,Hyper Legend highly modified mid-engine road racer,craigslist_winnipeg.csv
winnipeg,2011,gmc,sierra 1500,9400.0,excellent,244500,gas,automatic,https://winnipeg.craigslist.org/cto/d/winnipeg-gmc-sierra-1500/7882430593.html,GMC SIERRA 1500,craigslist_winnipeg.csv
winnipeg,2016,nissan,versa,11500.0,excellent,33435,gas,automatic,https://winnipeg.craigslist.org/cto/d/pilot-mound-2016-nissan-versa-note-sl/7882006988.html,2016 Nissan versa note sl,craigslist_winnipeg.csv
winnipeg,2005,ford,mustang gt,6000.0,,103945,gas,manual,https://winnipeg.craigslist.org/cto/d/winnipeg-2005-ford-mustang-gt-coupe-46l/7880487090.html,2005 Ford mustang gt coupe 4.6L V8,craigslist_winnipeg.csv
winnipeg,2021,C8,Corvette,27000.0,excellent,37500,gas,automatic,https://winnipeg.craigslist.org/cto/d/winnipeg-2021-c8-corvette/7880357922.html,2021 C8 Corvette,craigslist_winnipeg.csv
winnipeg,2011,Chevrolet,HHR LS,5990.0,excellent,152173,gas,automatic,https://winnipeg.craigslist.org/ctd/d/winnipeg-car-for-sale-2011-chevrolet/7879072505.html,CAR FOR SALE!!! 2011 Chevrolet HHR LS,craigslist_winnipeg.csv
winnipeg,2009,Chevrolet,Cobalt LT,5990.0,excellent,147879,gas,automatic,https://winnipeg.craigslist.org/ctd/d/winnipeg-car-for-sale-2000-chevy-cobalt/7879061408.html,CAR FOR SALE!!! 2000 CHEVY COBALT,craigslist_winnipeg.csv
winnipeg,2016,Ford,Escape SE,9790.0,excellent,226500,gas,automatic,https://winnipeg.craigslist.org/ctd/d/winnipeg-car-for-sale-2016-ford-escape/7879030617.html,CAR FOR SALE!!! 2016 FORD ESCAPE SE,craigslist_winnipeg.csv
winnipeg,2010,Dodge,Nitro KA SXT,8300.0,excellent,149700,gas,automatic,https://winnipeg.craigslist.org/ctd/d/winnipeg-car-for-sale-2010-dodge-nitro/7879021969.html,CAR FOR SALE!!! 2010 DODGE NITRO SXT,craigslist_winnipeg.csv
winnipeg,2014,Dodge,Grand Caravan SE,8990.0,,166176,gas,automatic,https://winnipeg.craigslist.org/ctd/d/winnipeg-car-for-sale-2014-dodge-grand/7879019738.html,CAR FOR SALE!!! 2014 DODGE GRAND CARAVAN,craigslist_winnipeg.csv
winnipeg,2012,Kia,Sorento GLS,8990.0,,207260,gas,automatic,https://winnipeg.craigslist.org/ctd/d/winnipeg-car-for-sale-2012-kia-sorento/7879017012.html,CAR FOR SALE!!! 2012 KIA SORENTO,craigslist_winnipeg.csv
winnipeg,2016,Dodge,Grand Caravan RT SE,9990.0,excellent,243085,gas,automatic,https://winnipeg.craigslist.org/ctd/d/winnipeg-car-for-sale-2016-dodge-grand/7879013778.html,CAR FOR SALE!!! 2016 DODGE GRAND CARAVAN,craigslist_winnipeg.csv
winnipeg,2008,Buick,Enclave CX 1/2 ton,5900.0,excellent,236110,gas,automatic,https://winnipeg.craigslist.org/ctd/d/winnipeg-car-for-sale-2008-buick/7879009827.html,CAR FOR SALE!!! 2008 BUICK ENCLAVE CX,craigslist_winnipeg.csv
winnipeg,2008,Chevy,cobalt sport,2500.0,good,228500,gas,automatic,https://winnipeg.craigslist.org/cto/d/pinewood-cobalt-sport/7878920741.html,Cobalt sport,craigslist_winnipeg.csv
